[2026-08-19T03:34:12.817Z] errno: -2,
[2026-08-19T03:34:12.817Z] code: 'ENOENT',
[2026-08-19T03:34:12.817Z] syscall: 'open',
[2026-08-19T03:34:12.817Z] path: '/home/ubuntu/orchids-blindy/.next/server/app/api/pomodoro/get-settings/[__metadata_id__]/route/app-paths-manifest.json'
[2026-08-19T03:34:12.817Z] }
[2026-08-19T03:34:12.849Z] ⨯ [Error: ENOENT: no such file or directory, open '/home/ubuntu/orchids-blindy/.next/static/development/_buildManifest.js.tmp.dvxb9kqsfq'] {
[2026-08-19T03:34:12.849Z] errno: -2,
[2026-08-19T03:34:12.849Z] code: 'ENOENT',
[2026-08-19T03:34:12.849Z] syscall: 'open',
[2026-08-19T03:34:12.849Z] path: '/home/ubuntu/orchids-blindy/.next/static/development/_buildManifest.js.tmp.dvxb9kqsfq'
[2026-08-19T03:34:12.849Z] }
[2026-08-19T03:34:12.881Z] [Error: ENOENT: no such file or directory, open '/home/ubuntu/orchids-blindy/.next/static/development/_buildManifest.js.tmp.svbzdwzyk5j'] {
[2026-08-19T03:34:12.881Z] errno: -2,
[2026-08-19T03:34:12.881Z] code: 'ENOENT',
[2026-08-19T03:34:12.881Z] syscall: 'open',
[2026-08-19T03:34:12.881Z] path: '/home/ubuntu/orchids-blindy/.next/static/development/_buildManifest.js.tmp.svbzdwzyk5j'
[2026-08-19T03:34:12.881Z] }
[2026-08-19T03:34:45.572Z] [ELIFECYCLE] Command failed.
[2026-08-19T03:34:45.663Z] [?25h
[2026-08-19T03:34:45.673Z] Dev server exited with code -1
[2026-08-19T03:34:46.752Z] Starting dev server with command: pnpm run dev
[2026-08-19T03:34:47.245Z] $ next dev --turbopack
[2026-08-19T03:34:48.565Z] ▲ Next.js 15.5.7 (Turbopack)
[2026-08-19T03:34:48.565Z] - Local:        http://localhost:3000
[2026-08-19T03:34:48.565Z] - Network:      http://169.254.0.21:3000
[2026-08-19T03:34:48.565Z] ✓ Starting...
[2026-08-19T03:34:49.300Z] ✓ Ready in 1153ms
[2026-08-19T03:34:49.813Z] ○ Compiling / ...
[2026-08-19T03:34:56.382Z] ✓ Compiled / in 7.1s
[2026-08-19T03:34:57.096Z] [PomodoroTimer] Initial categoryDurations from settings: { produtividade: 25, estudos: 50, descanso: 15 }
[2026-08-19T03:34:57.202Z] GET / 200 in 7894ms
[2026-08-19T03:34:57.732Z] ⚠ Blocked cross-origin request from 127.0.0.1 to /_next/* resource. To allow this, configure "allowedDevOrigins" in next.config
[2026-08-19T03:34:57.732Z] Read more: https://nextjs.org/docs/app/api-reference/config/next-config-js/allowedDevOrigins
[2026-08-19T03:35:12.099Z] ✓ Compiled /api/pomodoro/get-settings in 430ms
[2026-08-19T03:35:12.428Z] [API /pomodoro/get-settings] Starting request...
[2026-08-19T03:35:12.636Z] [API /pomodoro/get-settings] User authenticated: 57fc7b0a-5ba0-42fb-ad0c-f15ee32c6df3
[2026-08-19T03:35:12.853Z] [API /pomodoro/get-settings] Categories response: {
[2026-08-19T03:35:12.853Z] count: 3,
[2026-08-19T03:35:12.853Z] error: undefined,
[2026-08-19T03:35:12.853Z] data: [
[2026-08-19T03:35:12.853Z] {
[2026-08-19T03:35:12.853Z] id: '67040b77-248a-420d-8be2-5c5eca65ca8f',
[2026-08-19T03:35:12.853Z] user_id: '57fc7b0a-5ba0-42fb-ad0c-f15ee32c6df3',
[2026-08-19T03:35:12.853Z] name: 'Produzindo',
[2026-08-19T03:35:12.853Z] color: '#ff6600',
[2026-08-19T03:35:12.853Z] duration_minutes: 57,
[2026-08-19T03:35:12.853Z] created_at: '2026-01-19T22:01:03.082007+00:00'
[2026-08-19T03:35:12.853Z] },
[2026-08-19T03:35:12.853Z] {
[2026-08-19T03:35:12.853Z] id: '5e6728b1-cde5-4c8b-a296-116604eadee0',
[2026-08-19T03:35:12.853Z] user_id: '57fc7b0a-5ba0-42fb-ad0c-f15ee32c6df3',
[2026-08-19T03:35:12.853Z] name: 'Estudando',
[2026-08-19T03:35:12.853Z] color: '#002aff',
[2026-08-19T03:35:12.853Z] duration_minutes: 30,
[2026-08-19T03:35:12.853Z] created_at: '2026-01-19T22:01:03.284823+00:00'
[2026-08-19T03:35:12.853Z] },
[2026-08-19T03:35:12.853Z] {
[2026-08-19T03:35:12.853Z] id: '4ec39e04-b451-4c7a-845d-571dc624e600',
[2026-08-19T03:35:12.853Z] user_id: '57fc7b0a-5ba0-42fb-ad0c-f15ee32c6df3',
[2026-08-19T03:35:12.853Z] name: 'Conteúdos',
[2026-08-19T03:35:12.853Z] color: '#00d13f',
[2026-08-19T03:35:12.853Z] duration_minutes: 27,
[2026-08-19T03:35:12.853Z] created_at: '2026-01-19T22:01:03.486292+00:00'
[2026-08-19T03:35:12.853Z] }
[2026-08-19T03:35:12.853Z] ]
[2026-08-19T03:35:12.853Z] }
[2026-08-19T03:35:12.853Z] [API /pomodoro/get-settings] Settings response: {
[2026-08-19T03:35:12.853Z] data: {
[2026-08-19T03:35:12.853Z] id: '6729871f-4efa-4304-a753-1f7dd1859400',
[2026-08-19T03:35:12.853Z] user_id: '57fc7b0a-5ba0-42fb-ad0c-f15ee32c6df3',
[2026-08-19T03:35:12.853Z] short_break_minutes: 5,
[2026-08-19T03:35:12.853Z] long_break_minutes: 15,
[2026-08-19T03:35:12.853Z] cycles_until_long_break: 4,
[2026-08-19T03:35:12.853Z] updated_at: '2026-01-31T22:04:42.725+00:00'
[2026-08-19T03:35:12.853Z] },
[2026-08-19T03:35:12.853Z] error: undefined
[2026-08-19T03:35:12.853Z] }
[2026-08-19T03:35:12.853Z] [API /pomodoro/get-settings] Sessions response: { count: 19, error: undefined }
[2026-08-19T03:35:12.853Z] [API /pomodoro/get-settings] Returning settings with 19 sessions
[2026-08-19T03:35:12.857Z] GET /api/pomodoro/get-settings 200 in 1192ms
[2026-08-19T03:36:11.910Z] [API /pomodoro/get-settings] Starting request...
[2026-08-19T03:36:12.069Z] [API /pomodoro/get-settings] User authenticated: 57fc7b0a-5ba0-42fb-ad0c-f15ee32c6df3
[2026-08-19T03:36:12.246Z] [API /pomodoro/get-settings] Categories response: {
[2026-08-19T03:36:12.246Z] count: 3,
[2026-08-19T03:36:12.246Z] error: undefined,
[2026-08-19T03:36:12.246Z] data: [
[2026-08-19T03:36:12.246Z] {
[2026-08-19T03:36:12.246Z] id: '67040b77-248a-420d-8be2-5c5eca65ca8f',
[2026-08-19T03:36:12.246Z] user_id: '57fc7b0a-5ba0-42fb-ad0c-f15ee32c6df3',
[2026-08-19T03:36:12.246Z] name: 'Produzindo',
[2026-08-19T03:36:12.246Z] color: '#ff6600',
[2026-08-19T03:36:12.246Z] duration_minutes: 57,
[2026-08-19T03:36:12.246Z] created_at: '2026-01-19T22:01:03.082007+00:00'
[2026-08-19T03:36:12.246Z] },
[2026-08-19T03:36:12.246Z] {
[2026-08-19T03:36:12.246Z] id: '5e6728b1-cde5-4c8b-a296-116604eadee0',
[2026-08-19T03:36:12.246Z] user_id: '57fc7b0a-5ba0-42fb-ad0c-f15ee32c6df3',
[2026-08-19T03:36:12.246Z] name: 'Estudando',
[2026-08-19T03:36:12.246Z] color: '#002aff',
[2026-08-19T03:36:12.246Z] duration_minutes: 30,
[2026-08-19T03:36:12.246Z] created_at: '2026-01-19T22:01:03.284823+00:00'
[2026-08-19T03:36:12.246Z] },
[2026-08-19T03:36:12.246Z] {
[2026-08-19T03:36:12.246Z] id: '4ec39e04-b451-4c7a-845d-571dc624e600',
[2026-08-19T03:36:12.246Z] user_id: '57fc7b0a-5ba0-42fb-ad0c-f15ee32c6df3',
[2026-08-19T03:36:12.246Z] name: 'Conteúdos',
[2026-08-19T03:36:12.246Z] color: '#00d13f',
[2026-08-19T03:36:12.246Z] duration_minutes: 27,
[2026-08-19T03:36:12.246Z] created_at: '2026-01-19T22:01:03.486292+00:00'
[2026-08-19T03:36:12.246Z] }
[2026-08-19T03:36:12.246Z] ]
[2026-08-19T03:36:12.246Z] }
[2026-08-19T03:36:12.246Z] [API /pomodoro/get-settings] Settings response: {
[2026-08-19T03:36:12.246Z] data: {
[2026-08-19T03:36:12.246Z] id: '6729871f-4efa-4304-a753-1f7dd1859400',
[2026-08-19T03:36:12.246Z] user_id: '57fc7b0a-5ba0-42fb-ad0c-f15ee32c6df3',
[2026-08-19T03:36:12.246Z] short_break_minutes: 5,
[2026-08-19T03:36:12.246Z] long_break_minutes: 15,
[2026-08-19T03:36:12.246Z] cycles_until_long_break: 4,
[2026-08-19T03:36:12.246Z] updated_at: '2026-01-31T22:04:42.725+00:00'
[2026-08-19T03:36:12.246Z] },
[2026-08-19T03:36:12.246Z] error: undefined
[2026-08-19T03:36:12.246Z] }
[2026-08-19T03:36:12.246Z] [API /pomodoro/get-settings] Sessions response: { count: 19, error: undefined }
[2026-08-19T03:36:12.246Z] [API /pomodoro/get-settings] Returning settings with 19 sessions
[2026-08-19T03:36:12.248Z] GET /api/pomodoro/get-settings 200 in 588ms
[2026-08-19T03:36:59.764Z] [API /pomodoro/get-settings] Starting request...
[2026-08-19T03:36:59.908Z] [API /pomodoro/get-settings] User authenticated: 57fc7b0a-5ba0-42fb-ad0c-f15ee32c6df3
[2026-08-19T03:37:00.105Z] [API /pomodoro/get-settings] Categories response: {
[2026-08-19T03:37:00.105Z] count: 3,
[2026-08-19T03:37:00.105Z] error: undefined,
[2026-08-19T03:37:00.105Z] data: [
[2026-08-19T03:37:00.105Z] {
[2026-08-19T03:37:00.105Z] id: '67040b77-248a-420d-8be2-5c5eca65ca8f',
[2026-08-19T03:37:00.105Z] user_id: '57fc7b0a-5ba0-42fb-ad0c-f15ee32c6df3',
[2026-08-19T03:37:00.105Z] name: 'Produzindo',
[2026-08-19T03:37:00.105Z] color: '#ff6600',
[2026-08-19T03:37:00.105Z] duration_minutes: 57,
[2026-08-19T03:37:00.105Z] created_at: '2026-01-19T22:01:03.082007+00:00'
[2026-08-19T03:37:00.105Z] },
[2026-08-19T03:37:00.105Z] {
[2026-08-19T03:37:00.105Z] id: '5e6728b1-cde5-4c8b-a296-116604eadee0',
[2026-08-19T03:37:00.105Z] user_id: '57fc7b0a-5ba0-42fb-ad0c-f15ee32c6df3',
[2026-08-19T03:37:00.105Z] name: 'Estudando',
[2026-08-19T03:37:00.105Z] color: '#002aff',
[2026-08-19T03:37:00.105Z] duration_minutes: 30,
[2026-08-19T03:37:00.105Z] created_at: '2026-01-19T22:01:03.284823+00:00'
[2026-08-19T03:37:00.105Z] },
[2026-08-19T03:37:00.105Z] {
[2026-08-19T03:37:00.105Z] id: '4ec39e04-b451-4c7a-845d-571dc624e600',
[2026-08-19T03:37:00.105Z] user_id: '57fc7b0a-5ba0-42fb-ad0c-f15ee32c6df3',
[2026-08-19T03:37:00.105Z] name: 'Conteúdos',
[2026-08-19T03:37:00.105Z] color: '#00d13f',
[2026-08-19T03:37:00.105Z] duration_minutes: 27,
[2026-08-19T03:37:00.105Z] created_at: '2026-01-19T22:01:03.486292+00:00'
[2026-08-19T03:37:00.105Z] }
[2026-08-19T03:37:00.105Z] ]
[2026-08-19T03:37:00.105Z] }
[2026-08-19T03:37:00.105Z] [API /pomodoro/get-settings] Settings response: {
[2026-08-19T03:37:00.105Z] data: {
[2026-08-19T03:37:00.105Z] id: '6729871f-4efa-4304-a753-1f7dd1859400',
[2026-08-19T03:37:00.105Z] user_id: '57fc7b0a-5ba0-42fb-ad0c-f15ee32c6df3',
[2026-08-19T03:37:00.105Z] short_break_minutes: 5,
[2026-08-19T03:37:00.105Z] long_break_minutes: 15,
[2026-08-19T03:37:00.105Z] cycles_until_long_break: 4,
[2026-08-19T03:37:00.105Z] updated_at: '2026-01-31T22:04:42.725+00:00'
[2026-08-19T03:37:00.105Z] },
[2026-08-19T03:37:00.106Z] error: undefined
[2026-08-19T03:37:00.106Z] }
[2026-08-19T03:37:00.106Z] [API /pomodoro/get-settings] Sessions response: { count: 19, error: undefined }
[2026-08-19T03:37:00.106Z] [API /pomodoro/get-settings] Returning settings with 19 sessions
[2026-08-19T03:37:00.106Z] GET /api/pomodoro/get-settings 200 in 583ms
[2026-08-19T03:37:02.267Z] [PomodoroTimer] Initial categoryDurations from settings: { produtividade: 25, estudos: 50, descanso: 15 }
[2026-08-19T03:37:02.315Z] GET / 200 in 148ms
[2026-08-19T03:37:05.847Z] ⚠ Blocked cross-origin request from 3000-ih0lty215c9qdqm3to6te-a91e88fb.us4.manus.computer to /_next/* resource. To allow this, configure "allowedDevOrigins" in next.config
[2026-08-19T03:37:05.847Z] Read more: https://nextjs.org/docs/app/api-reference/config/next-config-js/allowedDevOrigins
[2026-08-19T03:37:06.897Z] [API /pomodoro/get-settings] Starting request...
[2026-08-19T03:37:07.047Z] [API /pomodoro/get-settings] User authenticated: 57fc7b0a-5ba0-42fb-ad0c-f15ee32c6df3
[2026-08-19T03:37:07.179Z] [API /pomodoro/get-settings] Categories response: {
[2026-08-19T03:37:07.179Z] count: 3,
[2026-08-19T03:37:07.179Z] error: undefined,
[2026-08-19T03:37:07.179Z] data: [
[2026-08-19T03:37:07.179Z] {
[2026-08-19T03:37:07.179Z] id: '67040b77-248a-420d-8be2-5c5eca65ca8f',
[2026-08-19T03:37:07.179Z] user_id: '57fc7b0a-5ba0-42fb-ad0c-f15ee32c6df3',
[2026-08-19T03:37:07.179Z] name: 'Produzindo',
[2026-08-19T03:37:07.179Z] color: '#ff6600',
[2026-08-19T03:37:07.179Z] duration_minutes: 57,
[2026-08-19T03:37:07.179Z] created_at: '2026-01-19T22:01:03.082007+00:00'
[2026-08-19T03:37:07.179Z] },
[2026-08-19T03:37:07.179Z] {
[2026-08-19T03:37:07.179Z] id: '5e6728b1-cde5-4c8b-a296-116604eadee0',
[2026-08-19T03:37:07.179Z] user_id: '57fc7b0a-5ba0-42fb-ad0c-f15ee32c6df3',
[2026-08-19T03:37:07.179Z] name: 'Estudando',
[2026-08-19T03:37:07.179Z] color: '#002aff',
[2026-08-19T03:37:07.179Z] duration_minutes: 30,
[2026-08-19T03:37:07.179Z] created_at: '2026-01-19T22:01:03.284823+00:00'
[2026-08-19T03:37:07.179Z] },
[2026-08-19T03:37:07.179Z] {
[2026-08-19T03:37:07.179Z] id: '4ec39e04-b451-4c7a-845d-571dc624e600',
[2026-08-19T03:37:07.179Z] user_id: '57fc7b0a-5ba0-42fb-ad0c-f15ee32c6df3',
[2026-08-19T03:37:07.179Z] name: 'Conteúdos',
[2026-08-19T03:37:07.179Z] color: '#00d13f',
[2026-08-19T03:37:07.179Z] duration_minutes: 27,
[2026-08-19T03:37:07.180Z] created_at: '2026-01-19T22:01:03.486292+00:00'
[2026-08-19T03:37:07.180Z] }
[2026-08-19T03:37:07.180Z] ]
[2026-08-19T03:37:07.180Z] }
[2026-08-19T03:37:07.180Z] [API /pomodoro/get-settings] Settings response: {
[2026-08-19T03:37:07.180Z] data: {
[2026-08-19T03:37:07.180Z] id: '6729871f-4efa-4304-a753-1f7dd1859400',
[2026-08-19T03:37:07.180Z] user_id: '57fc7b0a-5ba0-42fb-ad0c-f15ee32c6df3',
[2026-08-19T03:37:07.180Z] short_break_minutes: 5,
[2026-08-19T03:37:07.180Z] long_break_minutes: 15,
[2026-08-19T03:37:07.180Z] cycles_until_long_break: 4,
[2026-08-19T03:37:07.180Z] updated_at: '2026-01-31T22:04:42.725+00:00'
[2026-08-19T03:37:07.180Z] },
[2026-08-19T03:37:07.180Z] error: undefined
[2026-08-19T03:37:07.180Z] }
[2026-08-19T03:37:07.180Z] [API /pomodoro/get-settings] Sessions response: { count: 19, error: undefined }
[2026-08-19T03:37:07.180Z] [API /pomodoro/get-settings] Returning settings with 19 sessions
[2026-08-19T03:37:07.181Z] GET /api/pomodoro/get-settings 200 in 522ms
[2026-08-19T03:38:06.901Z] [API /pomodoro/get-settings] Starting request...
[2026-08-19T03:38:07.105Z] [API /pomodoro/get-settings] User authenticated: 57fc7b0a-5ba0-42fb-ad0c-f15ee32c6df3
[2026-08-19T03:38:07.260Z] [API /pomodoro/get-settings] Categories response: {
[2026-08-19T03:38:07.261Z] count: 3,
[2026-08-19T03:38:07.261Z] error: undefined,
[2026-08-19T03:38:07.261Z] data: [
[2026-08-19T03:38:07.261Z] {
[2026-08-19T03:38:07.261Z] id: '67040b77-248a-420d-8be2-5c5eca65ca8f',
[2026-08-19T03:38:07.261Z] user_id: '57fc7b0a-5ba0-42fb-ad0c-f15ee32c6df3',
[2026-08-19T03:38:07.261Z] name: 'Produzindo',
[2026-08-19T03:38:07.261Z] color: '#ff6600',
[2026-08-19T03:38:07.261Z] duration_minutes: 57,
[2026-08-19T03:38:07.261Z] created_at: '2026-01-19T22:01:03.082007+00:00'
[2026-08-19T03:38:07.261Z] },
[2026-08-19T03:38:07.261Z] {
[2026-08-19T03:38:07.261Z] id: '5e6728b1-cde5-4c8b-a296-116604eadee0',
[2026-08-19T03:38:07.261Z] user_id: '57fc7b0a-5ba0-42fb-ad0c-f15ee32c6df3',
[2026-08-19T03:38:07.261Z] name: 'Estudando',
[2026-08-19T03:38:07.261Z] color: '#002aff',
[2026-08-19T03:38:07.261Z] duration_minutes: 30,
[2026-08-19T03:38:07.261Z] created_at: '2026-01-19T22:01:03.284823+00:00'
[2026-08-19T03:38:07.261Z] },
[2026-08-19T03:38:07.261Z] {
[2026-08-19T03:38:07.261Z] id: '4ec39e04-b451-4c7a-845d-571dc624e600',
[2026-08-19T03:38:07.261Z] user_id: '57fc7b0a-5ba0-42fb-ad0c-f15ee32c6df3',
[2026-08-19T03:38:07.261Z] name: 'Conteúdos',
[2026-08-19T03:38:07.261Z] color: '#00d13f',
[2026-08-19T03:38:07.261Z] duration_minutes: 27,
[2026-08-19T03:38:07.261Z] created_at: '2026-01-19T22:01:03.486292+00:00'
[2026-08-19T03:38:07.261Z] }
[2026-08-19T03:38:07.261Z] ]
[2026-08-19T03:38:07.261Z] }
[2026-08-19T03:38:07.261Z] [API /pomodoro/get-settings] Settings response: {
[2026-08-19T03:38:07.261Z] data: {
[2026-08-19T03:38:07.261Z] id: '6729871f-4efa-4304-a753-1f7dd1859400',
[2026-08-19T03:38:07.261Z] user_id: '57fc7b0a-5ba0-42fb-ad0c-f15ee32c6df3',
[2026-08-19T03:38:07.261Z] short_break_minutes: 5,
[2026-08-19T03:38:07.261Z] long_break_minutes: 15,
[2026-08-19T03:38:07.261Z] cycles_until_long_break: 4,
[2026-08-19T03:38:07.261Z] updated_at: '2026-01-31T22:04:42.725+00:00'
[2026-08-19T03:38:07.261Z] },
[2026-08-19T03:38:07.261Z] error: undefined
[2026-08-19T03:38:07.261Z] }
[2026-08-19T03:38:07.261Z] [API /pomodoro/get-settings] Sessions response: { count: 19, error: undefined }
[2026-08-19T03:38:07.261Z] [API /pomodoro/get-settings] Returning settings with 19 sessions
[2026-08-19T03:38:07.262Z] GET /api/pomodoro/get-settings 200 in 601ms
[2026-08-19T03:39:06.899Z] [API /pomodoro/get-settings] Starting request...
[2026-08-19T03:39:07.093Z] [API /pomodoro/get-settings] User authenticated: 57fc7b0a-5ba0-42fb-ad0c-f15ee32c6df3
[2026-08-19T03:39:07.235Z] [API /pomodoro/get-settings] Categories response: {
[2026-08-19T03:39:07.235Z] count: 3,
[2026-08-19T03:39:07.235Z] error: undefined,
[2026-08-19T03:39:07.235Z] data: [
[2026-08-19T03:39:07.235Z] {
[2026-08-19T03:39:07.235Z] id: '67040b77-248a-420d-8be2-5c5eca65ca8f',
[2026-08-19T03:39:07.235Z] user_id: '57fc7b0a-5ba0-42fb-ad0c-f15ee32c6df3',
[2026-08-19T03:39:07.235Z] name: 'Produzindo',
[2026-08-19T03:39:07.235Z] color: '#ff6600',
[2026-08-19T03:39:07.235Z] duration_minutes: 57,
[2026-08-19T03:39:07.235Z] created_at: '2026-01-19T22:01:03.082007+00:00'
[2026-08-19T03:39:07.235Z] },
[2026-08-19T03:39:07.235Z] {
[2026-08-19T03:39:07.235Z] id: '5e6728b1-cde5-4c8b-a296-116604eadee0',
[2026-08-19T03:39:07.235Z] user_id: '57fc7b0a-5ba0-42fb-ad0c-f15ee32c6df3',
[2026-08-19T03:39:07.235Z] name: 'Estudando',
[2026-08-19T03:39:07.235Z] color: '#002aff',
[2026-08-19T03:39:07.235Z] duration_minutes: 30,
[2026-08-19T03:39:07.235Z] created_at: '2026-01-19T22:01:03.284823+00:00'
[2026-08-19T03:39:07.235Z] },
[2026-08-19T03:39:07.235Z] {
[2026-08-19T03:39:07.235Z] id: '4ec39e04-b451-4c7a-845d-571dc624e600',
[2026-08-19T03:39:07.236Z] user_id: '57fc7b0a-5ba0-42fb-ad0c-f15ee32c6df3',
[2026-08-19T03:39:07.236Z] name: 'Conteúdos',
[2026-08-19T03:39:07.236Z] color: '#00d13f',
[2026-08-19T03:39:07.236Z] duration_minutes: 27,
[2026-08-19T03:39:07.236Z] created_at: '2026-01-19T22:01:03.486292+00:00'
[2026-08-19T03:39:07.236Z] }
[2026-08-19T03:39:07.236Z] ]
[2026-08-19T03:39:07.236Z] }
[2026-08-19T03:39:07.236Z] [API /pomodoro/get-settings] Settings response: {
[2026-08-19T03:39:07.236Z] data: {
[2026-08-19T03:39:07.236Z] id: '6729871f-4efa-4304-a753-1f7dd1859400',
[2026-08-19T03:39:07.236Z] user_id: '57fc7b0a-5ba0-42fb-ad0c-f15ee32c6df3',
[2026-08-19T03:39:07.236Z] short_break_minutes: 5,
[2026-08-19T03:39:07.236Z] long_break_minutes: 15,
[2026-08-19T03:39:07.236Z] cycles_until_long_break: 4,
[2026-08-19T03:39:07.236Z] updated_at: '2026-01-31T22:04:42.725+00:00'
[2026-08-19T03:39:07.236Z] },
[2026-08-19T03:39:07.236Z] error: undefined
[2026-08-19T03:39:07.236Z] }
[2026-08-19T03:39:07.236Z] [API /pomodoro/get-settings] Sessions response: { count: 19, error: undefined }
[2026-08-19T03:39:07.236Z] [API /pomodoro/get-settings] Returning settings with 19 sessions
[2026-08-19T03:39:07.237Z] GET /api/pomodoro/get-settings 200 in 573ms
[2026-08-19T03:39:53.679Z] [PomodoroTimer] Initial categoryDurations from settings: { produtividade: 25, estudos: 50, descanso: 15 }
[2026-08-19T03:39:53.722Z] GET / 200 in 155ms
[2026-08-19T03:39:57.309Z] [API /pomodoro/get-settings] Starting request...
[2026-08-19T03:39:57.453Z] [API /pomodoro/get-settings] User authenticated: 57fc7b0a-5ba0-42fb-ad0c-f15ee32c6df3
[2026-08-19T03:39:57.613Z] [API /pomodoro/get-settings] Categories response: {
[2026-08-19T03:39:57.613Z] count: 3,
[2026-08-19T03:39:57.613Z] error: undefined,
[2026-08-19T03:39:57.613Z] data: [
[2026-08-19T03:39:57.613Z] {
[2026-08-19T03:39:57.613Z] id: '67040b77-248a-420d-8be2-5c5eca65ca8f',
[2026-08-19T03:39:57.613Z] user_id: '57fc7b0a-5ba0-42fb-ad0c-f15ee32c6df3',
[2026-08-19T03:39:57.613Z] name: 'Produzindo',
[2026-08-19T03:39:57.613Z] color: '#ff6600',
[2026-08-19T03:39:57.613Z] duration_minutes: 57,
[2026-08-19T03:39:57.613Z] created_at: '2026-01-19T22:01:03.082007+00:00'
[2026-08-19T03:39:57.613Z] },
[2026-08-19T03:39:57.613Z] {
[2026-08-19T03:39:57.613Z] id: '5e6728b1-cde5-4c8b-a296-116604eadee0',
[2026-08-19T03:39:57.613Z] user_id: '57fc7b0a-5ba0-42fb-ad0c-f15ee32c6df3',
[2026-08-19T03:39:57.613Z] name: 'Estudando',
[2026-08-19T03:39:57.613Z] color: '#002aff',
[2026-08-19T03:39:57.613Z] duration_minutes: 30,
[2026-08-19T03:39:57.613Z] created_at: '2026-01-19T22:01:03.284823+00:00'
[2026-08-19T03:39:57.613Z] },
[2026-08-19T03:39:57.613Z] {
[2026-08-19T03:39:57.613Z] id: '4ec39e04-b451-4c7a-845d-571dc624e600',
[2026-08-19T03:39:57.613Z] user_id: '57fc7b0a-5ba0-42fb-ad0c-f15ee32c6df3',
[2026-08-19T03:39:57.613Z] name: 'Conteúdos',
[2026-08-19T03:39:57.613Z] color: '#00d13f',
[2026-08-19T03:39:57.613Z] duration_minutes: 27,
[2026-08-19T03:39:57.613Z] created_at: '2026-01-19T22:01:03.486292+00:00'
[2026-08-19T03:39:57.613Z] }
[2026-08-19T03:39:57.613Z] ]
[2026-08-19T03:39:57.613Z] }
[2026-08-19T03:39:57.613Z] [API /pomodoro/get-settings] Settings response: {
[2026-08-19T03:39:57.613Z] data: {
[2026-08-19T03:39:57.613Z] id: '6729871f-4efa-4304-a753-1f7dd1859400',
[2026-08-19T03:39:57.613Z] user_id: '57fc7b0a-5ba0-42fb-ad0c-f15ee32c6df3',
[2026-08-19T03:39:57.613Z] short_break_minutes: 5,
[2026-08-19T03:39:57.613Z] long_break_minutes: 15,
[2026-08-19T03:39:57.613Z] cycles_until_long_break: 4,
[2026-08-19T03:39:57.613Z] updated_at: '2026-01-31T22:04:42.725+00:00'
[2026-08-19T03:39:57.613Z] },
[2026-08-19T03:39:57.613Z] error: undefined
[2026-08-19T03:39:57.613Z] }
[2026-08-19T03:39:57.613Z] [API /pomodoro/get-settings] Sessions response: { count: 19, error: undefined }
[2026-08-19T03:39:57.613Z] [API /pomodoro/get-settings] Returning settings with 19 sessions
[2026-08-19T03:39:57.614Z] GET /api/pomodoro/get-settings 200 in 542ms
[2026-08-19T03:40:57.901Z] [API /pomodoro/get-settings] Starting request...
[2026-08-19T03:40:58.117Z] [API /pomodoro/get-settings] User authenticated: 57fc7b0a-5ba0-42fb-ad0c-f15ee32c6df3
[2026-08-19T03:40:58.277Z] [API /pomodoro/get-settings] Categories response: {
[2026-08-19T03:40:58.277Z] count: 3,
[2026-08-19T03:40:58.277Z] error: undefined,
[2026-08-19T03:40:58.277Z] data: [
[2026-08-19T03:40:58.277Z] {
[2026-08-19T03:40:58.277Z] id: '67040b77-248a-420d-8be2-5c5eca65ca8f',
[2026-08-19T03:40:58.277Z] user_id: '57fc7b0a-5ba0-42fb-ad0c-f15ee32c6df3',
[2026-08-19T03:40:58.277Z] name: 'Produzindo',
[2026-08-19T03:40:58.277Z] color: '#ff6600',
[2026-08-19T03:40:58.277Z] duration_minutes: 57,
[2026-08-19T03:40:58.277Z] created_at: '2026-01-19T22:01:03.082007+00:00'
[2026-08-19T03:40:58.277Z] },
[2026-08-19T03:40:58.277Z] {
[2026-08-19T03:40:58.277Z] id: '5e6728b1-cde5-4c8b-a296-116604eadee0',
[2026-08-19T03:40:58.278Z] user_id: '57fc7b0a-5ba0-42fb-ad0c-f15ee32c6df3',
[2026-08-19T03:40:58.278Z] name: 'Estudando',
[2026-08-19T03:40:58.278Z] color: '#002aff',
[2026-08-19T03:40:58.278Z] duration_minutes: 30,
[2026-08-19T03:40:58.278Z] created_at: '2026-01-19T22:01:03.284823+00:00'
[2026-08-19T03:40:58.278Z] },
[2026-08-19T03:40:58.278Z] {
[2026-08-19T03:40:58.278Z] id: '4ec39e04-b451-4c7a-845d-571dc624e600',
[2026-08-19T03:40:58.278Z] user_id: '57fc7b0a-5ba0-42fb-ad0c-f15ee32c6df3',
[2026-08-19T03:40:58.278Z] name: 'Conteúdos',
[2026-08-19T03:40:58.278Z] color: '#00d13f',
[2026-08-19T03:40:58.278Z] duration_minutes: 27,
[2026-08-19T03:40:58.278Z] created_at: '2026-01-19T22:01:03.486292+00:00'
[2026-08-19T03:40:58.278Z] }
[2026-08-19T03:40:58.278Z] ]
[2026-08-19T03:40:58.278Z] }
[2026-08-19T03:40:58.278Z] [API /pomodoro/get-settings] Settings response: {
[2026-08-19T03:40:58.278Z] data: {
[2026-08-19T03:40:58.278Z] id: '6729871f-4efa-4304-a753-1f7dd1859400',
[2026-08-19T03:40:58.278Z] user_id: '57fc7b0a-5ba0-42fb-ad0c-f15ee32c6df3',
[2026-08-19T03:40:58.278Z] short_break_minutes: 5,
[2026-08-19T03:40:58.278Z] long_break_minutes: 15,
[2026-08-19T03:40:58.278Z] cycles_until_long_break: 4,
[2026-08-19T03:40:58.278Z] updated_at: '2026-01-31T22:04:42.725+00:00'
[2026-08-19T03:40:58.278Z] },
[2026-08-19T03:40:58.278Z] error: undefined
[2026-08-19T03:40:58.278Z] }
[2026-08-19T03:40:58.278Z] [API /pomodoro/get-settings] Sessions response: { count: 19, error: undefined }
[2026-08-19T03:40:58.278Z] [API /pomodoro/get-settings] Returning settings with 19 sessions
[2026-08-19T03:40:58.279Z] GET /api/pomodoro/get-settings 200 in 613ms
[2026-08-19T03:41:42.536Z] [PomodoroTimer] Initial categoryDurations from settings: { produtividade: 25, estudos: 50, descanso: 15 }
[2026-08-19T03:41:42.589Z] GET / 200 in 732ms
[2026-08-19T03:41:46.908Z] [API /pomodoro/get-settings] Starting request...
[2026-08-19T03:41:47.122Z] [API /pomodoro/get-settings] User authenticated: 57fc7b0a-5ba0-42fb-ad0c-f15ee32c6df3
[2026-08-19T03:41:47.261Z] [API /pomodoro/get-settings] Categories response: {
[2026-08-19T03:41:47.261Z] count: 3,
[2026-08-19T03:41:47.261Z] error: undefined,
[2026-08-19T03:41:47.261Z] data: [
[2026-08-19T03:41:47.261Z] {
[2026-08-19T03:41:47.261Z] id: '67040b77-248a-420d-8be2-5c5eca65ca8f',
[2026-08-19T03:41:47.261Z] user_id: '57fc7b0a-5ba0-42fb-ad0c-f15ee32c6df3',
[2026-08-19T03:41:47.261Z] name: 'Produzindo',
[2026-08-19T03:41:47.261Z] color: '#ff6600',
[2026-08-19T03:41:47.261Z] duration_minutes: 57,
[2026-08-19T03:41:47.261Z] created_at: '2026-01-19T22:01:03.082007+00:00'
[2026-08-19T03:41:47.261Z] },
[2026-08-19T03:41:47.261Z] {
[2026-08-19T03:41:47.261Z] id: '5e6728b1-cde5-4c8b-a296-116604eadee0',
[2026-08-19T03:41:47.261Z] user_id: '57fc7b0a-5ba0-42fb-ad0c-f15ee32c6df3',
[2026-08-19T03:41:47.261Z] name: 'Estudando',
[2026-08-19T03:41:47.261Z] color: '#002aff',
[2026-08-19T03:41:47.261Z] duration_minutes: 30,
[2026-08-19T03:41:47.261Z] created_at: '2026-01-19T22:01:03.284823+00:00'
[2026-08-19T03:41:47.261Z] },
[2026-08-19T03:41:47.261Z] {
[2026-08-19T03:41:47.261Z] id: '4ec39e04-b451-4c7a-845d-571dc624e600',
[2026-08-19T03:41:47.261Z] user_id: '57fc7b0a-5ba0-42fb-ad0c-f15ee32c6df3',
[2026-08-19T03:41:47.261Z] name: 'Conteúdos',
[2026-08-19T03:41:47.261Z] color: '#00d13f',
[2026-08-19T03:41:47.261Z] duration_minutes: 27,
[2026-08-19T03:41:47.261Z] created_at: '2026-01-19T22:01:03.486292+00:00'
[2026-08-19T03:41:47.261Z] }
[2026-08-19T03:41:47.261Z] ]
[2026-08-19T03:41:47.261Z] }
[2026-08-19T03:41:47.261Z] [API /pomodoro/get-settings] Settings response: {
[2026-08-19T03:41:47.261Z] data: {
[2026-08-19T03:41:47.261Z] id: '6729871f-4efa-4304-a753-1f7dd1859400',
[2026-08-19T03:41:47.261Z] user_id: '57fc7b0a-5ba0-42fb-ad0c-f15ee32c6df3',
[2026-08-19T03:41:47.261Z] short_break_minutes: 5,
[2026-08-19T03:41:47.261Z] long_break_minutes: 15,
[2026-08-19T03:41:47.261Z] cycles_until_long_break: 4,
[2026-08-19T03:41:47.261Z] updated_at: '2026-01-31T22:04:42.725+00:00'
[2026-08-19T03:41:47.261Z] },
[2026-08-19T03:41:47.261Z] error: undefined
[2026-08-19T03:41:47.261Z] }
[2026-08-19T03:41:47.261Z] [API /pomodoro/get-settings] Sessions response: { count: 19, error: undefined }
[2026-08-19T03:41:47.261Z] [API /pomodoro/get-settings] Returning settings with 19 sessions
[2026-08-19T03:41:47.262Z] GET /api/pomodoro/get-settings 200 in 589ms
[2026-08-19T03:42:46.923Z] [API /pomodoro/get-settings] Starting request...
[2026-08-19T03:42:47.065Z] [API /pomodoro/get-settings] User authenticated: 57fc7b0a-5ba0-42fb-ad0c-f15ee32c6df3
[2026-08-19T03:42:47.267Z] [API /pomodoro/get-settings] Categories response: {
[2026-08-19T03:42:47.267Z] count: 3,
[2026-08-19T03:42:47.267Z] error: undefined,
[2026-08-19T03:42:47.267Z] data: [
[2026-08-19T03:42:47.267Z] {
[2026-08-19T03:42:47.267Z] id: '67040b77-248a-420d-8be2-5c5eca65ca8f',
[2026-08-19T03:42:47.267Z] user_id: '57fc7b0a-5ba0-42fb-ad0c-f15ee32c6df3',
[2026-08-19T03:42:47.267Z] name: 'Produzindo',
[2026-08-19T03:42:47.267Z] color: '#ff6600',
[2026-08-19T03:42:47.267Z] duration_minutes: 57,
[2026-08-19T03:42:47.267Z] created_at: '2026-01-19T22:01:03.082007+00:00'
[2026-08-19T03:42:47.267Z] },
[2026-08-19T03:42:47.267Z] {
[2026-08-19T03:42:47.267Z] id: '5e6728b1-cde5-4c8b-a296-116604eadee0',
[2026-08-19T03:42:47.267Z] user_id: '57fc7b0a-5ba0-42fb-ad0c-f15ee32c6df3',
[2026-08-19T03:42:47.267Z] name: 'Estudando',
[2026-08-19T03:42:47.267Z] color: '#002aff',
[2026-08-19T03:42:47.267Z] duration_minutes: 30,
[2026-08-19T03:42:47.267Z] created_at: '2026-01-19T22:01:03.284823+00:00'
[2026-08-19T03:42:47.267Z] },
[2026-08-19T03:42:47.267Z] {
[2026-08-19T03:42:47.267Z] id: '4ec39e04-b451-4c7a-845d-571dc624e600',
[2026-08-19T03:42:47.267Z] user_id: '57fc7b0a-5ba0-42fb-ad0c-f15ee32c6df3',
[2026-08-19T03:42:47.267Z] name: 'Conteúdos',
[2026-08-19T03:42:47.267Z] color: '#00d13f',
[2026-08-19T03:42:47.267Z] duration_minutes: 27,
[2026-08-19T03:42:47.267Z] created_at: '2026-01-19T22:01:03.486292+00:00'
[2026-08-19T03:42:47.267Z] }
[2026-08-19T03:42:47.267Z] ]
[2026-08-19T03:42:47.267Z] }
[2026-08-19T03:42:47.267Z] [API /pomodoro/get-settings] Settings response: {
[2026-08-19T03:42:47.267Z] data: {
[2026-08-19T03:42:47.267Z] id: '6729871f-4efa-4304-a753-1f7dd1859400',
[2026-08-19T03:42:47.267Z] user_id: '57fc7b0a-5ba0-42fb-ad0c-f15ee32c6df3',
[2026-08-19T03:42:47.267Z] short_break_minutes: 5,
[2026-08-19T03:42:47.267Z] long_break_minutes: 15,
[2026-08-19T03:42:47.267Z] cycles_until_long_break: 4,
[2026-08-19T03:42:47.267Z] updated_at: '2026-01-31T22:04:42.725+00:00'
[2026-08-19T03:42:47.267Z] },
[2026-08-19T03:42:47.267Z] error: undefined
[2026-08-19T03:42:47.267Z] }
[2026-08-19T03:42:47.267Z] [API /pomodoro/get-settings] Sessions response: { count: 19, error: undefined }
[2026-08-19T03:42:47.267Z] [API /pomodoro/get-settings] Returning settings with 19 sessions
[2026-08-19T03:42:47.268Z] GET /api/pomodoro/get-settings 200 in 602ms
[2026-08-19T03:43:10.008Z] [PomodoroTimer] Initial categoryDurations from settings: { produtividade: 25, estudos: 50, descanso: 15 }
[2026-08-19T03:43:10.048Z] GET / 200 in 137ms
[2026-08-19T03:43:46.942Z] [API /pomodoro/get-settings] Starting request...
[2026-08-19T03:43:47.167Z] [API /pomodoro/get-settings] User authenticated: 57fc7b0a-5ba0-42fb-ad0c-f15ee32c6df3
[2026-08-19T03:43:47.358Z] [API /pomodoro/get-settings] Categories response: {
[2026-08-19T03:43:47.358Z] count: 3,
[2026-08-19T03:43:47.358Z] error: undefined,
[2026-08-19T03:43:47.358Z] data: [
[2026-08-19T03:43:47.358Z] {
[2026-08-19T03:43:47.358Z] id: '67040b77-248a-420d-8be2-5c5eca65ca8f',
[2026-08-19T03:43:47.358Z] user_id: '57fc7b0a-5ba0-42fb-ad0c-f15ee32c6df3',
[2026-08-19T03:43:47.358Z] name: 'Produzindo',
[2026-08-19T03:43:47.358Z] color: '#ff6600',
[2026-08-19T03:43:47.358Z] duration_minutes: 57,
[2026-08-19T03:43:47.358Z] created_at: '2026-01-19T22:01:03.082007+00:00'
[2026-08-19T03:43:47.358Z] },
[2026-08-19T03:43:47.358Z] {
[2026-08-19T03:43:47.358Z] id: '5e6728b1-cde5-4c8b-a296-116604eadee0',
[2026-08-19T03:43:47.358Z] user_id: '57fc7b0a-5ba0-42fb-ad0c-f15ee32c6df3',
[2026-08-19T03:43:47.358Z] name: 'Estudando',
[2026-08-19T03:43:47.358Z] color: '#002aff',
[2026-08-19T03:43:47.358Z] duration_minutes: 30,
[2026-08-19T03:43:47.358Z] created_at: '2026-01-19T22:01:03.284823+00:00'
[2026-08-19T03:43:47.358Z] },
[2026-08-19T03:43:47.358Z] {
[2026-08-19T03:43:47.358Z] id: '4ec39e04-b451-4c7a-845d-571dc624e600',
[2026-08-19T03:43:47.358Z] user_id: '57fc7b0a-5ba0-42fb-ad0c-f15ee32c6df3',
[2026-08-19T03:43:47.358Z] name: 'Conteúdos',
[2026-08-19T03:43:47.358Z] color: '#00d13f',
[2026-08-19T03:43:47.358Z] duration_minutes: 27,
[2026-08-19T03:43:47.358Z] created_at: '2026-01-19T22:01:03.486292+00:00'
[2026-08-19T03:43:47.358Z] }
[2026-08-19T03:43:47.358Z] ]
[2026-08-19T03:43:47.358Z] }
[2026-08-19T03:43:47.358Z] [API /pomodoro/get-settings] Settings response: {
[2026-08-19T03:43:47.358Z] data: {
[2026-08-19T03:43:47.358Z] id: '6729871f-4efa-4304-a753-1f7dd1859400',
[2026-08-19T03:43:47.358Z] user_id: '57fc7b0a-5ba0-42fb-ad0c-f15ee32c6df3',
[2026-08-19T03:43:47.358Z] short_break_minutes: 5,
[2026-08-19T03:43:47.358Z] long_break_minutes: 15,
[2026-08-19T03:43:47.358Z] cycles_until_long_break: 4,
[2026-08-19T03:43:47.358Z] updated_at: '2026-01-31T22:04:42.725+00:00'
[2026-08-19T03:43:47.358Z] },
[2026-08-19T03:43:47.358Z] error: undefined
[2026-08-19T03:43:47.358Z] }
[2026-08-19T03:43:47.358Z] [API /pomodoro/get-settings] Sessions response: { count: 19, error: undefined }
[2026-08-19T03:43:47.358Z] [API /pomodoro/get-settings] Returning settings with 19 sessions
[2026-08-19T03:43:47.360Z] GET /api/pomodoro/get-settings 200 in 677ms
[2026-08-19T03:44:46.943Z] [API /pomodoro/get-settings] Starting request...
[2026-08-19T03:44:47.310Z] [API /pomodoro/get-settings] User authenticated: 57fc7b0a-5ba0-42fb-ad0c-f15ee32c6df3
[2026-08-19T03:44:47.564Z] [API /pomodoro/get-settings] Categories response: {
[2026-08-19T03:44:47.564Z] count: 3,
[2026-08-19T03:44:47.564Z] error: undefined,
[2026-08-19T03:44:47.564Z] data: [
[2026-08-19T03:44:47.564Z] {
[2026-08-19T03:44:47.564Z] id: '67040b77-248a-420d-8be2-5c5eca65ca8f',
[2026-08-19T03:44:47.564Z] user_id: '57fc7b0a-5ba0-42fb-ad0c-f15ee32c6df3',
[2026-08-19T03:44:47.564Z] name: 'Produzindo',
[2026-08-19T03:44:47.564Z] color: '#ff6600',
[2026-08-19T03:44:47.564Z] duration_minutes: 57,
[2026-08-19T03:44:47.564Z] created_at: '2026-01-19T22:01:03.082007+00:00'
[2026-08-19T03:44:47.564Z] },
[2026-08-19T03:44:47.564Z] {
[2026-08-19T03:44:47.564Z] id: '5e6728b1-cde5-4c8b-a296-116604eadee0',
[2026-08-19T03:44:47.564Z] user_id: '57fc7b0a-5ba0-42fb-ad0c-f15ee32c6df3',
[2026-08-19T03:44:47.564Z] name: 'Estudando',
[2026-08-19T03:44:47.564Z] color: '#002aff',
[2026-08-19T03:44:47.564Z] duration_minutes: 30,
[2026-08-19T03:44:47.564Z] created_at: '2026-01-19T22:01:03.284823+00:00'
[2026-08-19T03:44:47.564Z] },
[2026-08-19T03:44:47.564Z] {
[2026-08-19T03:44:47.564Z] id: '4ec39e04-b451-4c7a-845d-571dc624e600',
[2026-08-19T03:44:47.564Z] user_id: '57fc7b0a-5ba0-42fb-ad0c-f15ee32c6df3',
[2026-08-19T03:44:47.564Z] name: 'Conteúdos',
[2026-08-19T03:44:47.564Z] color: '#00d13f',
[2026-08-19T03:44:47.564Z] duration_minutes: 27,
[2026-08-19T03:44:47.564Z] created_at: '2026-01-19T22:01:03.486292+00:00'
[2026-08-19T03:44:47.564Z] }
[2026-08-19T03:44:47.564Z] ]
[2026-08-19T03:44:47.564Z] }
[2026-08-19T03:44:47.564Z] [API /pomodoro/get-settings] Settings response: {
[2026-08-19T03:44:47.564Z] data: {
[2026-08-19T03:44:47.564Z] id: '6729871f-4efa-4304-a753-1f7dd1859400',
[2026-08-19T03:44:47.564Z] user_id: '57fc7b0a-5ba0-42fb-ad0c-f15ee32c6df3',
[2026-08-19T03:44:47.564Z] short_break_minutes: 5,
[2026-08-19T03:44:47.564Z] long_break_minutes: 15,
[2026-08-19T03:44:47.564Z] cycles_until_long_break: 4,
[2026-08-19T03:44:47.564Z] updated_at: '2026-01-31T22:04:42.725+00:00'
[2026-08-19T03:44:47.564Z] },
[2026-08-19T03:44:47.564Z] error: undefined
[2026-08-19T03:44:47.564Z] }
[2026-08-19T03:44:47.564Z] [API /pomodoro/get-settings] Sessions response: { count: 19, error: undefined }
[2026-08-19T03:44:47.564Z] [API /pomodoro/get-settings] Returning settings with 19 sessions
[2026-08-19T03:44:47.565Z] GET /api/pomodoro/get-settings 200 in 876ms
[2026-08-19T03:45:46.941Z] [API /pomodoro/get-settings] Starting request...
[2026-08-19T03:45:47.075Z] [API /pomodoro/get-settings] User authenticated: 57fc7b0a-5ba0-42fb-ad0c-f15ee32c6df3
[2026-08-19T03:45:47.267Z] [API /pomodoro/get-settings] Categories response: {
[2026-08-19T03:45:47.267Z] count: 3,
[2026-08-19T03:45:47.267Z] error: undefined,
[2026-08-19T03:45:47.267Z] data: [
[2026-08-19T03:45:47.267Z] {
[2026-08-19T03:45:47.267Z] id: '67040b77-248a-420d-8be2-5c5eca65ca8f',
[2026-08-19T03:45:47.267Z] user_id: '57fc7b0a-5ba0-42fb-ad0c-f15ee32c6df3',
[2026-08-19T03:45:47.267Z] name: 'Produzindo',
[2026-08-19T03:45:47.267Z] color: '#ff6600',
[2026-08-19T03:45:47.268Z] duration_minutes: 57,
[2026-08-19T03:45:47.268Z] created_at: '2026-01-19T22:01:03.082007+00:00'
[2026-08-19T03:45:47.268Z] },
[2026-08-19T03:45:47.268Z] {
[2026-08-19T03:45:47.268Z] id: '5e6728b1-cde5-4c8b-a296-116604eadee0',
[2026-08-19T03:45:47.268Z] user_id: '57fc7b0a-5ba0-42fb-ad0c-f15ee32c6df3',
[2026-08-19T03:45:47.268Z] name: 'Estudando',
[2026-08-19T03:45:47.268Z] color: '#002aff',
[2026-08-19T03:45:47.268Z] duration_minutes: 30,
[2026-08-19T03:45:47.268Z] created_at: '2026-01-19T22:01:03.284823+00:00'
[2026-08-19T03:45:47.268Z] },
[2026-08-19T03:45:47.268Z] {
[2026-08-19T03:45:47.268Z] id: '4ec39e04-b451-4c7a-845d-571dc624e600',
[2026-08-19T03:45:47.268Z] user_id: '57fc7b0a-5ba0-42fb-ad0c-f15ee32c6df3',
[2026-08-19T03:45:47.268Z] name: 'Conteúdos',
[2026-08-19T03:45:47.268Z] color: '#00d13f',
[2026-08-19T03:45:47.268Z] duration_minutes: 27,
[2026-08-19T03:45:47.268Z] created_at: '2026-01-19T22:01:03.486292+00:00'
[2026-08-19T03:45:47.268Z] }
[2026-08-19T03:45:47.268Z] ]
[2026-08-19T03:45:47.268Z] }
[2026-08-19T03:45:47.268Z] [API /pomodoro/get-settings] Settings response: {
[2026-08-19T03:45:47.268Z] data: {
[2026-08-19T03:45:47.268Z] id: '6729871f-4efa-4304-a753-1f7dd1859400',
[2026-08-19T03:45:47.268Z] user_id: '57fc7b0a-5ba0-42fb-ad0c-f15ee32c6df3',
[2026-08-19T03:45:47.268Z] short_break_minutes: 5,
[2026-08-19T03:45:47.268Z] long_break_minutes: 15,
[2026-08-19T03:45:47.268Z] cycles_until_long_break: 4,
[2026-08-19T03:45:47.268Z] updated_at: '2026-01-31T22:04:42.725+00:00'
[2026-08-19T03:45:47.268Z] },
[2026-08-19T03:45:47.268Z] error: undefined
[2026-08-19T03:45:47.268Z] }
[2026-08-19T03:45:47.268Z] [API /pomodoro/get-settings] Sessions response: { count: 19, error: undefined }
[2026-08-19T03:45:47.268Z] [API /pomodoro/get-settings] Returning settings with 19 sessions
[2026-08-19T03:45:47.268Z] GET /api/pomodoro/get-settings 200 in 581ms
[2026-08-19T03:46:46.952Z] [API /pomodoro/get-settings] Starting request...
[2026-08-19T03:46:47.182Z] [API /pomodoro/get-settings] User authenticated: 57fc7b0a-5ba0-42fb-ad0c-f15ee32c6df3
[2026-08-19T03:46:47.363Z] [API /pomodoro/get-settings] Categories response: {
[2026-08-19T03:46:47.363Z] count: 3,
[2026-08-19T03:46:47.363Z] error: undefined,
[2026-08-19T03:46:47.363Z] data: [
[2026-08-19T03:46:47.363Z] {
[2026-08-19T03:46:47.363Z] id: '67040b77-248a-420d-8be2-5c5eca65ca8f',
[2026-08-19T03:46:47.363Z] user_id: '57fc7b0a-5ba0-42fb-ad0c-f15ee32c6df3',
[2026-08-19T03:46:47.363Z] name: 'Produzindo',
[2026-08-19T03:46:47.363Z] color: '#ff6600',
[2026-08-19T03:46:47.363Z] duration_minutes: 57,
[2026-08-19T03:46:47.363Z] created_at: '2026-01-19T22:01:03.082007+00:00'
[2026-08-19T03:46:47.363Z] },
[2026-08-19T03:46:47.363Z] {
[2026-08-19T03:46:47.363Z] id: '5e6728b1-cde5-4c8b-a296-116604eadee0',
[2026-08-19T03:46:47.363Z] user_id: '57fc7b0a-5ba0-42fb-ad0c-f15ee32c6df3',
[2026-08-19T03:46:47.363Z] name: 'Estudando',
[2026-08-19T03:46:47.363Z] color: '#002aff',
[2026-08-19T03:46:47.363Z] duration_minutes: 30,
[2026-08-19T03:46:47.363Z] created_at: '2026-01-19T22:01:03.284823+00:00'
[2026-08-19T03:46:47.363Z] },
[2026-08-19T03:46:47.363Z] {
[2026-08-19T03:46:47.363Z] id: '4ec39e04-b451-4c7a-845d-571dc624e600',
[2026-08-19T03:46:47.363Z] user_id: '57fc7b0a-5ba0-42fb-ad0c-f15ee32c6df3',
[2026-08-19T03:46:47.363Z] name: 'Conteúdos',
[2026-08-19T03:46:47.363Z] color: '#00d13f',
[2026-08-19T03:46:47.363Z] duration_minutes: 27,
[2026-08-19T03:46:47.363Z] created_at: '2026-01-19T22:01:03.486292+00:00'
[2026-08-19T03:46:47.363Z] }
[2026-08-19T03:46:47.363Z] ]
[2026-08-19T03:46:47.363Z] }
[2026-08-19T03:46:47.363Z] [API /pomodoro/get-settings] Settings response: {
[2026-08-19T03:46:47.363Z] data: {
[2026-08-19T03:46:47.363Z] id: '6729871f-4efa-4304-a753-1f7dd1859400',
[2026-08-19T03:46:47.363Z] user_id: '57fc7b0a-5ba0-42fb-ad0c-f15ee32c6df3',
[2026-08-19T03:46:47.363Z] short_break_minutes: 5,
[2026-08-19T03:46:47.363Z] long_break_minutes: 15,
[2026-08-19T03:46:47.363Z] cycles_until_long_break: 4,
[2026-08-19T03:46:47.363Z] updated_at: '2026-01-31T22:04:42.725+00:00'
[2026-08-19T03:46:47.363Z] },
[2026-08-19T03:46:47.363Z] error: undefined
[2026-08-19T03:46:47.363Z] }
[2026-08-19T03:46:47.363Z] [API /pomodoro/get-settings] Sessions response: { count: 19, error: undefined }
[2026-08-19T03:46:47.363Z] [API /pomodoro/get-settings] Returning settings with 19 sessions
[2026-08-19T03:46:47.364Z] GET /api/pomodoro/get-settings 200 in 671ms
[2026-08-19T03:47:46.983Z] [API /pomodoro/get-settings] Starting request...
[2026-08-19T03:47:47.169Z] [API /pomodoro/get-settings] User authenticated: 57fc7b0a-5ba0-42fb-ad0c-f15ee32c6df3
[2026-08-19T03:47:47.381Z] [API /pomodoro/get-settings] Categories response: {
[2026-08-19T03:47:47.381Z] count: 3,
[2026-08-19T03:47:47.381Z] error: undefined,
[2026-08-19T03:47:47.381Z] data: [
[2026-08-19T03:47:47.381Z] {
[2026-08-19T03:47:47.381Z] id: '67040b77-248a-420d-8be2-5c5eca65ca8f',
[2026-08-19T03:47:47.381Z] user_id: '57fc7b0a-5ba0-42fb-ad0c-f15ee32c6df3',
[2026-08-19T03:47:47.381Z] name: 'Produzindo',
[2026-08-19T03:47:47.381Z] color: '#ff6600',
[2026-08-19T03:47:47.381Z] duration_minutes: 57,
[2026-08-19T03:47:47.381Z] created_at: '2026-01-19T22:01:03.082007+00:00'
[2026-08-19T03:47:47.381Z] },
[2026-08-19T03:47:47.381Z] {
[2026-08-19T03:47:47.381Z] id: '5e6728b1-cde5-4c8b-a296-116604eadee0',
[2026-08-19T03:47:47.381Z] user_id: '57fc7b0a-5ba0-42fb-ad0c-f15ee32c6df3',
[2026-08-19T03:47:47.381Z] name: 'Estudando',
[2026-08-19T03:47:47.381Z] color: '#002aff',
[2026-08-19T03:47:47.381Z] duration_minutes: 30,
[2026-08-19T03:47:47.381Z] created_at: '2026-01-19T22:01:03.284823+00:00'
[2026-08-19T03:47:47.381Z] },
[2026-08-19T03:47:47.381Z] {
[2026-08-19T03:47:47.381Z] id: '4ec39e04-b451-4c7a-845d-571dc624e600',
[2026-08-19T03:47:47.381Z] user_id: '57fc7b0a-5ba0-42fb-ad0c-f15ee32c6df3',
[2026-08-19T03:47:47.381Z] name: 'Conteúdos',
[2026-08-19T03:47:47.381Z] color: '#00d13f',
[2026-08-19T03:47:47.381Z] duration_minutes: 27,
[2026-08-19T03:47:47.381Z] created_at: '2026-01-19T22:01:03.486292+00:00'
[2026-08-19T03:47:47.381Z] }
[2026-08-19T03:47:47.381Z] ]
[2026-08-19T03:47:47.381Z] }
[2026-08-19T03:47:47.381Z] [API /pomodoro/get-settings] Settings response: {
[2026-08-19T03:47:47.381Z] data: {
[2026-08-19T03:47:47.381Z] id: '6729871f-4efa-4304-a753-1f7dd1859400',
[2026-08-19T03:47:47.381Z] user_id: '57fc7b0a-5ba0-42fb-ad0c-f15ee32c6df3',
[2026-08-19T03:47:47.381Z] short_break_minutes: 5,
[2026-08-19T03:47:47.381Z] long_break_minutes: 15,
[2026-08-19T03:47:47.381Z] cycles_until_long_break: 4,
[2026-08-19T03:47:47.381Z] updated_at: '2026-01-31T22:04:42.725+00:00'
[2026-08-19T03:47:47.381Z] },
[2026-08-19T03:47:47.381Z] error: undefined
[2026-08-19T03:47:47.381Z] }
[2026-08-19T03:47:47.381Z] [API /pomodoro/get-settings] Sessions response: { count: 19, error: undefined }
[2026-08-19T03:47:47.381Z] [API /pomodoro/get-settings] Returning settings with 19 sessions
[2026-08-19T03:47:47.382Z] GET /api/pomodoro/get-settings 200 in 651ms
[2026-08-19T03:48:11.270Z] [API /pomodoro/get-settings] Starting request...
[2026-08-19T03:48:11.405Z] [API /pomodoro/get-settings] User authenticated: 57fc7b0a-5ba0-42fb-ad0c-f15ee32c6df3
[2026-08-19T03:48:11.598Z] [API /pomodoro/get-settings] Categories response: {
[2026-08-19T03:48:11.598Z] count: 3,
[2026-08-19T03:48:11.598Z] error: undefined,
[2026-08-19T03:48:11.598Z] data: [
[2026-08-19T03:48:11.598Z] {
[2026-08-19T03:48:11.598Z] id: '67040b77-248a-420d-8be2-5c5eca65ca8f',
[2026-08-19T03:48:11.598Z] user_id: '57fc7b0a-5ba0-42fb-ad0c-f15ee32c6df3',
[2026-08-19T03:48:11.598Z] name: 'Produzindo',
[2026-08-19T03:48:11.598Z] color: '#ff6600',
[2026-08-19T03:48:11.598Z] duration_minutes: 57,
[2026-08-19T03:48:11.598Z] created_at: '2026-01-19T22:01:03.082007+00:00'
[2026-08-19T03:48:11.598Z] },
[2026-08-19T03:48:11.598Z] {
[2026-08-19T03:48:11.599Z] id: '5e6728b1-cde5-4c8b-a296-116604eadee0',
[2026-08-19T03:48:11.599Z] user_id: '57fc7b0a-5ba0-42fb-ad0c-f15ee32c6df3',
[2026-08-19T03:48:11.599Z] name: 'Estudando',
[2026-08-19T03:48:11.599Z] color: '#002aff',
[2026-08-19T03:48:11.599Z] duration_minutes: 30,
[2026-08-19T03:48:11.599Z] created_at: '2026-01-19T22:01:03.284823+00:00'
[2026-08-19T03:48:11.599Z] },
[2026-08-19T03:48:11.599Z] {
[2026-08-19T03:48:11.599Z] id: '4ec39e04-b451-4c7a-845d-571dc624e600',
[2026-08-19T03:48:11.599Z] user_id: '57fc7b0a-5ba0-42fb-ad0c-f15ee32c6df3',
[2026-08-19T03:48:11.599Z] name: 'Conteúdos',
[2026-08-19T03:48:11.599Z] color: '#00d13f',
[2026-08-19T03:48:11.599Z] duration_minutes: 27,
[2026-08-19T03:48:11.599Z] created_at: '2026-01-19T22:01:03.486292+00:00'
[2026-08-19T03:48:11.599Z] }
[2026-08-19T03:48:11.599Z] ]
[2026-08-19T03:48:11.599Z] }
[2026-08-19T03:48:11.599Z] [API /pomodoro/get-settings] Settings response: {
[2026-08-19T03:48:11.599Z] data: {
[2026-08-19T03:48:11.599Z] id: '6729871f-4efa-4304-a753-1f7dd1859400',
[2026-08-19T03:48:11.599Z] user_id: '57fc7b0a-5ba0-42fb-ad0c-f15ee32c6df3',
[2026-08-19T03:48:11.599Z] short_break_minutes: 5,
[2026-08-19T03:48:11.599Z] long_break_minutes: 15,
[2026-08-19T03:48:11.599Z] cycles_until_long_break: 4,
[2026-08-19T03:48:11.599Z] updated_at: '2026-01-31T22:04:42.725+00:00'
[2026-08-19T03:48:11.599Z] },
[2026-08-19T03:48:11.599Z] error: undefined
[2026-08-19T03:48:11.599Z] }
[2026-08-19T03:48:11.599Z] [API /pomodoro/get-settings] Sessions response: { count: 19, error: undefined }
[2026-08-19T03:48:11.599Z] [API /pomodoro/get-settings] Returning settings with 19 sessions
[2026-08-19T03:48:11.599Z] GET /api/pomodoro/get-settings 200 in 568ms
[2026-08-19T03:48:29.725Z] [API /pomodoro/get-settings] Starting request...
[2026-08-19T03:48:29.882Z] [API /pomodoro/get-settings] User authenticated: 57fc7b0a-5ba0-42fb-ad0c-f15ee32c6df3
[2026-08-19T03:48:30.055Z] [API /pomodoro/get-settings] Categories response: {
[2026-08-19T03:48:30.055Z] count: 3,
[2026-08-19T03:48:30.055Z] error: undefined,
[2026-08-19T03:48:30.055Z] data: [
[2026-08-19T03:48:30.055Z] {
[2026-08-19T03:48:30.055Z] id: '67040b77-248a-420d-8be2-5c5eca65ca8f',
[2026-08-19T03:48:30.055Z] user_id: '57fc7b0a-5ba0-42fb-ad0c-f15ee32c6df3',
[2026-08-19T03:48:30.055Z] name: 'Produzindo',
[2026-08-19T03:48:30.055Z] color: '#ff6600',
[2026-08-19T03:48:30.055Z] duration_minutes: 57,
[2026-08-19T03:48:30.055Z] created_at: '2026-01-19T22:01:03.082007+00:00'
[2026-08-19T03:48:30.055Z] },
[2026-08-19T03:48:30.055Z] {
[2026-08-19T03:48:30.055Z] id: '5e6728b1-cde5-4c8b-a296-116604eadee0',
[2026-08-19T03:48:30.055Z] user_id: '57fc7b0a-5ba0-42fb-ad0c-f15ee32c6df3',
[2026-08-19T03:48:30.055Z] name: 'Estudando',
[2026-08-19T03:48:30.055Z] color: '#002aff',
[2026-08-19T03:48:30.055Z] duration_minutes: 30,
[2026-08-19T03:48:30.055Z] created_at: '2026-01-19T22:01:03.284823+00:00'
[2026-08-19T03:48:30.055Z] },
[2026-08-19T03:48:30.055Z] {
[2026-08-19T03:48:30.055Z] id: '4ec39e04-b451-4c7a-845d-571dc624e600',
[2026-08-19T03:48:30.055Z] user_id: '57fc7b0a-5ba0-42fb-ad0c-f15ee32c6df3',
[2026-08-19T03:48:30.055Z] name: 'Conteúdos',
[2026-08-19T03:48:30.055Z] color: '#00d13f',
[2026-08-19T03:48:30.055Z] duration_minutes: 27,
[2026-08-19T03:48:30.055Z] created_at: '2026-01-19T22:01:03.486292+00:00'
[2026-08-19T03:48:30.055Z] }
[2026-08-19T03:48:30.055Z] ]
[2026-08-19T03:48:30.055Z] }
[2026-08-19T03:48:30.056Z] [API /pomodoro/get-settings] Settings response: {
[2026-08-19T03:48:30.056Z] data: {
[2026-08-19T03:48:30.056Z] id: '6729871f-4efa-4304-a753-1f7dd1859400',
[2026-08-19T03:48:30.056Z] user_id: '57fc7b0a-5ba0-42fb-ad0c-f15ee32c6df3',
[2026-08-19T03:48:30.056Z] short_break_minutes: 5,
[2026-08-19T03:48:30.056Z] long_break_minutes: 15,
[2026-08-19T03:48:30.056Z] cycles_until_long_break: 4,
[2026-08-19T03:48:30.056Z] updated_at: '2026-01-31T22:04:42.725+00:00'
[2026-08-19T03:48:30.056Z] },
[2026-08-19T03:48:30.056Z] error: undefined
[2026-08-19T03:48:30.056Z] }
[2026-08-19T03:48:30.056Z] [API /pomodoro/get-settings] Sessions response: { count: 19, error: undefined }
[2026-08-19T03:48:30.056Z] [API /pomodoro/get-settings] Returning settings with 19 sessions
[2026-08-19T03:48:30.057Z] GET /api/pomodoro/get-settings 200 in 569ms
[2026-08-19T03:49:29.903Z] [API /pomodoro/get-settings] Starting request...
[2026-08-19T03:49:30.056Z] [API /pomodoro/get-settings] User authenticated: 57fc7b0a-5ba0-42fb-ad0c-f15ee32c6df3
[2026-08-19T03:49:30.213Z] [API /pomodoro/get-settings] Categories response: {
[2026-08-19T03:49:30.213Z] count: 3,
[2026-08-19T03:49:30.213Z] error: undefined,
[2026-08-19T03:49:30.213Z] data: [
[2026-08-19T03:49:30.213Z] {
[2026-08-19T03:49:30.213Z] id: '67040b77-248a-420d-8be2-5c5eca65ca8f',
[2026-08-19T03:49:30.213Z] user_id: '57fc7b0a-5ba0-42fb-ad0c-f15ee32c6df3',
[2026-08-19T03:49:30.213Z] name: 'Produzindo',
[2026-08-19T03:49:30.213Z] color: '#ff6600',
[2026-08-19T03:49:30.213Z] duration_minutes: 57,
[2026-08-19T03:49:30.213Z] created_at: '2026-01-19T22:01:03.082007+00:00'
[2026-08-19T03:49:30.213Z] },
[2026-08-19T03:49:30.213Z] {
[2026-08-19T03:49:30.213Z] id: '5e6728b1-cde5-4c8b-a296-116604eadee0',
[2026-08-19T03:49:30.213Z] user_id: '57fc7b0a-5ba0-42fb-ad0c-f15ee32c6df3',
[2026-08-19T03:49:30.213Z] name: 'Estudando',
[2026-08-19T03:49:30.213Z] color: '#002aff',
[2026-08-19T03:49:30.213Z] duration_minutes: 30,
[2026-08-19T03:49:30.213Z] created_at: '2026-01-19T22:01:03.284823+00:00'
[2026-08-19T03:49:30.213Z] },
[2026-08-19T03:49:30.213Z] {
[2026-08-19T03:49:30.213Z] id: '4ec39e04-b451-4c7a-845d-571dc624e600',
[2026-08-19T03:49:30.213Z] user_id: '57fc7b0a-5ba0-42fb-ad0c-f15ee32c6df3',
[2026-08-19T03:49:30.213Z] name: 'Conteúdos',
[2026-08-19T03:49:30.213Z] color: '#00d13f',
[2026-08-19T03:49:30.213Z] duration_minutes: 27,
[2026-08-19T03:49:30.213Z] created_at: '2026-01-19T22:01:03.486292+00:00'
[2026-08-19T03:49:30.213Z] }
[2026-08-19T03:49:30.213Z] ]
[2026-08-19T03:49:30.214Z] }
[2026-08-19T03:49:30.214Z] [API /pomodoro/get-settings] Settings response: {
[2026-08-19T03:49:30.214Z] data: {
[2026-08-19T03:49:30.214Z] id: '6729871f-4efa-4304-a753-1f7dd1859400',
[2026-08-19T03:49:30.214Z] user_id: '57fc7b0a-5ba0-42fb-ad0c-f15ee32c6df3',
[2026-08-19T03:49:30.214Z] short_break_minutes: 5,
[2026-08-19T03:49:30.214Z] long_break_minutes: 15,
[2026-08-19T03:49:30.214Z] cycles_until_long_break: 4,
[2026-08-19T03:49:30.214Z] updated_at: '2026-01-31T22:04:42.725+00:00'
[2026-08-19T03:49:30.214Z] },
[2026-08-19T03:49:30.214Z] error: undefined
[2026-08-19T03:49:30.214Z] }
[2026-08-19T03:49:30.214Z] [API /pomodoro/get-settings] Sessions response: { count: 19, error: undefined }
[2026-08-19T03:49:30.214Z] [API /pomodoro/get-settings] Returning settings with 19 sessions
[2026-08-19T03:49:30.214Z] GET /api/pomodoro/get-settings 200 in 547ms
[2026-08-19T03:49:49.422Z] [API /pomodoro/get-settings] Starting request...
[2026-08-19T03:49:49.554Z] [API /pomodoro/get-settings] User authenticated: 57fc7b0a-5ba0-42fb-ad0c-f15ee32c6df3
[2026-08-19T03:49:49.721Z] [API /pomodoro/get-settings] Categories response: {
[2026-08-19T03:49:49.721Z] count: 3,
[2026-08-19T03:49:49.721Z] error: undefined,
[2026-08-19T03:49:49.721Z] data: [
[2026-08-19T03:49:49.721Z] {
[2026-08-19T03:49:49.721Z] id: '67040b77-248a-420d-8be2-5c5eca65ca8f',
[2026-08-19T03:49:49.721Z] user_id: '57fc7b0a-5ba0-42fb-ad0c-f15ee32c6df3',
[2026-08-19T03:49:49.721Z] name: 'Produzindo',
[2026-08-19T03:49:49.721Z] color: '#ff6600',
[2026-08-19T03:49:49.721Z] duration_minutes: 57,
[2026-08-19T03:49:49.721Z] created_at: '2026-01-19T22:01:03.082007+00:00'
[2026-08-19T03:49:49.721Z] },
[2026-08-19T03:49:49.721Z] {
[2026-08-19T03:49:49.721Z] id: '5e6728b1-cde5-4c8b-a296-116604eadee0',
[2026-08-19T03:49:49.721Z] user_id: '57fc7b0a-5ba0-42fb-ad0c-f15ee32c6df3',
[2026-08-19T03:49:49.721Z] name: 'Estudando',
[2026-08-19T03:49:49.721Z] color: '#002aff',
[2026-08-19T03:49:49.721Z] duration_minutes: 30,
[2026-08-19T03:49:49.721Z] created_at: '2026-01-19T22:01:03.284823+00:00'
[2026-08-19T03:49:49.721Z] },
[2026-08-19T03:49:49.721Z] {
[2026-08-19T03:49:49.721Z] id: '4ec39e04-b451-4c7a-845d-571dc624e600',
[2026-08-19T03:49:49.721Z] user_id: '57fc7b0a-5ba0-42fb-ad0c-f15ee32c6df3',
[2026-08-19T03:49:49.721Z] name: 'Conteúdos',
[2026-08-19T03:49:49.721Z] color: '#00d13f',
[2026-08-19T03:49:49.721Z] duration_minutes: 27,
[2026-08-19T03:49:49.721Z] created_at: '2026-01-19T22:01:03.486292+00:00'
[2026-08-19T03:49:49.721Z] }
[2026-08-19T03:49:49.721Z] ]
[2026-08-19T03:49:49.721Z] }
[2026-08-19T03:49:49.721Z] [API /pomodoro/get-settings] Settings response: {
[2026-08-19T03:49:49.721Z] data: {
[2026-08-19T03:49:49.721Z] id: '6729871f-4efa-4304-a753-1f7dd1859400',
[2026-08-19T03:49:49.721Z] user_id: '57fc7b0a-5ba0-42fb-ad0c-f15ee32c6df3',
[2026-08-19T03:49:49.721Z] short_break_minutes: 5,
[2026-08-19T03:49:49.721Z] long_break_minutes: 15,
[2026-08-19T03:49:49.721Z] cycles_until_long_break: 4,
[2026-08-19T03:49:49.721Z] updated_at: '2026-01-31T22:04:42.725+00:00'
[2026-08-19T03:49:49.721Z] },
[2026-08-19T03:49:49.721Z] error: undefined
[2026-08-19T03:49:49.721Z] }
[2026-08-19T03:49:49.721Z] [API /pomodoro/get-settings] Sessions response: { count: 19, error: undefined }
[2026-08-19T03:49:49.721Z] [API /pomodoro/get-settings] Returning settings with 19 sessions
[2026-08-19T03:49:49.722Z] GET /api/pomodoro/get-settings 200 in 548ms
[2026-08-19T03:50:49.904Z] [API /pomodoro/get-settings] Starting request...
[2026-08-19T03:50:50.149Z] [API /pomodoro/get-settings] User authenticated: 57fc7b0a-5ba0-42fb-ad0c-f15ee32c6df3
[2026-08-19T03:50:50.350Z] [API /pomodoro/get-settings] Categories response: {
[2026-08-19T03:50:50.350Z] count: 3,
[2026-08-19T03:50:50.350Z] error: undefined,
[2026-08-19T03:50:50.350Z] data: [
[2026-08-19T03:50:50.350Z] {
[2026-08-19T03:50:50.350Z] id: '67040b77-248a-420d-8be2-5c5eca65ca8f',
[2026-08-19T03:50:50.350Z] user_id: '57fc7b0a-5ba0-42fb-ad0c-f15ee32c6df3',
[2026-08-19T03:50:50.350Z] name: 'Produzindo',
[2026-08-19T03:50:50.350Z] color: '#ff6600',
[2026-08-19T03:50:50.350Z] duration_minutes: 57,
[2026-08-19T03:50:50.350Z] created_at: '2026-01-19T22:01:03.082007+00:00'
[2026-08-19T03:50:50.350Z] },
[2026-08-19T03:50:50.350Z] {
[2026-08-19T03:50:50.350Z] id: '5e6728b1-cde5-4c8b-a296-116604eadee0',
[2026-08-19T03:50:50.350Z] user_id: '57fc7b0a-5ba0-42fb-ad0c-f15ee32c6df3',
[2026-08-19T03:50:50.350Z] name: 'Estudando',
[2026-08-19T03:50:50.350Z] color: '#002aff',
[2026-08-19T03:50:50.350Z] duration_minutes: 30,
[2026-08-19T03:50:50.350Z] created_at: '2026-01-19T22:01:03.284823+00:00'
[2026-08-19T03:50:50.350Z] },
[2026-08-19T03:50:50.350Z] {
[2026-08-19T03:50:50.350Z] id: '4ec39e04-b451-4c7a-845d-571dc624e600',
[2026-08-19T03:50:50.350Z] user_id: '57fc7b0a-5ba0-42fb-ad0c-f15ee32c6df3',
[2026-08-19T03:50:50.350Z] name: 'Conteúdos',
[2026-08-19T03:50:50.350Z] color: '#00d13f',
[2026-08-19T03:50:50.350Z] duration_minutes: 27,
[2026-08-19T03:50:50.350Z] created_at: '2026-01-19T22:01:03.486292+00:00'
[2026-08-19T03:50:50.350Z] }
[2026-08-19T03:50:50.350Z] ]
[2026-08-19T03:50:50.350Z] }
[2026-08-19T03:50:50.350Z] [API /pomodoro/get-settings] Settings response: {
[2026-08-19T03:50:50.350Z] data: {
[2026-08-19T03:50:50.350Z] id: '6729871f-4efa-4304-a753-1f7dd1859400',
[2026-08-19T03:50:50.350Z] user_id: '57fc7b0a-5ba0-42fb-ad0c-f15ee32c6df3',
[2026-08-19T03:50:50.350Z] short_break_minutes: 5,
[2026-08-19T03:50:50.350Z] long_break_minutes: 15,
[2026-08-19T03:50:50.350Z] cycles_until_long_break: 4,
[2026-08-19T03:50:50.350Z] updated_at: '2026-01-31T22:04:42.725+00:00'
[2026-08-19T03:50:50.350Z] },
[2026-08-19T03:50:50.350Z] error: undefined
[2026-08-19T03:50:50.350Z] }
[2026-08-19T03:50:50.350Z] [API /pomodoro/get-settings] Sessions response: { count: 19, error: undefined }
[2026-08-19T03:50:50.350Z] [API /pomodoro/get-settings] Returning settings with 19 sessions
[2026-08-19T03:50:50.351Z] GET /api/pomodoro/get-settings 200 in 685ms
[2026-08-19T03:51:36.803Z] [API /pomodoro/get-settings] Starting request...
[2026-08-19T03:51:36.938Z] [API /pomodoro/get-settings] User authenticated: 57fc7b0a-5ba0-42fb-ad0c-f15ee32c6df3
[2026-08-19T03:51:37.069Z] [API /pomodoro/get-settings] Categories response: {
[2026-08-19T03:51:37.069Z] count: 3,
[2026-08-19T03:51:37.069Z] error: undefined,
[2026-08-19T03:51:37.069Z] data: [
[2026-08-19T03:51:37.069Z] {
[2026-08-19T03:51:37.069Z] id: '67040b77-248a-420d-8be2-5c5eca65ca8f',
[2026-08-19T03:51:37.069Z] user_id: '57fc7b0a-5ba0-42fb-ad0c-f15ee32c6df3',
[2026-08-19T03:51:37.069Z] name: 'Produzindo',
[2026-08-19T03:51:37.069Z] color: '#ff6600',
[2026-08-19T03:51:37.069Z] duration_minutes: 57,
[2026-08-19T03:51:37.069Z] created_at: '2026-01-19T22:01:03.082007+00:00'
[2026-08-19T03:51:37.069Z] },
[2026-08-19T03:51:37.069Z] {
[2026-08-19T03:51:37.069Z] id: '5e6728b1-cde5-4c8b-a296-116604eadee0',
[2026-08-19T03:51:37.069Z] user_id: '57fc7b0a-5ba0-42fb-ad0c-f15ee32c6df3',
[2026-08-19T03:51:37.069Z] name: 'Estudando',
[2026-08-19T03:51:37.069Z] color: '#002aff',
[2026-08-19T03:51:37.069Z] duration_minutes: 30,
[2026-08-19T03:51:37.069Z] created_at: '2026-01-19T22:01:03.284823+00:00'
[2026-08-19T03:51:37.069Z] },
[2026-08-19T03:51:37.069Z] {
[2026-08-19T03:51:37.069Z] id: '4ec39e04-b451-4c7a-845d-571dc624e600',
[2026-08-19T03:51:37.069Z] user_id: '57fc7b0a-5ba0-42fb-ad0c-f15ee32c6df3',
[2026-08-19T03:51:37.069Z] name: 'Conteúdos',
[2026-08-19T03:51:37.069Z] color: '#00d13f',
[2026-08-19T03:51:37.069Z] duration_minutes: 27,
[2026-08-19T03:51:37.069Z] created_at: '2026-01-19T22:01:03.486292+00:00'
[2026-08-19T03:51:37.069Z] }
[2026-08-19T03:51:37.069Z] ]
[2026-08-19T03:51:37.069Z] }
[2026-08-19T03:51:37.069Z] [API /pomodoro/get-settings] Settings response: {
[2026-08-19T03:51:37.069Z] data: {
[2026-08-19T03:51:37.069Z] id: '6729871f-4efa-4304-a753-1f7dd1859400',
[2026-08-19T03:51:37.069Z] user_id: '57fc7b0a-5ba0-42fb-ad0c-f15ee32c6df3',
[2026-08-19T03:51:37.069Z] short_break_minutes: 5,
[2026-08-19T03:51:37.069Z] long_break_minutes: 15,
[2026-08-19T03:51:37.069Z] cycles_until_long_break: 4,
[2026-08-19T03:51:37.069Z] updated_at: '2026-01-31T22:04:42.725+00:00'
[2026-08-19T03:51:37.069Z] },
[2026-08-19T03:51:37.070Z] error: undefined
[2026-08-19T03:51:37.070Z] }
[2026-08-19T03:51:37.070Z] [API /pomodoro/get-settings] Sessions response: { count: 19, error: undefined }
[2026-08-19T03:51:37.070Z] [API /pomodoro/get-settings] Returning settings with 19 sessions
[2026-08-19T03:51:37.071Z] GET /api/pomodoro/get-settings 200 in 539ms
[2026-08-19T03:51:44.289Z] [PomodoroTimer] Initial categoryDurations from settings: { produtividade: 25, estudos: 50, descanso: 15 }
[2026-08-19T03:51:44.367Z] GET /?from_webdev=1 200 in 1014ms
[2026-08-19T03:51:47.233Z] [PomodoroTimer] Initial categoryDurations from settings: { produtividade: 25, estudos: 50, descanso: 15 }
[2026-08-19T03:51:47.263Z] HEAD / 200 in 116ms
[2026-08-19T03:51:48.753Z] [PomodoroTimer] Initial categoryDurations from settings: { produtividade: 25, estudos: 50, descanso: 15 }
[2026-08-19T03:51:48.796Z] GET /?from_webdev=1 200 in 122ms
[2026-08-19T03:52:13.706Z] [PomodoroTimer] Initial categoryDurations from settings: { produtividade: 25, estudos: 50, descanso: 15 }
[2026-08-19T03:52:13.751Z] GET /?from_webdev=1 200 in 141ms
[2026-08-19T03:52:18.369Z] [PomodoroTimer] Initial categoryDurations from settings: { produtividade: 25, estudos: 50, descanso: 15 }
[2026-08-19T03:52:18.401Z] HEAD / 200 in 116ms
[2026-08-19T03:52:19.762Z] [PomodoroTimer] Initial categoryDurations from settings: { produtividade: 25, estudos: 50, descanso: 15 }
[2026-08-19T03:52:19.821Z] GET /?from_webdev=1 200 in 150ms
[2026-08-19T03:52:36.824Z] ⨯ [Error: ENOENT: no such file or directory, open '/home/ubuntu/orchids-blindy/.next/server/app/api/pomodoro/get-settings/[__metadata_id__]/route/app-paths-manifest.json'] {
[2026-08-19T03:52:36.824Z] errno: -2,
[2026-08-19T03:52:36.824Z] code: 'ENOENT',
[2026-08-19T03:52:36.824Z] syscall: 'open',
[2026-08-19T03:52:36.824Z] path: '/home/ubuntu/orchids-blindy/.next/server/app/api/pomodoro/get-settings/[__metadata_id__]/route/app-paths-manifest.json'
[2026-08-19T03:52:36.824Z] }
[2026-08-19T03:52:37.326Z] ○ Compiling /_error ...
[2026-08-19T03:52:38.377Z] ✓ Compiled /_error in 1550ms
[2026-08-19T03:52:38.408Z] ⨯ [Error: ENOENT: no such file or directory, open '/home/ubuntu/orchids-blindy/.next/static/development/_buildManifest.js.tmp.lbndjuw1ns'] {
[2026-08-19T03:52:38.408Z] errno: -2,
[2026-08-19T03:52:38.408Z] code: 'ENOENT',
[2026-08-19T03:52:38.408Z] syscall: 'open',
[2026-08-19T03:52:38.408Z] path: '/home/ubuntu/orchids-blindy/.next/static/development/_buildManifest.js.tmp.lbndjuw1ns'
[2026-08-19T03:52:38.408Z] }
[2026-08-19T03:52:38.446Z] [Error: ENOENT: no such file or directory, open '/home/ubuntu/orchids-blindy/.next/server/app/api/pomodoro/get-settings/[__metadata_id__]/route/app-paths-manifest.json'] {
[2026-08-19T03:52:38.446Z] errno: -2,
[2026-08-19T03:52:38.446Z] code: 'ENOENT',
[2026-08-19T03:52:38.446Z] syscall: 'open',
[2026-08-19T03:52:38.446Z] path: '/home/ubuntu/orchids-blindy/.next/server/app/api/pomodoro/get-settings/[__metadata_id__]/route/app-paths-manifest.json'
[2026-08-19T03:52:38.446Z] }
[2026-08-19T03:52:38.485Z] ⨯ [Error: ENOENT: no such file or directory, open '/home/ubuntu/orchids-blindy/.next/static/development/_buildManifest.js.tmp.p7fjiqdskia'] {
[2026-08-19T03:52:38.485Z] errno: -2,
[2026-08-19T03:52:38.485Z] code: 'ENOENT',
[2026-08-19T03:52:38.485Z] syscall: 'open',
[2026-08-19T03:52:38.485Z] path: '/home/ubuntu/orchids-blindy/.next/static/development/_buildManifest.js.tmp.p7fjiqdskia'
[2026-08-19T03:52:38.485Z] }
[2026-08-19T03:52:38.538Z] [Error: ENOENT: no such file or directory, open '/home/ubuntu/orchids-blindy/.next/static/development/_buildManifest.js.tmp.f8tvcra8xqk'] {
[2026-08-19T03:52:38.538Z] errno: -2,
[2026-08-19T03:52:38.538Z] code: 'ENOENT',
[2026-08-19T03:52:38.539Z] syscall: 'open',
[2026-08-19T03:52:38.539Z] path: '/home/ubuntu/orchids-blindy/.next/static/development/_buildManifest.js.tmp.f8tvcra8xqk'
[2026-08-19T03:52:38.539Z] }
[2026-08-19T03:53:08.220Z] [ELIFECYCLE] Command failed.
[2026-08-19T03:53:08.285Z] [?25h
[2026-08-19T03:53:08.291Z] Dev server exited with code -1
[2026-08-19T03:53:09.314Z] Starting dev server with command: pnpm run dev
[2026-08-19T03:53:09.789Z] $ next dev --turbopack
[2026-08-19T03:53:11.124Z] ▲ Next.js 15.5.7 (Turbopack)
[2026-08-19T03:53:11.124Z] - Local:        http://localhost:3000
[2026-08-19T03:53:11.124Z] - Network:      http://169.254.0.21:3000
[2026-08-19T03:53:11.124Z] ✓ Starting...
[2026-08-19T03:53:11.861Z] ✓ Ready in 1174ms
[2026-08-19T03:53:12.374Z] ○ Compiling / ...
[2026-08-19T03:53:19.013Z] ✓ Compiled / in 7.1s
[2026-08-19T03:53:19.739Z] [PomodoroTimer] Initial categoryDurations from settings: { produtividade: 25, estudos: 50, descanso: 15 }
[2026-08-19T03:53:19.840Z] GET / 200 in 7973ms
[2026-08-19T03:53:20.359Z] ⚠ Blocked cross-origin request from 127.0.0.1 to /_next/* resource. To allow this, configure "allowedDevOrigins" in next.config
[2026-08-19T03:53:20.359Z] Read more: https://nextjs.org/docs/app/api-reference/config/next-config-js/allowedDevOrigins
[2026-08-19T03:53:27.054Z] [PomodoroTimer] Initial categoryDurations from settings: { produtividade: 25, estudos: 50, descanso: 15 }
[2026-08-19T03:53:27.098Z] GET / 200 in 140ms
[2026-08-19T03:53:30.587Z] ⚠ Blocked cross-origin request from 3000-ih0lty215c9qdqm3to6te-a91e88fb.us4.manus.computer to /_next/* resource. To allow this, configure "allowedDevOrigins" in next.config
[2026-08-19T03:53:30.587Z] Read more: https://nextjs.org/docs/app/api-reference/config/next-config-js/allowedDevOrigins
[2026-08-19T03:53:32.097Z] ✓ Compiled /api/pomodoro/get-settings in 429ms
[2026-08-19T03:53:32.415Z] [API /pomodoro/get-settings] Starting request...
[2026-08-19T03:53:33.236Z] [API /pomodoro/get-settings] User authenticated: 57fc7b0a-5ba0-42fb-ad0c-f15ee32c6df3
[2026-08-19T03:53:33.387Z] [API /pomodoro/get-settings] Categories response: {
[2026-08-19T03:53:33.387Z] count: 3,
[2026-08-19T03:53:33.387Z] error: undefined,
[2026-08-19T03:53:33.387Z] data: [
[2026-08-19T03:53:33.387Z] {
[2026-08-19T03:53:33.387Z] id: '67040b77-248a-420d-8be2-5c5eca65ca8f',
[2026-08-19T03:53:33.387Z] user_id: '57fc7b0a-5ba0-42fb-ad0c-f15ee32c6df3',
[2026-08-19T03:53:33.387Z] name: 'Produzindo',
[2026-08-19T03:53:33.387Z] color: '#ff6600',
[2026-08-19T03:53:33.387Z] duration_minutes: 57,
[2026-08-19T03:53:33.387Z] created_at: '2026-01-19T22:01:03.082007+00:00'
[2026-08-19T03:53:33.387Z] },
[2026-08-19T03:53:33.387Z] {
[2026-08-19T03:53:33.387Z] id: '5e6728b1-cde5-4c8b-a296-116604eadee0',
[2026-08-19T03:53:33.387Z] user_id: '57fc7b0a-5ba0-42fb-ad0c-f15ee32c6df3',
[2026-08-19T03:53:33.387Z] name: 'Estudando',
[2026-08-19T03:53:33.387Z] color: '#002aff',
[2026-08-19T03:53:33.387Z] duration_minutes: 30,
[2026-08-19T03:53:33.387Z] created_at: '2026-01-19T22:01:03.284823+00:00'
[2026-08-19T03:53:33.387Z] },
[2026-08-19T03:53:33.387Z] {
[2026-08-19T03:53:33.387Z] id: '4ec39e04-b451-4c7a-845d-571dc624e600',
[2026-08-19T03:53:33.387Z] user_id: '57fc7b0a-5ba0-42fb-ad0c-f15ee32c6df3',
[2026-08-19T03:53:33.387Z] name: 'Conteúdos',
[2026-08-19T03:53:33.387Z] color: '#00d13f',
[2026-08-19T03:53:33.387Z] duration_minutes: 27,
[2026-08-19T03:53:33.387Z] created_at: '2026-01-19T22:01:03.486292+00:00'
[2026-08-19T03:53:33.387Z] }
[2026-08-19T03:53:33.387Z] ]
[2026-08-19T03:53:33.387Z] }
[2026-08-19T03:53:33.387Z] [API /pomodoro/get-settings] Settings response: {
[2026-08-19T03:53:33.387Z] data: {
[2026-08-19T03:53:33.387Z] id: '6729871f-4efa-4304-a753-1f7dd1859400',
[2026-08-19T03:53:33.387Z] user_id: '57fc7b0a-5ba0-42fb-ad0c-f15ee32c6df3',
[2026-08-19T03:53:33.387Z] short_break_minutes: 5,
[2026-08-19T03:53:33.387Z] long_break_minutes: 15,
[2026-08-19T03:53:33.387Z] cycles_until_long_break: 4,
[2026-08-19T03:53:33.387Z] updated_at: '2026-01-31T22:04:42.725+00:00'
[2026-08-19T03:53:33.387Z] },
[2026-08-19T03:53:33.387Z] error: undefined
[2026-08-19T03:53:33.387Z] }
[2026-08-19T03:53:33.388Z] [API /pomodoro/get-settings] Sessions response: { count: 19, error: undefined }
[2026-08-19T03:53:33.388Z] [API /pomodoro/get-settings] Returning settings with 19 sessions
[2026-08-19T03:53:33.391Z] GET /api/pomodoro/get-settings 200 in 1727ms
[2026-08-19T03:54:15.702Z] [PomodoroTimer] Initial categoryDurations from settings: { produtividade: 25, estudos: 50, descanso: 15 }
[2026-08-19T03:54:15.749Z] GET /?from_webdev=1 200 in 427ms
[2026-08-19T03:54:20.606Z] [PomodoroTimer] Initial categoryDurations from settings: { produtividade: 25, estudos: 50, descanso: 15 }
[2026-08-19T03:54:20.639Z] HEAD / 200 in 118ms
[2026-08-19T03:54:21.774Z] [PomodoroTimer] Initial categoryDurations from settings: { produtividade: 25, estudos: 50, descanso: 15 }
[2026-08-19T03:54:21.828Z] GET /?from_webdev=1 200 in 155ms
[2026-08-19T03:54:30.907Z] [API /pomodoro/get-settings] Starting request...
[2026-08-19T03:54:31.057Z] [API /pomodoro/get-settings] User authenticated: 57fc7b0a-5ba0-42fb-ad0c-f15ee32c6df3
[2026-08-19T03:54:31.230Z] [API /pomodoro/get-settings] Categories response: {
[2026-08-19T03:54:31.230Z] count: 3,
[2026-08-19T03:54:31.230Z] error: undefined,
[2026-08-19T03:54:31.230Z] data: [
[2026-08-19T03:54:31.230Z] {
[2026-08-19T03:54:31.230Z] id: '67040b77-248a-420d-8be2-5c5eca65ca8f',
[2026-08-19T03:54:31.230Z] user_id: '57fc7b0a-5ba0-42fb-ad0c-f15ee32c6df3',
[2026-08-19T03:54:31.230Z] name: 'Produzindo',
[2026-08-19T03:54:31.230Z] color: '#ff6600',
[2026-08-19T03:54:31.230Z] duration_minutes: 57,
[2026-08-19T03:54:31.230Z] created_at: '2026-01-19T22:01:03.082007+00:00'
[2026-08-19T03:54:31.230Z] },
[2026-08-19T03:54:31.230Z] {
[2026-08-19T03:54:31.230Z] id: '5e6728b1-cde5-4c8b-a296-116604eadee0',
[2026-08-19T03:54:31.231Z] user_id: '57fc7b0a-5ba0-42fb-ad0c-f15ee32c6df3',
[2026-08-19T03:54:31.231Z] name: 'Estudando',
[2026-08-19T03:54:31.231Z] color: '#002aff',
[2026-08-19T03:54:31.231Z] duration_minutes: 30,
[2026-08-19T03:54:31.231Z] created_at: '2026-01-19T22:01:03.284823+00:00'
[2026-08-19T03:54:31.231Z] },
[2026-08-19T03:54:31.231Z] {
[2026-08-19T03:54:31.231Z] id: '4ec39e04-b451-4c7a-845d-571dc624e600',
[2026-08-19T03:54:31.231Z] user_id: '57fc7b0a-5ba0-42fb-ad0c-f15ee32c6df3',
[2026-08-19T03:54:31.231Z] name: 'Conteúdos',
[2026-08-19T03:54:31.231Z] color: '#00d13f',
[2026-08-19T03:54:31.231Z] duration_minutes: 27,
[2026-08-19T03:54:31.231Z] created_at: '2026-01-19T22:01:03.486292+00:00'
[2026-08-19T03:54:31.231Z] }
[2026-08-19T03:54:31.231Z] ]
[2026-08-19T03:54:31.231Z] }
[2026-08-19T03:54:31.231Z] [API /pomodoro/get-settings] Settings response: {
[2026-08-19T03:54:31.231Z] data: {
[2026-08-19T03:54:31.231Z] id: '6729871f-4efa-4304-a753-1f7dd1859400',
[2026-08-19T03:54:31.231Z] user_id: '57fc7b0a-5ba0-42fb-ad0c-f15ee32c6df3',
[2026-08-19T03:54:31.231Z] short_break_minutes: 5,
[2026-08-19T03:54:31.231Z] long_break_minutes: 15,
[2026-08-19T03:54:31.231Z] cycles_until_long_break: 4,
[2026-08-19T03:54:31.231Z] updated_at: '2026-01-31T22:04:42.725+00:00'
[2026-08-19T03:54:31.231Z] },
[2026-08-19T03:54:31.231Z] error: undefined
[2026-08-19T03:54:31.231Z] }
[2026-08-19T03:54:31.231Z] [API /pomodoro/get-settings] Sessions response: { count: 19, error: undefined }
[2026-08-19T03:54:31.231Z] [API /pomodoro/get-settings] Returning settings with 19 sessions
[2026-08-19T03:54:31.232Z] GET /api/pomodoro/get-settings 200 in 559ms
[2026-08-19T03:55:11.387Z] [ELIFECYCLE] Command failed.
[2026-08-19T03:55:11.458Z] [?25h
[2026-08-19T03:55:11.466Z] Dev server exited with code -1
[2026-08-19T03:55:12.576Z] Starting dev server with command: pnpm run dev
[2026-08-19T03:55:13.070Z] $ next dev --turbopack
[2026-08-19T03:55:14.413Z] ▲ Next.js 15.5.7 (Turbopack)
[2026-08-19T03:55:14.413Z] - Local:        http://localhost:3000
[2026-08-19T03:55:14.413Z] - Network:      http://169.254.0.21:3000
[2026-08-19T03:55:14.413Z] ✓ Starting...
[2026-08-19T03:55:15.165Z] ✓ Ready in 1187ms
[2026-08-19T03:55:15.677Z] ○ Compiling / ...
[2026-08-19T03:55:22.353Z] ✓ Compiled / in 7.2s
[2026-08-19T03:55:23.165Z] [PomodoroTimer] Initial categoryDurations from settings: { produtividade: 25, estudos: 50, descanso: 15 }
[2026-08-19T03:55:23.270Z] GET / 200 in 8100ms
[2026-08-19T03:55:23.838Z] ⚠ Blocked cross-origin request from 127.0.0.1 to /_next/* resource. To allow this, configure "allowedDevOrigins" in next.config
[2026-08-19T03:55:23.839Z] Read more: https://nextjs.org/docs/app/api-reference/config/next-config-js/allowedDevOrigins
[2026-08-19T03:55:31.100Z] ✓ Compiled /api/pomodoro/get-settings in 427ms
[2026-08-19T03:55:31.429Z] [API /pomodoro/get-settings] Starting request...
[2026-08-19T03:55:31.594Z] [API /pomodoro/get-settings] User authenticated: 57fc7b0a-5ba0-42fb-ad0c-f15ee32c6df3
[2026-08-19T03:55:31.752Z] [API /pomodoro/get-settings] Categories response: {
[2026-08-19T03:55:31.752Z] count: 3,
[2026-08-19T03:55:31.752Z] error: undefined,
[2026-08-19T03:55:31.752Z] data: [
[2026-08-19T03:55:31.752Z] {
[2026-08-19T03:55:31.752Z] id: '67040b77-248a-420d-8be2-5c5eca65ca8f',
[2026-08-19T03:55:31.752Z] user_id: '57fc7b0a-5ba0-42fb-ad0c-f15ee32c6df3',
[2026-08-19T03:55:31.752Z] name: 'Produzindo',
[2026-08-19T03:55:31.752Z] color: '#ff6600',
[2026-08-19T03:55:31.752Z] duration_minutes: 57,
[2026-08-19T03:55:31.752Z] created_at: '2026-01-19T22:01:03.082007+00:00'
[2026-08-19T03:55:31.752Z] },
[2026-08-19T03:55:31.752Z] {
[2026-08-19T03:55:31.752Z] id: '5e6728b1-cde5-4c8b-a296-116604eadee0',
[2026-08-19T03:55:31.752Z] user_id: '57fc7b0a-5ba0-42fb-ad0c-f15ee32c6df3',
[2026-08-19T03:55:31.752Z] name: 'Estudando',
[2026-08-19T03:55:31.752Z] color: '#002aff',
[2026-08-19T03:55:31.752Z] duration_minutes: 30,
[2026-08-19T03:55:31.752Z] created_at: '2026-01-19T22:01:03.284823+00:00'
[2026-08-19T03:55:31.752Z] },
[2026-08-19T03:55:31.752Z] {
[2026-08-19T03:55:31.752Z] id: '4ec39e04-b451-4c7a-845d-571dc624e600',
[2026-08-19T03:55:31.752Z] user_id: '57fc7b0a-5ba0-42fb-ad0c-f15ee32c6df3',
[2026-08-19T03:55:31.752Z] name: 'Conteúdos',
[2026-08-19T03:55:31.752Z] color: '#00d13f',
[2026-08-19T03:55:31.752Z] duration_minutes: 27,
[2026-08-19T03:55:31.752Z] created_at: '2026-01-19T22:01:03.486292+00:00'
[2026-08-19T03:55:31.752Z] }
[2026-08-19T03:55:31.752Z] ]
[2026-08-19T03:55:31.752Z] }
[2026-08-19T03:55:31.752Z] [API /pomodoro/get-settings] Settings response: {
[2026-08-19T03:55:31.752Z] data: {
[2026-08-19T03:55:31.752Z] id: '6729871f-4efa-4304-a753-1f7dd1859400',
[2026-08-19T03:55:31.752Z] user_id: '57fc7b0a-5ba0-42fb-ad0c-f15ee32c6df3',
[2026-08-19T03:55:31.752Z] short_break_minutes: 5,
[2026-08-19T03:55:31.752Z] long_break_minutes: 15,
[2026-08-19T03:55:31.752Z] cycles_until_long_break: 4,
[2026-08-19T03:55:31.752Z] updated_at: '2026-01-31T22:04:42.725+00:00'
[2026-08-19T03:55:31.752Z] },
[2026-08-19T03:55:31.752Z] error: undefined
[2026-08-19T03:55:31.752Z] }
[2026-08-19T03:55:31.752Z] [API /pomodoro/get-settings] Sessions response: { count: 19, error: undefined }
[2026-08-19T03:55:31.752Z] [API /pomodoro/get-settings] Returning settings with 19 sessions
[2026-08-19T03:55:31.756Z] GET /api/pomodoro/get-settings 200 in 1087ms
[2026-08-19T03:55:32.443Z] [PomodoroTimer] Initial categoryDurations from settings: { produtividade: 25, estudos: 50, descanso: 15 }
[2026-08-19T03:55:32.490Z] GET / 200 in 134ms
[2026-08-19T03:55:33.054Z] ⚠ Blocked cross-origin request from 3000-ih0lty215c9qdqm3to6te-a91e88fb.us4.manus.computer to /_next/* resource. To allow this, configure "allowedDevOrigins" in next.config
[2026-08-19T03:55:33.054Z] Read more: https://nextjs.org/docs/app/api-reference/config/next-config-js/allowedDevOrigins
[2026-08-19T03:55:36.901Z] [API /pomodoro/get-settings] Starting request...
[2026-08-19T03:55:37.052Z] [API /pomodoro/get-settings] User authenticated: 57fc7b0a-5ba0-42fb-ad0c-f15ee32c6df3
[2026-08-19T03:55:37.166Z] [API /pomodoro/get-settings] Categories response: {
[2026-08-19T03:55:37.166Z] count: 3,
[2026-08-19T03:55:37.166Z] error: undefined,
[2026-08-19T03:55:37.166Z] data: [
[2026-08-19T03:55:37.166Z] {
[2026-08-19T03:55:37.166Z] id: '67040b77-248a-420d-8be2-5c5eca65ca8f',
[2026-08-19T03:55:37.166Z] user_id: '57fc7b0a-5ba0-42fb-ad0c-f15ee32c6df3',
[2026-08-19T03:55:37.166Z] name: 'Produzindo',
[2026-08-19T03:55:37.166Z] color: '#ff6600',
[2026-08-19T03:55:37.166Z] duration_minutes: 57,
[2026-08-19T03:55:37.166Z] created_at: '2026-01-19T22:01:03.082007+00:00'
[2026-08-19T03:55:37.166Z] },
[2026-08-19T03:55:37.166Z] {
[2026-08-19T03:55:37.166Z] id: '5e6728b1-cde5-4c8b-a296-116604eadee0',
[2026-08-19T03:55:37.166Z] user_id: '57fc7b0a-5ba0-42fb-ad0c-f15ee32c6df3',
[2026-08-19T03:55:37.166Z] name: 'Estudando',
[2026-08-19T03:55:37.167Z] color: '#002aff',
[2026-08-19T03:55:37.167Z] duration_minutes: 30,
[2026-08-19T03:55:37.167Z] created_at: '2026-01-19T22:01:03.284823+00:00'
[2026-08-19T03:55:37.167Z] },
[2026-08-19T03:55:37.167Z] {
[2026-08-19T03:55:37.167Z] id: '4ec39e04-b451-4c7a-845d-571dc624e600',
[2026-08-19T03:55:37.167Z] user_id: '57fc7b0a-5ba0-42fb-ad0c-f15ee32c6df3',
[2026-08-19T03:55:37.167Z] name: 'Conteúdos',
[2026-08-19T03:55:37.167Z] color: '#00d13f',
[2026-08-19T03:55:37.167Z] duration_minutes: 27,
[2026-08-19T03:55:37.167Z] created_at: '2026-01-19T22:01:03.486292+00:00'
[2026-08-19T03:55:37.167Z] }
[2026-08-19T03:55:37.167Z] ]
[2026-08-19T03:55:37.167Z] }
[2026-08-19T03:55:37.167Z] [API /pomodoro/get-settings] Settings response: {
[2026-08-19T03:55:37.167Z] data: {
[2026-08-19T03:55:37.167Z] id: '6729871f-4efa-4304-a753-1f7dd1859400',
[2026-08-19T03:55:37.167Z] user_id: '57fc7b0a-5ba0-42fb-ad0c-f15ee32c6df3',
[2026-08-19T03:55:37.167Z] short_break_minutes: 5,
[2026-08-19T03:55:37.167Z] long_break_minutes: 15,
[2026-08-19T03:55:37.167Z] cycles_until_long_break: 4,
[2026-08-19T03:55:37.167Z] updated_at: '2026-01-31T22:04:42.725+00:00'
[2026-08-19T03:55:37.167Z] },
[2026-08-19T03:55:37.167Z] error: undefined
[2026-08-19T03:55:37.167Z] }
[2026-08-19T03:55:37.167Z] [API /pomodoro/get-settings] Sessions response: { count: 19, error: undefined }
[2026-08-19T03:55:37.167Z] [API /pomodoro/get-settings] Returning settings with 19 sessions
[2026-08-19T03:55:37.168Z] GET /api/pomodoro/get-settings 200 in 506ms
[2026-08-19T03:56:36.947Z] [API /pomodoro/get-settings] Starting request...
[2026-08-19T03:56:37.213Z] [API /pomodoro/get-settings] User authenticated: 57fc7b0a-5ba0-42fb-ad0c-f15ee32c6df3
[2026-08-19T03:56:37.389Z] [API /pomodoro/get-settings] Categories response: {
[2026-08-19T03:56:37.389Z] count: 3,
[2026-08-19T03:56:37.389Z] error: undefined,
[2026-08-19T03:56:37.389Z] data: [
[2026-08-19T03:56:37.389Z] {
[2026-08-19T03:56:37.389Z] id: '67040b77-248a-420d-8be2-5c5eca65ca8f',
[2026-08-19T03:56:37.389Z] user_id: '57fc7b0a-5ba0-42fb-ad0c-f15ee32c6df3',
[2026-08-19T03:56:37.389Z] name: 'Produzindo',
[2026-08-19T03:56:37.389Z] color: '#ff6600',
[2026-08-19T03:56:37.389Z] duration_minutes: 57,
[2026-08-19T03:56:37.389Z] created_at: '2026-01-19T22:01:03.082007+00:00'
[2026-08-19T03:56:37.389Z] },
[2026-08-19T03:56:37.389Z] {
[2026-08-19T03:56:37.389Z] id: '5e6728b1-cde5-4c8b-a296-116604eadee0',
[2026-08-19T03:56:37.389Z] user_id: '57fc7b0a-5ba0-42fb-ad0c-f15ee32c6df3',
[2026-08-19T03:56:37.389Z] name: 'Estudando',
[2026-08-19T03:56:37.389Z] color: '#002aff',
[2026-08-19T03:56:37.389Z] duration_minutes: 30,
[2026-08-19T03:56:37.389Z] created_at: '2026-01-19T22:01:03.284823+00:00'
[2026-08-19T03:56:37.389Z] },
[2026-08-19T03:56:37.389Z] {
[2026-08-19T03:56:37.389Z] id: '4ec39e04-b451-4c7a-845d-571dc624e600',
[2026-08-19T03:56:37.390Z] user_id: '57fc7b0a-5ba0-42fb-ad0c-f15ee32c6df3',
[2026-08-19T03:56:37.390Z] name: 'Conteúdos',
[2026-08-19T03:56:37.390Z] color: '#00d13f',
[2026-08-19T03:56:37.390Z] duration_minutes: 27,
[2026-08-19T03:56:37.390Z] created_at: '2026-01-19T22:01:03.486292+00:00'
[2026-08-19T03:56:37.390Z] }
[2026-08-19T03:56:37.390Z] ]
[2026-08-19T03:56:37.390Z] }
[2026-08-19T03:56:37.390Z] [API /pomodoro/get-settings] Settings response: {
[2026-08-19T03:56:37.390Z] data: {
[2026-08-19T03:56:37.390Z] id: '6729871f-4efa-4304-a753-1f7dd1859400',
[2026-08-19T03:56:37.390Z] user_id: '57fc7b0a-5ba0-42fb-ad0c-f15ee32c6df3',
[2026-08-19T03:56:37.390Z] short_break_minutes: 5,
[2026-08-19T03:56:37.390Z] long_break_minutes: 15,
[2026-08-19T03:56:37.390Z] cycles_until_long_break: 4,
[2026-08-19T03:56:37.390Z] updated_at: '2026-01-31T22:04:42.725+00:00'
[2026-08-19T03:56:37.390Z] },
[2026-08-19T03:56:37.390Z] error: undefined
[2026-08-19T03:56:37.390Z] }
[2026-08-19T03:56:37.390Z] [API /pomodoro/get-settings] Sessions response: { count: 19, error: undefined }
[2026-08-19T03:56:37.390Z] [API /pomodoro/get-settings] Returning settings with 19 sessions
[2026-08-19T03:56:37.394Z] GET /api/pomodoro/get-settings 200 in 715ms
[2026-08-19T03:56:41.130Z] [PomodoroTimer] Initial categoryDurations from settings: { produtividade: 25, estudos: 50, descanso: 15 }
[2026-08-19T03:56:41.175Z] GET /?from_webdev=1 200 in 134ms
[2026-08-19T03:56:46.120Z] [PomodoroTimer] Initial categoryDurations from settings: { produtividade: 25, estudos: 50, descanso: 15 }
[2026-08-19T03:56:46.158Z] HEAD / 200 in 139ms
[2026-08-19T03:56:46.749Z] [PomodoroTimer] Initial categoryDurations from settings: { produtividade: 25, estudos: 50, descanso: 15 }
[2026-08-19T03:56:46.793Z] GET /?from_webdev=1 200 in 128ms
[2026-08-19T03:56:48.618Z] [PomodoroTimer] Initial categoryDurations from settings: { produtividade: 25, estudos: 50, descanso: 15 }
[2026-08-19T03:56:48.666Z] GET /?from_webdev=1 200 in 133ms
[2026-08-19T03:56:53.342Z] [PomodoroTimer] Initial categoryDurations from settings: { produtividade: 25, estudos: 50, descanso: 15 }
[2026-08-19T03:56:53.375Z] HEAD / 200 in 113ms
[2026-08-19T03:56:54.766Z] [PomodoroTimer] Initial categoryDurations from settings: { produtividade: 25, estudos: 50, descanso: 15 }
[2026-08-19T03:56:54.815Z] GET /?from_webdev=1 200 in 132ms
[2026-08-19T03:57:03.024Z] [PomodoroTimer] Initial categoryDurations from settings: { produtividade: 25, estudos: 50, descanso: 15 }
[2026-08-19T03:57:03.093Z] GET /?from_webdev=1 200 in 728ms
[2026-08-19T03:57:07.865Z] [PomodoroTimer] Initial categoryDurations from settings: { produtividade: 25, estudos: 50, descanso: 15 }
[2026-08-19T03:57:07.904Z] HEAD / 200 in 136ms
[2026-08-19T03:57:08.743Z] [PomodoroTimer] Initial categoryDurations from settings: { produtividade: 25, estudos: 50, descanso: 15 }
[2026-08-19T03:57:08.783Z] GET /?from_webdev=1 200 in 122ms
[2026-08-19T03:57:24.099Z] ⨯ [Error: ENOENT: no such file or directory, open '/home/ubuntu/orchids-blindy/.next/server/app/api/pomodoro/get-settings/[__metadata_id__]/route/app-paths-manifest.json'] {
[2026-08-19T03:57:24.100Z] errno: -2,
[2026-08-19T03:57:24.100Z] code: 'ENOENT',
[2026-08-19T03:57:24.100Z] syscall: 'open',
[2026-08-19T03:57:24.100Z] path: '/home/ubuntu/orchids-blindy/.next/server/app/api/pomodoro/get-settings/[__metadata_id__]/route/app-paths-manifest.json'
[2026-08-19T03:57:24.100Z] }
[2026-08-19T03:57:24.604Z] ○ Compiling /_error ...
[2026-08-19T03:57:25.567Z] ✓ Compiled /_error in 1465ms
[2026-08-19T03:57:25.598Z] ⨯ [Error: ENOENT: no such file or directory, open '/home/ubuntu/orchids-blindy/.next/static/development/_buildManifest.js.tmp.6vi8if2v2sm'] {
[2026-08-19T03:57:25.598Z] errno: -2,
[2026-08-19T03:57:25.598Z] code: 'ENOENT',
[2026-08-19T03:57:25.598Z] syscall: 'open',
[2026-08-19T03:57:25.598Z] path: '/home/ubuntu/orchids-blindy/.next/static/development/_buildManifest.js.tmp.6vi8if2v2sm'
[2026-08-19T03:57:25.598Z] }
[2026-08-19T03:57:25.643Z] [Error: ENOENT: no such file or directory, open '/home/ubuntu/orchids-blindy/.next/server/app/api/pomodoro/get-settings/[__metadata_id__]/route/app-paths-manifest.json'] {
[2026-08-19T03:57:25.643Z] errno: -2,
[2026-08-19T03:57:25.643Z] code: 'ENOENT',
[2026-08-19T03:57:25.643Z] syscall: 'open',
[2026-08-19T03:57:25.643Z] path: '/home/ubuntu/orchids-blindy/.next/server/app/api/pomodoro/get-settings/[__metadata_id__]/route/app-paths-manifest.json'
[2026-08-19T03:57:25.643Z] }
[2026-08-19T03:57:25.708Z] ⨯ [Error: ENOENT: no such file or directory, open '/home/ubuntu/orchids-blindy/.next/static/development/_buildManifest.js.tmp.wdolhhcitz'] {
[2026-08-19T03:57:25.708Z] errno: -2,
[2026-08-19T03:57:25.708Z] code: 'ENOENT',
[2026-08-19T03:57:25.708Z] syscall: 'open',
[2026-08-19T03:57:25.708Z] path: '/home/ubuntu/orchids-blindy/.next/static/development/_buildManifest.js.tmp.wdolhhcitz'
[2026-08-19T03:57:25.708Z] }
[2026-08-19T03:57:25.739Z] [Error: ENOENT: no such file or directory, open '/home/ubuntu/orchids-blindy/.next/static/development/_buildManifest.js.tmp.7iewpdm8ror'] {
[2026-08-19T03:57:25.739Z] errno: -2,
[2026-08-19T03:57:25.739Z] code: 'ENOENT',
[2026-08-19T03:57:25.739Z] syscall: 'open',
[2026-08-19T03:57:25.739Z] path: '/home/ubuntu/orchids-blindy/.next/static/development/_buildManifest.js.tmp.7iewpdm8ror'
[2026-08-19T03:57:25.739Z] }
[2026-08-19T03:58:03.661Z] ⨯ [Error: ENOENT: no such file or directory, open '/home/ubuntu/orchids-blindy/.next/server/app/page/app-build-manifest.json'] {
[2026-08-19T03:58:03.661Z] errno: -2,
[2026-08-19T03:58:03.661Z] code: 'ENOENT',
[2026-08-19T03:58:03.661Z] syscall: 'open',
[2026-08-19T03:58:03.661Z] path: '/home/ubuntu/orchids-blindy/.next/server/app/page/app-build-manifest.json'
[2026-08-19T03:58:03.661Z] }
[2026-08-19T03:58:03.715Z] ⨯ [Error: ENOENT: no such file or directory, open '/home/ubuntu/orchids-blindy/.next/static/development/_buildManifest.js.tmp.cf1wvlrnumo'] {
[2026-08-19T03:58:03.715Z] errno: -2,
[2026-08-19T03:58:03.715Z] code: 'ENOENT',
[2026-08-19T03:58:03.715Z] syscall: 'open',
[2026-08-19T03:58:03.715Z] path: '/home/ubuntu/orchids-blindy/.next/static/development/_buildManifest.js.tmp.cf1wvlrnumo'
[2026-08-19T03:58:03.715Z] }
[2026-08-19T03:58:03.772Z] [Error: ENOENT: no such file or directory, open '/home/ubuntu/orchids-blindy/.next/server/app/page/app-build-manifest.json'] {
[2026-08-19T03:58:03.772Z] errno: -2,
[2026-08-19T03:58:03.772Z] code: 'ENOENT',
[2026-08-19T03:58:03.772Z] syscall: 'open',
[2026-08-19T03:58:03.772Z] path: '/home/ubuntu/orchids-blindy/.next/server/app/page/app-build-manifest.json'
[2026-08-19T03:58:03.772Z] }
[2026-08-19T03:58:03.808Z] ⨯ [Error: ENOENT: no such file or directory, open '/home/ubuntu/orchids-blindy/.next/static/development/_buildManifest.js.tmp.r1fkchi7ff7'] {
[2026-08-19T03:58:03.808Z] errno: -2,
[2026-08-19T03:58:03.808Z] code: 'ENOENT',
[2026-08-19T03:58:03.808Z] syscall: 'open',
[2026-08-19T03:58:03.808Z] path: '/home/ubuntu/orchids-blindy/.next/static/development/_buildManifest.js.tmp.r1fkchi7ff7'
[2026-08-19T03:58:03.808Z] }
[2026-08-19T03:58:03.843Z] [Error: ENOENT: no such file or directory, open '/home/ubuntu/orchids-blindy/.next/static/development/_buildManifest.js.tmp.vdi49x7egfd'] {
[2026-08-19T03:58:03.843Z] errno: -2,
[2026-08-19T03:58:03.843Z] code: 'ENOENT',
[2026-08-19T03:58:03.843Z] syscall: 'open',
[2026-08-19T03:58:03.844Z] path: '/home/ubuntu/orchids-blindy/.next/static/development/_buildManifest.js.tmp.vdi49x7egfd'
[2026-08-19T03:58:03.844Z] }
[2026-08-19T03:58:04.246Z] ⨯ [Error: ENOENT: no such file or directory, open '/home/ubuntu/orchids-blindy/.next/server/app/page/app-build-manifest.json'] {
[2026-08-19T03:58:04.246Z] errno: -2,
[2026-08-19T03:58:04.246Z] code: 'ENOENT',
[2026-08-19T03:58:04.246Z] syscall: 'open',
[2026-08-19T03:58:04.247Z] path: '/home/ubuntu/orchids-blindy/.next/server/app/page/app-build-manifest.json'
[2026-08-19T03:58:04.247Z] }
[2026-08-19T03:58:04.282Z] ⨯ [Error: ENOENT: no such file or directory, open '/home/ubuntu/orchids-blindy/.next/static/development/_buildManifest.js.tmp.twees938q9m'] {
[2026-08-19T03:58:04.282Z] errno: -2,
[2026-08-19T03:58:04.282Z] code: 'ENOENT',
[2026-08-19T03:58:04.282Z] syscall: 'open',
[2026-08-19T03:58:04.282Z] path: '/home/ubuntu/orchids-blindy/.next/static/development/_buildManifest.js.tmp.twees938q9m'
[2026-08-19T03:58:04.282Z] }
[2026-08-19T03:58:04.337Z] [Error: ENOENT: no such file or directory, open '/home/ubuntu/orchids-blindy/.next/server/app/page/app-build-manifest.json'] {
[2026-08-19T03:58:04.338Z] errno: -2,
[2026-08-19T03:58:04.338Z] code: 'ENOENT',
[2026-08-19T03:58:04.338Z] syscall: 'open',
[2026-08-19T03:58:04.338Z] path: '/home/ubuntu/orchids-blindy/.next/server/app/page/app-build-manifest.json'
[2026-08-19T03:58:04.338Z] }
[2026-08-19T03:58:04.372Z] ⨯ [Error: ENOENT: no such file or directory, open '/home/ubuntu/orchids-blindy/.next/static/development/_buildManifest.js.tmp.jvhte7j9468'] {
[2026-08-19T03:58:04.372Z] errno: -2,
[2026-08-19T03:58:04.372Z] code: 'ENOENT',
[2026-08-19T03:58:04.372Z] syscall: 'open',
[2026-08-19T03:58:04.372Z] path: '/home/ubuntu/orchids-blindy/.next/static/development/_buildManifest.js.tmp.jvhte7j9468'
[2026-08-19T03:58:04.372Z] }
[2026-08-19T03:58:04.404Z] [Error: ENOENT: no such file or directory, open '/home/ubuntu/orchids-blindy/.next/static/development/_buildManifest.js.tmp.hybncqs74l9'] {
[2026-08-19T03:58:04.404Z] errno: -2,
[2026-08-19T03:58:04.404Z] code: 'ENOENT',
[2026-08-19T03:58:04.404Z] syscall: 'open',
[2026-08-19T03:58:04.404Z] path: '/home/ubuntu/orchids-blindy/.next/static/development/_buildManifest.js.tmp.hybncqs74l9'
[2026-08-19T03:58:04.404Z] }
[2026-08-19T03:58:05.691Z] ⨯ [Error: ENOENT: no such file or directory, open '/home/ubuntu/orchids-blindy/.next/server/app/page/app-build-manifest.json'] {
[2026-08-19T03:58:05.691Z] errno: -2,
[2026-08-19T03:58:05.691Z] code: 'ENOENT',
[2026-08-19T03:58:05.691Z] syscall: 'open',
[2026-08-19T03:58:05.691Z] path: '/home/ubuntu/orchids-blindy/.next/server/app/page/app-build-manifest.json'
[2026-08-19T03:58:05.691Z] }
[2026-08-19T03:58:05.730Z] ⨯ [Error: ENOENT: no such file or directory, open '/home/ubuntu/orchids-blindy/.next/static/development/_buildManifest.js.tmp.k9hauf7vocg'] {
[2026-08-19T03:58:05.730Z] errno: -2,
[2026-08-19T03:58:05.730Z] code: 'ENOENT',
[2026-08-19T03:58:05.730Z] syscall: 'open',
[2026-08-19T03:58:05.730Z] path: '/home/ubuntu/orchids-blindy/.next/static/development/_buildManifest.js.tmp.k9hauf7vocg'
[2026-08-19T03:58:05.730Z] }
[2026-08-19T03:58:05.767Z] [Error: ENOENT: no such file or directory, open '/home/ubuntu/orchids-blindy/.next/server/app/page/app-build-manifest.json'] {
[2026-08-19T03:58:05.767Z] errno: -2,
[2026-08-19T03:58:05.767Z] code: 'ENOENT',
[2026-08-19T03:58:05.767Z] syscall: 'open',
[2026-08-19T03:58:05.767Z] path: '/home/ubuntu/orchids-blindy/.next/server/app/page/app-build-manifest.json'
[2026-08-19T03:58:05.767Z] }
[2026-08-19T03:58:05.797Z] ⨯ [Error: ENOENT: no such file or directory, open '/home/ubuntu/orchids-blindy/.next/static/development/_buildManifest.js.tmp.qnsj8ro0nif'] {
[2026-08-19T03:58:05.797Z] errno: -2,
[2026-08-19T03:58:05.797Z] code: 'ENOENT',
[2026-08-19T03:58:05.797Z] syscall: 'open',
[2026-08-19T03:58:05.797Z] path: '/home/ubuntu/orchids-blindy/.next/static/development/_buildManifest.js.tmp.qnsj8ro0nif'
[2026-08-19T03:58:05.797Z] }
[2026-08-19T03:58:05.827Z] [Error: ENOENT: no such file or directory, open '/home/ubuntu/orchids-blindy/.next/static/development/_buildManifest.js.tmp.iaxrbl8685'] {
[2026-08-19T03:58:05.827Z] errno: -2,
[2026-08-19T03:58:05.827Z] code: 'ENOENT',
[2026-08-19T03:58:05.827Z] syscall: 'open',
[2026-08-19T03:58:05.827Z] path: '/home/ubuntu/orchids-blindy/.next/static/development/_buildManifest.js.tmp.iaxrbl8685'
[2026-08-19T03:58:05.827Z] }
[2026-08-19T03:58:06.692Z] ⨯ [Error: ENOENT: no such file or directory, open '/home/ubuntu/orchids-blindy/.next/server/app/page/app-build-manifest.json'] {
[2026-08-19T03:58:06.692Z] errno: -2,
[2026-08-19T03:58:06.692Z] code: 'ENOENT',
[2026-08-19T03:58:06.692Z] syscall: 'open',
[2026-08-19T03:58:06.692Z] path: '/home/ubuntu/orchids-blindy/.next/server/app/page/app-build-manifest.json'
[2026-08-19T03:58:06.692Z] }
[2026-08-19T03:58:06.731Z] ⨯ [Error: ENOENT: no such file or directory, open '/home/ubuntu/orchids-blindy/.next/static/development/_buildManifest.js.tmp.qc2q9zvtphc'] {
[2026-08-19T03:58:06.731Z] errno: -2,
[2026-08-19T03:58:06.731Z] code: 'ENOENT',
[2026-08-19T03:58:06.731Z] syscall: 'open',
[2026-08-19T03:58:06.731Z] path: '/home/ubuntu/orchids-blindy/.next/static/development/_buildManifest.js.tmp.qc2q9zvtphc'
[2026-08-19T03:58:06.731Z] }
[2026-08-19T03:58:06.769Z] [Error: ENOENT: no such file or directory, open '/home/ubuntu/orchids-blindy/.next/server/app/page/app-build-manifest.json'] {
[2026-08-19T03:58:06.769Z] errno: -2,
[2026-08-19T03:58:06.769Z] code: 'ENOENT',
[2026-08-19T03:58:06.769Z] syscall: 'open',
[2026-08-19T03:58:06.769Z] path: '/home/ubuntu/orchids-blindy/.next/server/app/page/app-build-manifest.json'
[2026-08-19T03:58:06.769Z] }
[2026-08-19T03:58:06.802Z] ⨯ [Error: ENOENT: no such file or directory, open '/home/ubuntu/orchids-blindy/.next/static/development/_buildManifest.js.tmp.8henmhdpug4'] {
[2026-08-19T03:58:06.802Z] errno: -2,
[2026-08-19T03:58:06.802Z] code: 'ENOENT',
[2026-08-19T03:58:06.802Z] syscall: 'open',
[2026-08-19T03:58:06.802Z] path: '/home/ubuntu/orchids-blindy/.next/static/development/_buildManifest.js.tmp.8henmhdpug4'
[2026-08-19T03:58:06.802Z] }
[2026-08-19T03:58:06.833Z] [Error: ENOENT: no such file or directory, open '/home/ubuntu/orchids-blindy/.next/static/development/_buildManifest.js.tmp.a9ghqy9uert'] {
[2026-08-19T03:58:06.833Z] errno: -2,
[2026-08-19T03:58:06.833Z] code: 'ENOENT',
[2026-08-19T03:58:06.833Z] syscall: 'open',
[2026-08-19T03:58:06.833Z] path: '/home/ubuntu/orchids-blindy/.next/static/development/_buildManifest.js.tmp.a9ghqy9uert'
[2026-08-19T03:58:06.833Z] }
[2026-08-19T03:58:07.693Z] ⨯ [Error: ENOENT: no such file or directory, open '/home/ubuntu/orchids-blindy/.next/server/app/page/app-build-manifest.json'] {
[2026-08-19T03:58:07.693Z] errno: -2,
[2026-08-19T03:58:07.693Z] code: 'ENOENT',
[2026-08-19T03:58:07.693Z] syscall: 'open',
[2026-08-19T03:58:07.693Z] path: '/home/ubuntu/orchids-blindy/.next/server/app/page/app-build-manifest.json'
[2026-08-19T03:58:07.693Z] }
[2026-08-19T03:58:07.728Z] ⨯ [Error: ENOENT: no such file or directory, open '/home/ubuntu/orchids-blindy/.next/static/development/_buildManifest.js.tmp.tovej45701b'] {
[2026-08-19T03:58:07.728Z] errno: -2,
[2026-08-19T03:58:07.728Z] code: 'ENOENT',
[2026-08-19T03:58:07.728Z] syscall: 'open',
[2026-08-19T03:58:07.728Z] path: '/home/ubuntu/orchids-blindy/.next/static/development/_buildManifest.js.tmp.tovej45701b'
[2026-08-19T03:58:07.728Z] }
[2026-08-19T03:58:07.760Z] [Error: ENOENT: no such file or directory, open '/home/ubuntu/orchids-blindy/.next/server/app/page/app-build-manifest.json'] {
[2026-08-19T03:58:07.760Z] errno: -2,
[2026-08-19T03:58:07.760Z] code: 'ENOENT',
[2026-08-19T03:58:07.760Z] syscall: 'open',
[2026-08-19T03:58:07.760Z] path: '/home/ubuntu/orchids-blindy/.next/server/app/page/app-build-manifest.json'
[2026-08-19T03:58:07.760Z] }
[2026-08-19T03:58:07.792Z] ⨯ [Error: ENOENT: no such file or directory, open '/home/ubuntu/orchids-blindy/.next/static/development/_buildManifest.js.tmp.0gkqn8fgtd2h'] {
[2026-08-19T03:58:07.792Z] errno: -2,
[2026-08-19T03:58:07.792Z] code: 'ENOENT',
[2026-08-19T03:58:07.792Z] syscall: 'open',
[2026-08-19T03:58:07.792Z] path: '/home/ubuntu/orchids-blindy/.next/static/development/_buildManifest.js.tmp.0gkqn8fgtd2h'
[2026-08-19T03:58:07.792Z] }
[2026-08-19T03:58:07.824Z] [Error: ENOENT: no such file or directory, open '/home/ubuntu/orchids-blindy/.next/static/development/_buildManifest.js.tmp.x5wpdgmvto'] {
[2026-08-19T03:58:07.825Z] errno: -2,
[2026-08-19T03:58:07.825Z] code: 'ENOENT',
[2026-08-19T03:58:07.825Z] syscall: 'open',
[2026-08-19T03:58:07.825Z] path: '/home/ubuntu/orchids-blindy/.next/static/development/_buildManifest.js.tmp.x5wpdgmvto'
[2026-08-19T03:58:07.825Z] }
[2026-08-19T03:58:08.691Z] ⨯ [Error: ENOENT: no such file or directory, open '/home/ubuntu/orchids-blindy/.next/server/app/page/app-build-manifest.json'] {
[2026-08-19T03:58:08.691Z] errno: -2,
[2026-08-19T03:58:08.691Z] code: 'ENOENT',
[2026-08-19T03:58:08.691Z] syscall: 'open',
[2026-08-19T03:58:08.691Z] path: '/home/ubuntu/orchids-blindy/.next/server/app/page/app-build-manifest.json'
[2026-08-19T03:58:08.691Z] }
[2026-08-19T03:58:08.726Z] ⨯ [Error: ENOENT: no such file or directory, open '/home/ubuntu/orchids-blindy/.next/static/development/_buildManifest.js.tmp.kbj4t22031'] {
[2026-08-19T03:58:08.726Z] errno: -2,
[2026-08-19T03:58:08.726Z] code: 'ENOENT',
[2026-08-19T03:58:08.726Z] syscall: 'open',
[2026-08-19T03:58:08.726Z] path: '/home/ubuntu/orchids-blindy/.next/static/development/_buildManifest.js.tmp.kbj4t22031'
[2026-08-19T03:58:08.726Z] }
[2026-08-19T03:58:08.762Z] [Error: ENOENT: no such file or directory, open '/home/ubuntu/orchids-blindy/.next/server/app/page/app-build-manifest.json'] {
[2026-08-19T03:58:08.762Z] errno: -2,
[2026-08-19T03:58:08.762Z] code: 'ENOENT',
[2026-08-19T03:58:08.762Z] syscall: 'open',
[2026-08-19T03:58:08.762Z] path: '/home/ubuntu/orchids-blindy/.next/server/app/page/app-build-manifest.json'
[2026-08-19T03:58:08.762Z] }
[2026-08-19T03:58:08.788Z] ⨯ [Error: ENOENT: no such file or directory, open '/home/ubuntu/orchids-blindy/.next/server/app/page/app-build-manifest.json'] {
[2026-08-19T03:58:08.788Z] errno: -2,
[2026-08-19T03:58:08.788Z] code: 'ENOENT',
[2026-08-19T03:58:08.788Z] syscall: 'open',
[2026-08-19T03:58:08.788Z] path: '/home/ubuntu/orchids-blindy/.next/server/app/page/app-build-manifest.json'
[2026-08-19T03:58:08.788Z] }
[2026-08-19T03:58:08.823Z] ⨯ [Error: ENOENT: no such file or directory, open '/home/ubuntu/orchids-blindy/.next/static/development/_buildManifest.js.tmp.avf2w3c7ua'] {
[2026-08-19T03:58:08.823Z] errno: -2,
[2026-08-19T03:58:08.823Z] code: 'ENOENT',
[2026-08-19T03:58:08.823Z] syscall: 'open',
[2026-08-19T03:58:08.823Z] path: '/home/ubuntu/orchids-blindy/.next/static/development/_buildManifest.js.tmp.avf2w3c7ua'
[2026-08-19T03:58:08.823Z] }
[2026-08-19T03:58:08.858Z] ⨯ [Error: ENOENT: no such file or directory, open '/home/ubuntu/orchids-blindy/.next/static/development/_buildManifest.js.tmp.144s2jzq4zy'] {
[2026-08-19T03:58:08.858Z] errno: -2,
[2026-08-19T03:58:08.858Z] code: 'ENOENT',
[2026-08-19T03:58:08.858Z] syscall: 'open',
[2026-08-19T03:58:08.858Z] path: '/home/ubuntu/orchids-blindy/.next/static/development/_buildManifest.js.tmp.144s2jzq4zy'
[2026-08-19T03:58:08.858Z] }
[2026-08-19T03:58:08.900Z] [Error: ENOENT: no such file or directory, open '/home/ubuntu/orchids-blindy/.next/static/development/_buildManifest.js.tmp.azlyxehrye9'] {
[2026-08-19T03:58:08.900Z] errno: -2,
[2026-08-19T03:58:08.901Z] code: 'ENOENT',
[2026-08-19T03:58:08.901Z] syscall: 'open',
[2026-08-19T03:58:08.901Z] path: '/home/ubuntu/orchids-blindy/.next/static/development/_buildManifest.js.tmp.azlyxehrye9'
[2026-08-19T03:58:08.901Z] }
[2026-08-19T03:58:08.925Z] [Error: ENOENT: no such file or directory, open '/home/ubuntu/orchids-blindy/.next/server/app/page/app-build-manifest.json'] {
[2026-08-19T03:58:08.925Z] errno: -2,
[2026-08-19T03:58:08.926Z] code: 'ENOENT',
[2026-08-19T03:58:08.926Z] syscall: 'open',
[2026-08-19T03:58:08.926Z] path: '/home/ubuntu/orchids-blindy/.next/server/app/page/app-build-manifest.json'
[2026-08-19T03:58:08.926Z] }
[2026-08-19T03:58:08.953Z] ⨯ [Error: ENOENT: no such file or directory, open '/home/ubuntu/orchids-blindy/.next/static/development/_buildManifest.js.tmp.tybor3rajed'] {
[2026-08-19T03:58:08.953Z] errno: -2,
[2026-08-19T03:58:08.953Z] code: 'ENOENT',
[2026-08-19T03:58:08.953Z] syscall: 'open',
[2026-08-19T03:58:08.953Z] path: '/home/ubuntu/orchids-blindy/.next/static/development/_buildManifest.js.tmp.tybor3rajed'
[2026-08-19T03:58:08.953Z] }
[2026-08-19T03:58:08.982Z] [Error: ENOENT: no such file or directory, open '/home/ubuntu/orchids-blindy/.next/static/development/_buildManifest.js.tmp.pwkij5cisj'] {
[2026-08-19T03:58:08.982Z] errno: -2,
[2026-08-19T03:58:08.982Z] code: 'ENOENT',
[2026-08-19T03:58:08.982Z] syscall: 'open',
[2026-08-19T03:58:08.982Z] path: '/home/ubuntu/orchids-blindy/.next/static/development/_buildManifest.js.tmp.pwkij5cisj'
[2026-08-19T03:58:08.982Z] }
[2026-08-19T03:58:09.694Z] ⨯ [Error: ENOENT: no such file or directory, open '/home/ubuntu/orchids-blindy/.next/server/app/page/app-build-manifest.json'] {
[2026-08-19T03:58:09.694Z] errno: -2,
[2026-08-19T03:58:09.694Z] code: 'ENOENT',
[2026-08-19T03:58:09.694Z] syscall: 'open',
[2026-08-19T03:58:09.694Z] path: '/home/ubuntu/orchids-blindy/.next/server/app/page/app-build-manifest.json'
[2026-08-19T03:58:09.694Z] }
[2026-08-19T03:58:09.729Z] ⨯ [Error: ENOENT: no such file or directory, open '/home/ubuntu/orchids-blindy/.next/static/development/_buildManifest.js.tmp.t17h69trumg'] {
[2026-08-19T03:58:09.729Z] errno: -2,
[2026-08-19T03:58:09.729Z] code: 'ENOENT',
[2026-08-19T03:58:09.729Z] syscall: 'open',
[2026-08-19T03:58:09.729Z] path: '/home/ubuntu/orchids-blindy/.next/static/development/_buildManifest.js.tmp.t17h69trumg'
[2026-08-19T03:58:09.729Z] }
[2026-08-19T03:58:09.764Z] [Error: ENOENT: no such file or directory, open '/home/ubuntu/orchids-blindy/.next/server/app/page/app-build-manifest.json'] {
[2026-08-19T03:58:09.764Z] errno: -2,
[2026-08-19T03:58:09.764Z] code: 'ENOENT',
[2026-08-19T03:58:09.764Z] syscall: 'open',
[2026-08-19T03:58:09.764Z] path: '/home/ubuntu/orchids-blindy/.next/server/app/page/app-build-manifest.json'
[2026-08-19T03:58:09.764Z] }
[2026-08-19T03:58:09.792Z] ⨯ [Error: ENOENT: no such file or directory, open '/home/ubuntu/orchids-blindy/.next/static/development/_buildManifest.js.tmp.zyn5xhp40t'] {
[2026-08-19T03:58:09.792Z] errno: -2,
[2026-08-19T03:58:09.792Z] code: 'ENOENT',
[2026-08-19T03:58:09.792Z] syscall: 'open',
[2026-08-19T03:58:09.792Z] path: '/home/ubuntu/orchids-blindy/.next/static/development/_buildManifest.js.tmp.zyn5xhp40t'
[2026-08-19T03:58:09.792Z] }
[2026-08-19T03:58:09.821Z] [Error: ENOENT: no such file or directory, open '/home/ubuntu/orchids-blindy/.next/static/development/_buildManifest.js.tmp.hwmi7ryokt'] {
[2026-08-19T03:58:09.821Z] errno: -2,
[2026-08-19T03:58:09.821Z] code: 'ENOENT',
[2026-08-19T03:58:09.821Z] syscall: 'open',
[2026-08-19T03:58:09.821Z] path: '/home/ubuntu/orchids-blindy/.next/static/development/_buildManifest.js.tmp.hwmi7ryokt'
[2026-08-19T03:58:09.821Z] }
[2026-08-19T03:58:10.690Z] ⨯ [Error: ENOENT: no such file or directory, open '/home/ubuntu/orchids-blindy/.next/server/app/page/app-build-manifest.json'] {
[2026-08-19T03:58:10.690Z] errno: -2,
[2026-08-19T03:58:10.690Z] code: 'ENOENT',
[2026-08-19T03:58:10.690Z] syscall: 'open',
[2026-08-19T03:58:10.690Z] path: '/home/ubuntu/orchids-blindy/.next/server/app/page/app-build-manifest.json'
[2026-08-19T03:58:10.690Z] }
[2026-08-19T03:58:10.723Z] ⨯ [Error: ENOENT: no such file or directory, open '/home/ubuntu/orchids-blindy/.next/static/development/_buildManifest.js.tmp.n4xsbt63lp8'] {
[2026-08-19T03:58:10.724Z] errno: -2,
[2026-08-19T03:58:10.724Z] code: 'ENOENT',
[2026-08-19T03:58:10.724Z] syscall: 'open',
[2026-08-19T03:58:10.724Z] path: '/home/ubuntu/orchids-blindy/.next/static/development/_buildManifest.js.tmp.n4xsbt63lp8'
[2026-08-19T03:58:10.724Z] }
[2026-08-19T03:58:10.758Z] [Error: ENOENT: no such file or directory, open '/home/ubuntu/orchids-blindy/.next/server/app/page/app-build-manifest.json'] {
[2026-08-19T03:58:10.758Z] errno: -2,
[2026-08-19T03:58:10.758Z] code: 'ENOENT',
[2026-08-19T03:58:10.758Z] syscall: 'open',
[2026-08-19T03:58:10.758Z] path: '/home/ubuntu/orchids-blindy/.next/server/app/page/app-build-manifest.json'
[2026-08-19T03:58:10.758Z] }
[2026-08-19T03:58:10.786Z] ⨯ [Error: ENOENT: no such file or directory, open '/home/ubuntu/orchids-blindy/.next/static/development/_buildManifest.js.tmp.82f1ihldokk'] {
[2026-08-19T03:58:10.786Z] errno: -2,
[2026-08-19T03:58:10.786Z] code: 'ENOENT',
[2026-08-19T03:58:10.786Z] syscall: 'open',
[2026-08-19T03:58:10.786Z] path: '/home/ubuntu/orchids-blindy/.next/static/development/_buildManifest.js.tmp.82f1ihldokk'
[2026-08-19T03:58:10.786Z] }
[2026-08-19T03:58:10.814Z] [Error: ENOENT: no such file or directory, open '/home/ubuntu/orchids-blindy/.next/static/development/_buildManifest.js.tmp.m1o4k9xssz'] {
[2026-08-19T03:58:10.814Z] errno: -2,
[2026-08-19T03:58:10.814Z] code: 'ENOENT',
[2026-08-19T03:58:10.814Z] syscall: 'open',
[2026-08-19T03:58:10.814Z] path: '/home/ubuntu/orchids-blindy/.next/static/development/_buildManifest.js.tmp.m1o4k9xssz'
[2026-08-19T03:58:10.814Z] }
[2026-08-19T03:58:11.690Z] ⨯ [Error: ENOENT: no such file or directory, open '/home/ubuntu/orchids-blindy/.next/server/app/page/app-build-manifest.json'] {
[2026-08-19T03:58:11.690Z] errno: -2,
[2026-08-19T03:58:11.690Z] code: 'ENOENT',
[2026-08-19T03:58:11.690Z] syscall: 'open',
[2026-08-19T03:58:11.690Z] path: '/home/ubuntu/orchids-blindy/.next/server/app/page/app-build-manifest.json'
[2026-08-19T03:58:11.690Z] }
[2026-08-19T03:58:11.726Z] ⨯ [Error: ENOENT: no such file or directory, open '/home/ubuntu/orchids-blindy/.next/static/development/_buildManifest.js.tmp.o8sm7sfecxs'] {
[2026-08-19T03:58:11.726Z] errno: -2,
[2026-08-19T03:58:11.726Z] code: 'ENOENT',
[2026-08-19T03:58:11.726Z] syscall: 'open',
[2026-08-19T03:58:11.726Z] path: '/home/ubuntu/orchids-blindy/.next/static/development/_buildManifest.js.tmp.o8sm7sfecxs'
[2026-08-19T03:58:11.726Z] }
[2026-08-19T03:58:11.762Z] [Error: ENOENT: no such file or directory, open '/home/ubuntu/orchids-blindy/.next/server/app/page/app-build-manifest.json'] {
[2026-08-19T03:58:11.762Z] errno: -2,
[2026-08-19T03:58:11.762Z] code: 'ENOENT',
[2026-08-19T03:58:11.762Z] syscall: 'open',
[2026-08-19T03:58:11.762Z] path: '/home/ubuntu/orchids-blindy/.next/server/app/page/app-build-manifest.json'
[2026-08-19T03:58:11.762Z] }
[2026-08-19T03:58:11.790Z] ⨯ [Error: ENOENT: no such file or directory, open '/home/ubuntu/orchids-blindy/.next/static/development/_buildManifest.js.tmp.xn08qgtse1h'] {
[2026-08-19T03:58:11.790Z] errno: -2,
[2026-08-19T03:58:11.790Z] code: 'ENOENT',
[2026-08-19T03:58:11.790Z] syscall: 'open',
[2026-08-19T03:58:11.790Z] path: '/home/ubuntu/orchids-blindy/.next/static/development/_buildManifest.js.tmp.xn08qgtse1h'
[2026-08-19T03:58:11.790Z] }
[2026-08-19T03:58:11.818Z] [Error: ENOENT: no such file or directory, open '/home/ubuntu/orchids-blindy/.next/static/development/_buildManifest.js.tmp.ihp2uqjb96'] {
[2026-08-19T03:58:11.818Z] errno: -2,
[2026-08-19T03:58:11.818Z] code: 'ENOENT',
[2026-08-19T03:58:11.818Z] syscall: 'open',
[2026-08-19T03:58:11.819Z] path: '/home/ubuntu/orchids-blindy/.next/static/development/_buildManifest.js.tmp.ihp2uqjb96'
[2026-08-19T03:58:11.819Z] }
[2026-08-19T03:58:12.694Z] ⨯ [Error: ENOENT: no such file or directory, open '/home/ubuntu/orchids-blindy/.next/server/app/page/app-build-manifest.json'] {
[2026-08-19T03:58:12.694Z] errno: -2,
[2026-08-19T03:58:12.694Z] code: 'ENOENT',
[2026-08-19T03:58:12.694Z] syscall: 'open',
[2026-08-19T03:58:12.694Z] path: '/home/ubuntu/orchids-blindy/.next/server/app/page/app-build-manifest.json'
[2026-08-19T03:58:12.694Z] }
[2026-08-19T03:58:12.732Z] ⨯ [Error: ENOENT: no such file or directory, open '/home/ubuntu/orchids-blindy/.next/static/development/_buildManifest.js.tmp.13rnr702o0co'] {
[2026-08-19T03:58:12.732Z] errno: -2,
[2026-08-19T03:58:12.732Z] code: 'ENOENT',
[2026-08-19T03:58:12.732Z] syscall: 'open',
[2026-08-19T03:58:12.732Z] path: '/home/ubuntu/orchids-blindy/.next/static/development/_buildManifest.js.tmp.13rnr702o0co'
[2026-08-19T03:58:12.732Z] }
[2026-08-19T03:58:12.768Z] [Error: ENOENT: no such file or directory, open '/home/ubuntu/orchids-blindy/.next/server/app/page/app-build-manifest.json'] {
[2026-08-19T03:58:12.768Z] errno: -2,
[2026-08-19T03:58:12.768Z] code: 'ENOENT',
[2026-08-19T03:58:12.768Z] syscall: 'open',
[2026-08-19T03:58:12.768Z] path: '/home/ubuntu/orchids-blindy/.next/server/app/page/app-build-manifest.json'
[2026-08-19T03:58:12.768Z] }
[2026-08-19T03:58:12.798Z] ⨯ [Error: ENOENT: no such file or directory, open '/home/ubuntu/orchids-blindy/.next/static/development/_buildManifest.js.tmp.yryw8koz35p'] {
[2026-08-19T03:58:12.798Z] errno: -2,
[2026-08-19T03:58:12.798Z] code: 'ENOENT',
[2026-08-19T03:58:12.798Z] syscall: 'open',
[2026-08-19T03:58:12.798Z] path: '/home/ubuntu/orchids-blindy/.next/static/development/_buildManifest.js.tmp.yryw8koz35p'
[2026-08-19T03:58:12.798Z] }
[2026-08-19T03:58:12.830Z] [Error: ENOENT: no such file or directory, open '/home/ubuntu/orchids-blindy/.next/static/development/_buildManifest.js.tmp.e60n0fy8mxp'] {
[2026-08-19T03:58:12.830Z] errno: -2,
[2026-08-19T03:58:12.830Z] code: 'ENOENT',
[2026-08-19T03:58:12.830Z] syscall: 'open',
[2026-08-19T03:58:12.830Z] path: '/home/ubuntu/orchids-blindy/.next/static/development/_buildManifest.js.tmp.e60n0fy8mxp'
[2026-08-19T03:58:12.830Z] }
[2026-08-19T03:58:12.884Z] ⨯ [Error: ENOENT: no such file or directory, open '/home/ubuntu/orchids-blindy/.next/server/app/page/app-build-manifest.json'] {
[2026-08-19T03:58:12.884Z] errno: -2,
[2026-08-19T03:58:12.884Z] code: 'ENOENT',
[2026-08-19T03:58:12.884Z] syscall: 'open',
[2026-08-19T03:58:12.884Z] path: '/home/ubuntu/orchids-blindy/.next/server/app/page/app-build-manifest.json'
[2026-08-19T03:58:12.884Z] }
[2026-08-19T03:58:12.921Z] ⨯ [Error: ENOENT: no such file or directory, open '/home/ubuntu/orchids-blindy/.next/static/development/_buildManifest.js.tmp.dgxyqi5i7kh'] {
[2026-08-19T03:58:12.921Z] errno: -2,
[2026-08-19T03:58:12.921Z] code: 'ENOENT',
[2026-08-19T03:58:12.921Z] syscall: 'open',
[2026-08-19T03:58:12.921Z] path: '/home/ubuntu/orchids-blindy/.next/static/development/_buildManifest.js.tmp.dgxyqi5i7kh'
[2026-08-19T03:58:12.921Z] }
[2026-08-19T03:58:12.971Z] [Error: ENOENT: no such file or directory, open '/home/ubuntu/orchids-blindy/.next/server/app/page/app-build-manifest.json'] {
[2026-08-19T03:58:12.971Z] errno: -2,
[2026-08-19T03:58:12.971Z] code: 'ENOENT',
[2026-08-19T03:58:12.971Z] syscall: 'open',
[2026-08-19T03:58:12.971Z] path: '/home/ubuntu/orchids-blindy/.next/server/app/page/app-build-manifest.json'
[2026-08-19T03:58:12.971Z] }
[2026-08-19T03:58:12.997Z] ⨯ [Error: ENOENT: no such file or directory, open '/home/ubuntu/orchids-blindy/.next/static/development/_buildManifest.js.tmp.m2w225q3f49'] {
[2026-08-19T03:58:12.997Z] errno: -2,
[2026-08-19T03:58:12.997Z] code: 'ENOENT',
[2026-08-19T03:58:12.997Z] syscall: 'open',
[2026-08-19T03:58:12.997Z] path: '/home/ubuntu/orchids-blindy/.next/static/development/_buildManifest.js.tmp.m2w225q3f49'
[2026-08-19T03:58:12.997Z] }
[2026-08-19T03:58:13.025Z] [Error: ENOENT: no such file or directory, open '/home/ubuntu/orchids-blindy/.next/static/development/_buildManifest.js.tmp.u149idoeauf'] {
[2026-08-19T03:58:13.025Z] errno: -2,
[2026-08-19T03:58:13.025Z] code: 'ENOENT',
[2026-08-19T03:58:13.025Z] syscall: 'open',
[2026-08-19T03:58:13.025Z] path: '/home/ubuntu/orchids-blindy/.next/static/development/_buildManifest.js.tmp.u149idoeauf'
[2026-08-19T03:58:13.025Z] }
[2026-08-19T03:58:13.110Z] ⨯ [Error: ENOENT: no such file or directory, open '/home/ubuntu/orchids-blindy/.next/server/app/page/app-build-manifest.json'] {
[2026-08-19T03:58:13.110Z] errno: -2,
[2026-08-19T03:58:13.110Z] code: 'ENOENT',
[2026-08-19T03:58:13.110Z] syscall: 'open',
[2026-08-19T03:58:13.110Z] path: '/home/ubuntu/orchids-blindy/.next/server/app/page/app-build-manifest.json'
[2026-08-19T03:58:13.110Z] }
[2026-08-19T03:58:13.147Z] ⨯ [Error: ENOENT: no such file or directory, open '/home/ubuntu/orchids-blindy/.next/static/development/_buildManifest.js.tmp.x3su2dhshjr'] {
[2026-08-19T03:58:13.147Z] errno: -2,
[2026-08-19T03:58:13.147Z] code: 'ENOENT',
[2026-08-19T03:58:13.147Z] syscall: 'open',
[2026-08-19T03:58:13.147Z] path: '/home/ubuntu/orchids-blindy/.next/static/development/_buildManifest.js.tmp.x3su2dhshjr'
[2026-08-19T03:58:13.147Z] }
[2026-08-19T03:58:13.184Z] [Error: ENOENT: no such file or directory, open '/home/ubuntu/orchids-blindy/.next/server/app/page/app-build-manifest.json'] {
[2026-08-19T03:58:13.184Z] errno: -2,
[2026-08-19T03:58:13.184Z] code: 'ENOENT',
[2026-08-19T03:58:13.184Z] syscall: 'open',
[2026-08-19T03:58:13.184Z] path: '/home/ubuntu/orchids-blindy/.next/server/app/page/app-build-manifest.json'
[2026-08-19T03:58:13.184Z] }
[2026-08-19T03:58:13.213Z] ⨯ [Error: ENOENT: no such file or directory, open '/home/ubuntu/orchids-blindy/.next/static/development/_buildManifest.js.tmp.rzw3lpncbf'] {
[2026-08-19T03:58:13.213Z] errno: -2,
[2026-08-19T03:58:13.213Z] code: 'ENOENT',
[2026-08-19T03:58:13.213Z] syscall: 'open',
[2026-08-19T03:58:13.213Z] path: '/home/ubuntu/orchids-blindy/.next/static/development/_buildManifest.js.tmp.rzw3lpncbf'
[2026-08-19T03:58:13.213Z] }
[2026-08-19T03:58:13.245Z] [Error: ENOENT: no such file or directory, open '/home/ubuntu/orchids-blindy/.next/static/development/_buildManifest.js.tmp.uemicp7ncel'] {
[2026-08-19T03:58:13.245Z] errno: -2,
[2026-08-19T03:58:13.245Z] code: 'ENOENT',
[2026-08-19T03:58:13.245Z] syscall: 'open',
[2026-08-19T03:58:13.245Z] path: '/home/ubuntu/orchids-blindy/.next/static/development/_buildManifest.js.tmp.uemicp7ncel'
[2026-08-19T03:58:13.245Z] }
[2026-08-19T03:58:13.532Z] ⨯ [Error: ENOENT: no such file or directory, open '/home/ubuntu/orchids-blindy/.next/server/app/page/app-build-manifest.json'] {
[2026-08-19T03:58:13.532Z] errno: -2,
[2026-08-19T03:58:13.533Z] code: 'ENOENT',
[2026-08-19T03:58:13.533Z] syscall: 'open',
[2026-08-19T03:58:13.533Z] path: '/home/ubuntu/orchids-blindy/.next/server/app/page/app-build-manifest.json'
[2026-08-19T03:58:13.533Z] }
[2026-08-19T03:58:13.573Z] ⨯ [Error: ENOENT: no such file or directory, open '/home/ubuntu/orchids-blindy/.next/static/development/_buildManifest.js.tmp.rfdflmxydc'] {
[2026-08-19T03:58:13.573Z] errno: -2,
[2026-08-19T03:58:13.573Z] code: 'ENOENT',
[2026-08-19T03:58:13.573Z] syscall: 'open',
[2026-08-19T03:58:13.573Z] path: '/home/ubuntu/orchids-blindy/.next/static/development/_buildManifest.js.tmp.rfdflmxydc'
[2026-08-19T03:58:13.573Z] }
[2026-08-19T03:58:13.609Z] [Error: ENOENT: no such file or directory, open '/home/ubuntu/orchids-blindy/.next/server/app/page/app-build-manifest.json'] {
[2026-08-19T03:58:13.609Z] errno: -2,
[2026-08-19T03:58:13.609Z] code: 'ENOENT',
[2026-08-19T03:58:13.609Z] syscall: 'open',
[2026-08-19T03:58:13.609Z] path: '/home/ubuntu/orchids-blindy/.next/server/app/page/app-build-manifest.json'
[2026-08-19T03:58:13.609Z] }
[2026-08-19T03:58:13.635Z] ⨯ [Error: ENOENT: no such file or directory, open '/home/ubuntu/orchids-blindy/.next/static/development/_buildManifest.js.tmp.zuioxyaido'] {
[2026-08-19T03:58:13.636Z] errno: -2,
[2026-08-19T03:58:13.636Z] code: 'ENOENT',
[2026-08-19T03:58:13.636Z] syscall: 'open',
[2026-08-19T03:58:13.636Z] path: '/home/ubuntu/orchids-blindy/.next/static/development/_buildManifest.js.tmp.zuioxyaido'
[2026-08-19T03:58:13.636Z] }
[2026-08-19T03:58:13.671Z] [Error: ENOENT: no such file or directory, open '/home/ubuntu/orchids-blindy/.next/static/development/_buildManifest.js.tmp.rx6vrvhdrff'] {
[2026-08-19T03:58:13.671Z] errno: -2,
[2026-08-19T03:58:13.671Z] code: 'ENOENT',
[2026-08-19T03:58:13.671Z] syscall: 'open',
[2026-08-19T03:58:13.671Z] path: '/home/ubuntu/orchids-blindy/.next/static/development/_buildManifest.js.tmp.rx6vrvhdrff'
[2026-08-19T03:58:13.671Z] }
[2026-08-19T03:58:14.695Z] ⨯ [Error: ENOENT: no such file or directory, open '/home/ubuntu/orchids-blindy/.next/server/app/page/app-build-manifest.json'] {
[2026-08-19T03:58:14.695Z] errno: -2,
[2026-08-19T03:58:14.695Z] code: 'ENOENT',
[2026-08-19T03:58:14.695Z] syscall: 'open',
[2026-08-19T03:58:14.695Z] path: '/home/ubuntu/orchids-blindy/.next/server/app/page/app-build-manifest.json'
[2026-08-19T03:58:14.695Z] }
[2026-08-19T03:58:14.733Z] ⨯ [Error: ENOENT: no such file or directory, open '/home/ubuntu/orchids-blindy/.next/static/development/_buildManifest.js.tmp.lftj617cwc8'] {
[2026-08-19T03:58:14.734Z] errno: -2,
[2026-08-19T03:58:14.734Z] code: 'ENOENT',
[2026-08-19T03:58:14.734Z] syscall: 'open',
[2026-08-19T03:58:14.734Z] path: '/home/ubuntu/orchids-blindy/.next/static/development/_buildManifest.js.tmp.lftj617cwc8'
[2026-08-19T03:58:14.734Z] }
[2026-08-19T03:58:14.772Z] [Error: ENOENT: no such file or directory, open '/home/ubuntu/orchids-blindy/.next/server/app/page/app-build-manifest.json'] {
[2026-08-19T03:58:14.772Z] errno: -2,
[2026-08-19T03:58:14.772Z] code: 'ENOENT',
[2026-08-19T03:58:14.772Z] syscall: 'open',
[2026-08-19T03:58:14.772Z] path: '/home/ubuntu/orchids-blindy/.next/server/app/page/app-build-manifest.json'
[2026-08-19T03:58:14.772Z] }
[2026-08-19T03:58:14.801Z] ⨯ [Error: ENOENT: no such file or directory, open '/home/ubuntu/orchids-blindy/.next/static/development/_buildManifest.js.tmp.rx7x3hgeyel'] {
[2026-08-19T03:58:14.801Z] errno: -2,
[2026-08-19T03:58:14.801Z] code: 'ENOENT',
[2026-08-19T03:58:14.801Z] syscall: 'open',
[2026-08-19T03:58:14.801Z] path: '/home/ubuntu/orchids-blindy/.next/static/development/_buildManifest.js.tmp.rx7x3hgeyel'
[2026-08-19T03:58:14.801Z] }
[2026-08-19T03:58:14.831Z] [Error: ENOENT: no such file or directory, open '/home/ubuntu/orchids-blindy/.next/static/development/_buildManifest.js.tmp.qur8inwlrlm'] {
[2026-08-19T03:58:14.831Z] errno: -2,
[2026-08-19T03:58:14.831Z] code: 'ENOENT',
[2026-08-19T03:58:14.831Z] syscall: 'open',
[2026-08-19T03:58:14.831Z] path: '/home/ubuntu/orchids-blindy/.next/static/development/_buildManifest.js.tmp.qur8inwlrlm'
[2026-08-19T03:58:14.831Z] }
[2026-08-19T03:58:15.704Z] ⨯ [Error: ENOENT: no such file or directory, open '/home/ubuntu/orchids-blindy/.next/server/app/page/app-build-manifest.json'] {
[2026-08-19T03:58:15.704Z] errno: -2,
[2026-08-19T03:58:15.705Z] code: 'ENOENT',
[2026-08-19T03:58:15.705Z] syscall: 'open',
[2026-08-19T03:58:15.705Z] path: '/home/ubuntu/orchids-blindy/.next/server/app/page/app-build-manifest.json'
[2026-08-19T03:58:15.705Z] }
[2026-08-19T03:58:15.742Z] ⨯ [Error: ENOENT: no such file or directory, open '/home/ubuntu/orchids-blindy/.next/static/development/_buildManifest.js.tmp.yru3exfwwfc'] {
[2026-08-19T03:58:15.742Z] errno: -2,
[2026-08-19T03:58:15.742Z] code: 'ENOENT',
[2026-08-19T03:58:15.742Z] syscall: 'open',
[2026-08-19T03:58:15.742Z] path: '/home/ubuntu/orchids-blindy/.next/static/development/_buildManifest.js.tmp.yru3exfwwfc'
[2026-08-19T03:58:15.742Z] }
[2026-08-19T03:58:15.780Z] [Error: ENOENT: no such file or directory, open '/home/ubuntu/orchids-blindy/.next/server/app/page/app-build-manifest.json'] {
[2026-08-19T03:58:15.780Z] errno: -2,
[2026-08-19T03:58:15.780Z] code: 'ENOENT',
[2026-08-19T03:58:15.780Z] syscall: 'open',
[2026-08-19T03:58:15.780Z] path: '/home/ubuntu/orchids-blindy/.next/server/app/page/app-build-manifest.json'
[2026-08-19T03:58:15.780Z] }
[2026-08-19T03:58:15.808Z] ⨯ [Error: ENOENT: no such file or directory, open '/home/ubuntu/orchids-blindy/.next/static/development/_buildManifest.js.tmp.qeugf4de84d'] {
[2026-08-19T03:58:15.808Z] errno: -2,
[2026-08-19T03:58:15.808Z] code: 'ENOENT',
[2026-08-19T03:58:15.808Z] syscall: 'open',
[2026-08-19T03:58:15.808Z] path: '/home/ubuntu/orchids-blindy/.next/static/development/_buildManifest.js.tmp.qeugf4de84d'
[2026-08-19T03:58:15.808Z] }
[2026-08-19T03:58:15.838Z] [Error: ENOENT: no such file or directory, open '/home/ubuntu/orchids-blindy/.next/static/development/_buildManifest.js.tmp.ldajg7ki6d'] {
[2026-08-19T03:58:15.838Z] errno: -2,
[2026-08-19T03:58:15.838Z] code: 'ENOENT',
[2026-08-19T03:58:15.838Z] syscall: 'open',
[2026-08-19T03:58:15.838Z] path: '/home/ubuntu/orchids-blindy/.next/static/development/_buildManifest.js.tmp.ldajg7ki6d'
[2026-08-19T03:58:15.838Z] }
[2026-08-19T03:58:16.695Z] ⨯ [Error: ENOENT: no such file or directory, open '/home/ubuntu/orchids-blindy/.next/server/app/page/app-build-manifest.json'] {
[2026-08-19T03:58:16.695Z] errno: -2,
[2026-08-19T03:58:16.695Z] code: 'ENOENT',
[2026-08-19T03:58:16.695Z] syscall: 'open',
[2026-08-19T03:58:16.695Z] path: '/home/ubuntu/orchids-blindy/.next/server/app/page/app-build-manifest.json'
[2026-08-19T03:58:16.695Z] }
[2026-08-19T03:58:16.730Z] ⨯ [Error: ENOENT: no such file or directory, open '/home/ubuntu/orchids-blindy/.next/static/development/_buildManifest.js.tmp.xa6ki2h0skj'] {
[2026-08-19T03:58:16.730Z] errno: -2,
[2026-08-19T03:58:16.730Z] code: 'ENOENT',
[2026-08-19T03:58:16.730Z] syscall: 'open',
[2026-08-19T03:58:16.730Z] path: '/home/ubuntu/orchids-blindy/.next/static/development/_buildManifest.js.tmp.xa6ki2h0skj'
[2026-08-19T03:58:16.730Z] }
[2026-08-19T03:58:16.768Z] [Error: ENOENT: no such file or directory, open '/home/ubuntu/orchids-blindy/.next/server/app/page/app-build-manifest.json'] {
[2026-08-19T03:58:16.768Z] errno: -2,
[2026-08-19T03:58:16.768Z] code: 'ENOENT',
[2026-08-19T03:58:16.768Z] syscall: 'open',
[2026-08-19T03:58:16.768Z] path: '/home/ubuntu/orchids-blindy/.next/server/app/page/app-build-manifest.json'
[2026-08-19T03:58:16.768Z] }
[2026-08-19T03:58:16.797Z] ⨯ [Error: ENOENT: no such file or directory, open '/home/ubuntu/orchids-blindy/.next/static/development/_buildManifest.js.tmp.o5kzte6d9b9'] {
[2026-08-19T03:58:16.797Z] errno: -2,
[2026-08-19T03:58:16.797Z] code: 'ENOENT',
[2026-08-19T03:58:16.797Z] syscall: 'open',
[2026-08-19T03:58:16.797Z] path: '/home/ubuntu/orchids-blindy/.next/static/development/_buildManifest.js.tmp.o5kzte6d9b9'
[2026-08-19T03:58:16.797Z] }
[2026-08-19T03:58:16.828Z] [Error: ENOENT: no such file or directory, open '/home/ubuntu/orchids-blindy/.next/static/development/_buildManifest.js.tmp.1fxmyrx5y7u'] {
[2026-08-19T03:58:16.828Z] errno: -2,
[2026-08-19T03:58:16.828Z] code: 'ENOENT',
[2026-08-19T03:58:16.828Z] syscall: 'open',
[2026-08-19T03:58:16.828Z] path: '/home/ubuntu/orchids-blindy/.next/static/development/_buildManifest.js.tmp.1fxmyrx5y7u'
[2026-08-19T03:58:16.828Z] }
[2026-08-19T03:58:17.699Z] ⨯ [Error: ENOENT: no such file or directory, open '/home/ubuntu/orchids-blindy/.next/server/app/page/app-build-manifest.json'] {
[2026-08-19T03:58:17.699Z] errno: -2,
[2026-08-19T03:58:17.699Z] code: 'ENOENT',
[2026-08-19T03:58:17.699Z] syscall: 'open',
[2026-08-19T03:58:17.699Z] path: '/home/ubuntu/orchids-blindy/.next/server/app/page/app-build-manifest.json'
[2026-08-19T03:58:17.699Z] }
[2026-08-19T03:58:17.735Z] ⨯ [Error: ENOENT: no such file or directory, open '/home/ubuntu/orchids-blindy/.next/static/development/_buildManifest.js.tmp.j1f06wdespf'] {
[2026-08-19T03:58:17.735Z] errno: -2,
[2026-08-19T03:58:17.735Z] code: 'ENOENT',
[2026-08-19T03:58:17.735Z] syscall: 'open',
[2026-08-19T03:58:17.735Z] path: '/home/ubuntu/orchids-blindy/.next/static/development/_buildManifest.js.tmp.j1f06wdespf'
[2026-08-19T03:58:17.735Z] }
[2026-08-19T03:58:17.774Z] ⨯ [Error: ENOENT: no such file or directory, open '/home/ubuntu/orchids-blindy/.next/server/app/page/app-build-manifest.json'] {
[2026-08-19T03:58:17.774Z] errno: -2,
[2026-08-19T03:58:17.774Z] code: 'ENOENT',
[2026-08-19T03:58:17.774Z] syscall: 'open',
[2026-08-19T03:58:17.774Z] path: '/home/ubuntu/orchids-blindy/.next/server/app/page/app-build-manifest.json'
[2026-08-19T03:58:17.774Z] }
[2026-08-19T03:58:17.805Z] [Error: ENOENT: no such file or directory, open '/home/ubuntu/orchids-blindy/.next/server/app/page/app-build-manifest.json'] {
[2026-08-19T03:58:17.805Z] errno: -2,
[2026-08-19T03:58:17.805Z] code: 'ENOENT',
[2026-08-19T03:58:17.805Z] syscall: 'open',
[2026-08-19T03:58:17.805Z] path: '/home/ubuntu/orchids-blindy/.next/server/app/page/app-build-manifest.json'
[2026-08-19T03:58:17.805Z] }
[2026-08-19T03:58:17.838Z] ⨯ [Error: ENOENT: no such file or directory, open '/home/ubuntu/orchids-blindy/.next/static/development/_buildManifest.js.tmp.wo88326cwl9'] {
[2026-08-19T03:58:17.838Z] errno: -2,
[2026-08-19T03:58:17.838Z] code: 'ENOENT',
[2026-08-19T03:58:17.838Z] syscall: 'open',
[2026-08-19T03:58:17.838Z] path: '/home/ubuntu/orchids-blindy/.next/static/development/_buildManifest.js.tmp.wo88326cwl9'
[2026-08-19T03:58:17.838Z] }
[2026-08-19T03:58:17.864Z] ⨯ [Error: ENOENT: no such file or directory, open '/home/ubuntu/orchids-blindy/.next/static/development/_buildManifest.js.tmp.ytzaolhb389'] {
[2026-08-19T03:58:17.864Z] errno: -2,
[2026-08-19T03:58:17.864Z] code: 'ENOENT',
[2026-08-19T03:58:17.864Z] syscall: 'open',
[2026-08-19T03:58:17.864Z] path: '/home/ubuntu/orchids-blindy/.next/static/development/_buildManifest.js.tmp.ytzaolhb389'
[2026-08-19T03:58:17.864Z] }
[2026-08-19T03:58:17.902Z] [Error: ENOENT: no such file or directory, open '/home/ubuntu/orchids-blindy/.next/server/app/page/app-build-manifest.json'] {
[2026-08-19T03:58:17.902Z] errno: -2,
[2026-08-19T03:58:17.902Z] code: 'ENOENT',
[2026-08-19T03:58:17.902Z] syscall: 'open',
[2026-08-19T03:58:17.902Z] path: '/home/ubuntu/orchids-blindy/.next/server/app/page/app-build-manifest.json'
[2026-08-19T03:58:17.902Z] }
[2026-08-19T03:58:17.927Z] [Error: ENOENT: no such file or directory, open '/home/ubuntu/orchids-blindy/.next/static/development/_buildManifest.js.tmp.4rbo2bijf7e'] {
[2026-08-19T03:58:17.927Z] errno: -2,
[2026-08-19T03:58:17.927Z] code: 'ENOENT',
[2026-08-19T03:58:17.927Z] syscall: 'open',
[2026-08-19T03:58:17.928Z] path: '/home/ubuntu/orchids-blindy/.next/static/development/_buildManifest.js.tmp.4rbo2bijf7e'
[2026-08-19T03:58:17.928Z] }
[2026-08-19T03:58:17.952Z] ⨯ [Error: ENOENT: no such file or directory, open '/home/ubuntu/orchids-blindy/.next/static/development/_buildManifest.js.tmp.ghfp7snsrx7'] {
[2026-08-19T03:58:17.952Z] errno: -2,
[2026-08-19T03:58:17.952Z] code: 'ENOENT',
[2026-08-19T03:58:17.952Z] syscall: 'open',
[2026-08-19T03:58:17.952Z] path: '/home/ubuntu/orchids-blindy/.next/static/development/_buildManifest.js.tmp.ghfp7snsrx7'
[2026-08-19T03:58:17.952Z] }
[2026-08-19T03:58:17.985Z] [Error: ENOENT: no such file or directory, open '/home/ubuntu/orchids-blindy/.next/static/development/_buildManifest.js.tmp.ts7fqteuvl8'] {
[2026-08-19T03:58:17.985Z] errno: -2,
[2026-08-19T03:58:17.985Z] code: 'ENOENT',
[2026-08-19T03:58:17.985Z] syscall: 'open',
[2026-08-19T03:58:17.985Z] path: '/home/ubuntu/orchids-blindy/.next/static/development/_buildManifest.js.tmp.ts7fqteuvl8'
[2026-08-19T03:58:17.985Z] }
[2026-08-19T03:58:18.693Z] ⨯ [Error: ENOENT: no such file or directory, open '/home/ubuntu/orchids-blindy/.next/server/app/page/app-build-manifest.json'] {
[2026-08-19T03:58:18.693Z] errno: -2,
[2026-08-19T03:58:18.693Z] code: 'ENOENT',
[2026-08-19T03:58:18.693Z] syscall: 'open',
[2026-08-19T03:58:18.693Z] path: '/home/ubuntu/orchids-blindy/.next/server/app/page/app-build-manifest.json'
[2026-08-19T03:58:18.693Z] }
[2026-08-19T03:58:18.732Z] ⨯ [Error: ENOENT: no such file or directory, open '/home/ubuntu/orchids-blindy/.next/static/development/_buildManifest.js.tmp.o2wzw8trp'] {
[2026-08-19T03:58:18.732Z] errno: -2,
[2026-08-19T03:58:18.732Z] code: 'ENOENT',
[2026-08-19T03:58:18.732Z] syscall: 'open',
[2026-08-19T03:58:18.732Z] path: '/home/ubuntu/orchids-blindy/.next/static/development/_buildManifest.js.tmp.o2wzw8trp'
[2026-08-19T03:58:18.732Z] }
[2026-08-19T03:58:18.767Z] [Error: ENOENT: no such file or directory, open '/home/ubuntu/orchids-blindy/.next/server/app/page/app-build-manifest.json'] {
[2026-08-19T03:58:18.767Z] errno: -2,
[2026-08-19T03:58:18.767Z] code: 'ENOENT',
[2026-08-19T03:58:18.767Z] syscall: 'open',
[2026-08-19T03:58:18.767Z] path: '/home/ubuntu/orchids-blindy/.next/server/app/page/app-build-manifest.json'
[2026-08-19T03:58:18.767Z] }
[2026-08-19T03:58:18.795Z] ⨯ [Error: ENOENT: no such file or directory, open '/home/ubuntu/orchids-blindy/.next/static/development/_buildManifest.js.tmp.9kkn159dxgv'] {
[2026-08-19T03:58:18.795Z] errno: -2,
[2026-08-19T03:58:18.795Z] code: 'ENOENT',
[2026-08-19T03:58:18.795Z] syscall: 'open',
[2026-08-19T03:58:18.795Z] path: '/home/ubuntu/orchids-blindy/.next/static/development/_buildManifest.js.tmp.9kkn159dxgv'
[2026-08-19T03:58:18.795Z] }
[2026-08-19T03:58:18.824Z] [Error: ENOENT: no such file or directory, open '/home/ubuntu/orchids-blindy/.next/static/development/_buildManifest.js.tmp.njddf0wm5q'] {
[2026-08-19T03:58:18.824Z] errno: -2,
[2026-08-19T03:58:18.824Z] code: 'ENOENT',
[2026-08-19T03:58:18.824Z] syscall: 'open',
[2026-08-19T03:58:18.824Z] path: '/home/ubuntu/orchids-blindy/.next/static/development/_buildManifest.js.tmp.njddf0wm5q'
[2026-08-19T03:58:18.824Z] }
[2026-08-19T03:58:19.690Z] ⨯ [Error: ENOENT: no such file or directory, open '/home/ubuntu/orchids-blindy/.next/server/app/page/app-build-manifest.json'] {
[2026-08-19T03:58:19.690Z] errno: -2,
[2026-08-19T03:58:19.690Z] code: 'ENOENT',
[2026-08-19T03:58:19.690Z] syscall: 'open',
[2026-08-19T03:58:19.690Z] path: '/home/ubuntu/orchids-blindy/.next/server/app/page/app-build-manifest.json'
[2026-08-19T03:58:19.690Z] }
[2026-08-19T03:58:19.725Z] ⨯ [Error: ENOENT: no such file or directory, open '/home/ubuntu/orchids-blindy/.next/static/development/_buildManifest.js.tmp.wbnfnx1614o'] {
[2026-08-19T03:58:19.725Z] errno: -2,
[2026-08-19T03:58:19.725Z] code: 'ENOENT',
[2026-08-19T03:58:19.725Z] syscall: 'open',
[2026-08-19T03:58:19.725Z] path: '/home/ubuntu/orchids-blindy/.next/static/development/_buildManifest.js.tmp.wbnfnx1614o'
[2026-08-19T03:58:19.725Z] }
[2026-08-19T03:58:19.759Z] [Error: ENOENT: no such file or directory, open '/home/ubuntu/orchids-blindy/.next/server/app/page/app-build-manifest.json'] {
[2026-08-19T03:58:19.759Z] errno: -2,
[2026-08-19T03:58:19.759Z] code: 'ENOENT',
[2026-08-19T03:58:19.759Z] syscall: 'open',
[2026-08-19T03:58:19.759Z] path: '/home/ubuntu/orchids-blindy/.next/server/app/page/app-build-manifest.json'
[2026-08-19T03:58:19.759Z] }
[2026-08-19T03:58:19.790Z] ⨯ [Error: ENOENT: no such file or directory, open '/home/ubuntu/orchids-blindy/.next/static/development/_buildManifest.js.tmp.utdb8fxzci'] {
[2026-08-19T03:58:19.790Z] errno: -2,
[2026-08-19T03:58:19.790Z] code: 'ENOENT',
[2026-08-19T03:58:19.790Z] syscall: 'open',
[2026-08-19T03:58:19.790Z] path: '/home/ubuntu/orchids-blindy/.next/static/development/_buildManifest.js.tmp.utdb8fxzci'
[2026-08-19T03:58:19.790Z] }
[2026-08-19T03:58:19.818Z] [Error: ENOENT: no such file or directory, open '/home/ubuntu/orchids-blindy/.next/static/development/_buildManifest.js.tmp.urzswd3no8'] {
[2026-08-19T03:58:19.818Z] errno: -2,
[2026-08-19T03:58:19.818Z] code: 'ENOENT',
[2026-08-19T03:58:19.818Z] syscall: 'open',
[2026-08-19T03:58:19.818Z] path: '/home/ubuntu/orchids-blindy/.next/static/development/_buildManifest.js.tmp.urzswd3no8'
[2026-08-19T03:58:19.818Z] }
[2026-08-19T03:58:20.693Z] ⨯ [Error: ENOENT: no such file or directory, open '/home/ubuntu/orchids-blindy/.next/server/app/page/app-build-manifest.json'] {
[2026-08-19T03:58:20.693Z] errno: -2,
[2026-08-19T03:58:20.693Z] code: 'ENOENT',
[2026-08-19T03:58:20.693Z] syscall: 'open',
[2026-08-19T03:58:20.693Z] path: '/home/ubuntu/orchids-blindy/.next/server/app/page/app-build-manifest.json'
[2026-08-19T03:58:20.693Z] }
[2026-08-19T03:58:20.731Z] ⨯ [Error: ENOENT: no such file or directory, open '/home/ubuntu/orchids-blindy/.next/static/development/_buildManifest.js.tmp.92lueyb13bf'] {
[2026-08-19T03:58:20.731Z] errno: -2,
[2026-08-19T03:58:20.731Z] code: 'ENOENT',
[2026-08-19T03:58:20.731Z] syscall: 'open',
[2026-08-19T03:58:20.731Z] path: '/home/ubuntu/orchids-blindy/.next/static/development/_buildManifest.js.tmp.92lueyb13bf'
[2026-08-19T03:58:20.731Z] }
[2026-08-19T03:58:20.767Z] [Error: ENOENT: no such file or directory, open '/home/ubuntu/orchids-blindy/.next/server/app/page/app-build-manifest.json'] {
[2026-08-19T03:58:20.767Z] errno: -2,
[2026-08-19T03:58:20.767Z] code: 'ENOENT',
[2026-08-19T03:58:20.767Z] syscall: 'open',
[2026-08-19T03:58:20.768Z] path: '/home/ubuntu/orchids-blindy/.next/server/app/page/app-build-manifest.json'
[2026-08-19T03:58:20.768Z] }
[2026-08-19T03:58:20.794Z] ⨯ [Error: ENOENT: no such file or directory, open '/home/ubuntu/orchids-blindy/.next/static/development/_buildManifest.js.tmp.ub2qg5lgnsk'] {
[2026-08-19T03:58:20.794Z] errno: -2,
[2026-08-19T03:58:20.794Z] code: 'ENOENT',
[2026-08-19T03:58:20.794Z] syscall: 'open',
[2026-08-19T03:58:20.794Z] path: '/home/ubuntu/orchids-blindy/.next/static/development/_buildManifest.js.tmp.ub2qg5lgnsk'
[2026-08-19T03:58:20.794Z] }
[2026-08-19T03:58:20.825Z] [Error: ENOENT: no such file or directory, open '/home/ubuntu/orchids-blindy/.next/static/development/_buildManifest.js.tmp.gj1tgd6ryyn'] {
[2026-08-19T03:58:20.825Z] errno: -2,
[2026-08-19T03:58:20.825Z] code: 'ENOENT',
[2026-08-19T03:58:20.825Z] syscall: 'open',
[2026-08-19T03:58:20.825Z] path: '/home/ubuntu/orchids-blindy/.next/static/development/_buildManifest.js.tmp.gj1tgd6ryyn'
[2026-08-19T03:58:20.825Z] }
[2026-08-19T03:58:21.700Z] ⨯ [Error: ENOENT: no such file or directory, open '/home/ubuntu/orchids-blindy/.next/server/app/page/app-build-manifest.json'] {
[2026-08-19T03:58:21.700Z] errno: -2,
[2026-08-19T03:58:21.700Z] code: 'ENOENT',
[2026-08-19T03:58:21.700Z] syscall: 'open',
[2026-08-19T03:58:21.700Z] path: '/home/ubuntu/orchids-blindy/.next/server/app/page/app-build-manifest.json'
[2026-08-19T03:58:21.700Z] }
[2026-08-19T03:58:21.737Z] ⨯ [Error: ENOENT: no such file or directory, open '/home/ubuntu/orchids-blindy/.next/static/development/_buildManifest.js.tmp.fn9m27sw9e'] {
[2026-08-19T03:58:21.737Z] errno: -2,
[2026-08-19T03:58:21.737Z] code: 'ENOENT',
[2026-08-19T03:58:21.737Z] syscall: 'open',
[2026-08-19T03:58:21.737Z] path: '/home/ubuntu/orchids-blindy/.next/static/development/_buildManifest.js.tmp.fn9m27sw9e'
[2026-08-19T03:58:21.737Z] }
[2026-08-19T03:58:21.786Z] ⨯ [Error: ENOENT: no such file or directory, open '/home/ubuntu/orchids-blindy/.next/server/app/page/app-build-manifest.json'] {
[2026-08-19T03:58:21.786Z] errno: -2,
[2026-08-19T03:58:21.786Z] code: 'ENOENT',
[2026-08-19T03:58:21.786Z] syscall: 'open',
[2026-08-19T03:58:21.786Z] path: '/home/ubuntu/orchids-blindy/.next/server/app/page/app-build-manifest.json'
[2026-08-19T03:58:21.786Z] }
[2026-08-19T03:58:21.835Z] [Error: ENOENT: no such file or directory, open '/home/ubuntu/orchids-blindy/.next/server/app/page/app-build-manifest.json'] {
[2026-08-19T03:58:21.835Z] errno: -2,
[2026-08-19T03:58:21.835Z] code: 'ENOENT',
[2026-08-19T03:58:21.835Z] syscall: 'open',
[2026-08-19T03:58:21.835Z] path: '/home/ubuntu/orchids-blindy/.next/server/app/page/app-build-manifest.json'
[2026-08-19T03:58:21.835Z] }
[2026-08-19T03:58:21.876Z] ⨯ [Error: ENOENT: no such file or directory, open '/home/ubuntu/orchids-blindy/.next/static/development/_buildManifest.js.tmp.gobr18omoz7'] {
[2026-08-19T03:58:21.876Z] errno: -2,
[2026-08-19T03:58:21.876Z] code: 'ENOENT',
[2026-08-19T03:58:21.876Z] syscall: 'open',
[2026-08-19T03:58:21.876Z] path: '/home/ubuntu/orchids-blindy/.next/static/development/_buildManifest.js.tmp.gobr18omoz7'
[2026-08-19T03:58:21.876Z] }
[2026-08-19T03:58:21.931Z] ⨯ [Error: ENOENT: no such file or directory, open '/home/ubuntu/orchids-blindy/.next/static/development/_buildManifest.js.tmp.jjohtw6mk6c'] {
[2026-08-19T03:58:21.931Z] errno: -2,
[2026-08-19T03:58:21.931Z] code: 'ENOENT',
[2026-08-19T03:58:21.931Z] syscall: 'open',
[2026-08-19T03:58:21.931Z] path: '/home/ubuntu/orchids-blindy/.next/static/development/_buildManifest.js.tmp.jjohtw6mk6c'
[2026-08-19T03:58:21.931Z] }
[2026-08-19T03:58:21.981Z] [Error: ENOENT: no such file or directory, open '/home/ubuntu/orchids-blindy/.next/server/app/page/app-build-manifest.json'] {
[2026-08-19T03:58:21.981Z] errno: -2,
[2026-08-19T03:58:21.981Z] code: 'ENOENT',
[2026-08-19T03:58:21.981Z] syscall: 'open',
[2026-08-19T03:58:21.981Z] path: '/home/ubuntu/orchids-blindy/.next/server/app/page/app-build-manifest.json'
[2026-08-19T03:58:21.981Z] }
[2026-08-19T03:58:22.023Z] [Error: ENOENT: no such file or directory, open '/home/ubuntu/orchids-blindy/.next/static/development/_buildManifest.js.tmp.dnaqhya5s7'] {
[2026-08-19T03:58:22.023Z] errno: -2,
[2026-08-19T03:58:22.023Z] code: 'ENOENT',
[2026-08-19T03:58:22.023Z] syscall: 'open',
[2026-08-19T03:58:22.023Z] path: '/home/ubuntu/orchids-blindy/.next/static/development/_buildManifest.js.tmp.dnaqhya5s7'
[2026-08-19T03:58:22.023Z] }
[2026-08-19T03:58:22.069Z] ⨯ [Error: ENOENT: no such file or directory, open '/home/ubuntu/orchids-blindy/.next/static/development/_buildManifest.js.tmp.kki54mx3iqm'] {
[2026-08-19T03:58:22.069Z] errno: -2,
[2026-08-19T03:58:22.069Z] code: 'ENOENT',
[2026-08-19T03:58:22.069Z] syscall: 'open',
[2026-08-19T03:58:22.069Z] path: '/home/ubuntu/orchids-blindy/.next/static/development/_buildManifest.js.tmp.kki54mx3iqm'
[2026-08-19T03:58:22.069Z] }
[2026-08-19T03:58:22.110Z] [Error: ENOENT: no such file or directory, open '/home/ubuntu/orchids-blindy/.next/static/development/_buildManifest.js.tmp.mc0p7q67n3'] {
[2026-08-19T03:58:22.110Z] errno: -2,
[2026-08-19T03:58:22.110Z] code: 'ENOENT',
[2026-08-19T03:58:22.110Z] syscall: 'open',
[2026-08-19T03:58:22.110Z] path: '/home/ubuntu/orchids-blindy/.next/static/development/_buildManifest.js.tmp.mc0p7q67n3'
[2026-08-19T03:58:22.110Z] }
[2026-08-19T03:58:22.720Z] ⨯ [Error: ENOENT: no such file or directory, open '/home/ubuntu/orchids-blindy/.next/server/app/page/app-build-manifest.json'] {
[2026-08-19T03:58:22.720Z] errno: -2,
[2026-08-19T03:58:22.720Z] code: 'ENOENT',
[2026-08-19T03:58:22.720Z] syscall: 'open',
[2026-08-19T03:58:22.720Z] path: '/home/ubuntu/orchids-blindy/.next/server/app/page/app-build-manifest.json'
[2026-08-19T03:58:22.720Z] }
[2026-08-19T03:58:22.801Z] ⨯ [Error: ENOENT: no such file or directory, open '/home/ubuntu/orchids-blindy/.next/static/development/_buildManifest.js.tmp.6v059o66m0p'] {
[2026-08-19T03:58:22.801Z] errno: -2,
[2026-08-19T03:58:22.801Z] code: 'ENOENT',
[2026-08-19T03:58:22.801Z] syscall: 'open',
[2026-08-19T03:58:22.801Z] path: '/home/ubuntu/orchids-blindy/.next/static/development/_buildManifest.js.tmp.6v059o66m0p'
[2026-08-19T03:58:22.801Z] }
[2026-08-19T03:58:22.846Z] [Error: ENOENT: no such file or directory, open '/home/ubuntu/orchids-blindy/.next/server/app/page/app-build-manifest.json'] {
[2026-08-19T03:58:22.846Z] errno: -2,
[2026-08-19T03:58:22.846Z] code: 'ENOENT',
[2026-08-19T03:58:22.846Z] syscall: 'open',
[2026-08-19T03:58:22.846Z] path: '/home/ubuntu/orchids-blindy/.next/server/app/page/app-build-manifest.json'
[2026-08-19T03:58:22.846Z] }
[2026-08-19T03:58:22.884Z] ⨯ [Error: ENOENT: no such file or directory, open '/home/ubuntu/orchids-blindy/.next/static/development/_buildManifest.js.tmp.jm32lsx8kr'] {
[2026-08-19T03:58:22.885Z] errno: -2,
[2026-08-19T03:58:22.885Z] code: 'ENOENT',
[2026-08-19T03:58:22.885Z] syscall: 'open',
[2026-08-19T03:58:22.885Z] path: '/home/ubuntu/orchids-blindy/.next/static/development/_buildManifest.js.tmp.jm32lsx8kr'
[2026-08-19T03:58:22.885Z] }
[2026-08-19T03:58:22.926Z] [Error: ENOENT: no such file or directory, open '/home/ubuntu/orchids-blindy/.next/static/development/_buildManifest.js.tmp.ybt73io8osf'] {
[2026-08-19T03:58:22.926Z] errno: -2,
[2026-08-19T03:58:22.926Z] code: 'ENOENT',
[2026-08-19T03:58:22.926Z] syscall: 'open',
[2026-08-19T03:58:22.926Z] path: '/home/ubuntu/orchids-blindy/.next/static/development/_buildManifest.js.tmp.ybt73io8osf'
[2026-08-19T03:58:22.926Z] }
[2026-08-19T03:58:23.695Z] ⨯ [Error: ENOENT: no such file or directory, open '/home/ubuntu/orchids-blindy/.next/server/app/page/app-build-manifest.json'] {
[2026-08-19T03:58:23.695Z] errno: -2,
[2026-08-19T03:58:23.695Z] code: 'ENOENT',
[2026-08-19T03:58:23.695Z] syscall: 'open',
[2026-08-19T03:58:23.695Z] path: '/home/ubuntu/orchids-blindy/.next/server/app/page/app-build-manifest.json'
[2026-08-19T03:58:23.695Z] }
[2026-08-19T03:58:23.735Z] ⨯ [Error: ENOENT: no such file or directory, open '/home/ubuntu/orchids-blindy/.next/static/development/_buildManifest.js.tmp.ud0cuyrf6g8'] {
[2026-08-19T03:58:23.735Z] errno: -2,
[2026-08-19T03:58:23.735Z] code: 'ENOENT',
[2026-08-19T03:58:23.735Z] syscall: 'open',
[2026-08-19T03:58:23.735Z] path: '/home/ubuntu/orchids-blindy/.next/static/development/_buildManifest.js.tmp.ud0cuyrf6g8'
[2026-08-19T03:58:23.735Z] }
[2026-08-19T03:58:23.771Z] [Error: ENOENT: no such file or directory, open '/home/ubuntu/orchids-blindy/.next/server/app/page/app-build-manifest.json'] {
[2026-08-19T03:58:23.771Z] errno: -2,
[2026-08-19T03:58:23.771Z] code: 'ENOENT',
[2026-08-19T03:58:23.771Z] syscall: 'open',
[2026-08-19T03:58:23.771Z] path: '/home/ubuntu/orchids-blindy/.next/server/app/page/app-build-manifest.json'
[2026-08-19T03:58:23.771Z] }
[2026-08-19T03:58:23.796Z] ⨯ [Error: ENOENT: no such file or directory, open '/home/ubuntu/orchids-blindy/.next/static/development/_buildManifest.js.tmp.6dzcrz7b6a'] {
[2026-08-19T03:58:23.796Z] errno: -2,
[2026-08-19T03:58:23.796Z] code: 'ENOENT',
[2026-08-19T03:58:23.796Z] syscall: 'open',
[2026-08-19T03:58:23.796Z] path: '/home/ubuntu/orchids-blindy/.next/static/development/_buildManifest.js.tmp.6dzcrz7b6a'
[2026-08-19T03:58:23.796Z] }
[2026-08-19T03:58:23.825Z] [Error: ENOENT: no such file or directory, open '/home/ubuntu/orchids-blindy/.next/static/development/_buildManifest.js.tmp.xh6kb21jfmk'] {
[2026-08-19T03:58:23.825Z] errno: -2,
[2026-08-19T03:58:23.825Z] code: 'ENOENT',
[2026-08-19T03:58:23.825Z] syscall: 'open',
[2026-08-19T03:58:23.825Z] path: '/home/ubuntu/orchids-blindy/.next/static/development/_buildManifest.js.tmp.xh6kb21jfmk'
[2026-08-19T03:58:23.825Z] }
[2026-08-19T03:58:24.698Z] ⨯ [Error: ENOENT: no such file or directory, open '/home/ubuntu/orchids-blindy/.next/server/app/page/app-build-manifest.json'] {
[2026-08-19T03:58:24.698Z] errno: -2,
[2026-08-19T03:58:24.698Z] code: 'ENOENT',
[2026-08-19T03:58:24.698Z] syscall: 'open',
[2026-08-19T03:58:24.698Z] path: '/home/ubuntu/orchids-blindy/.next/server/app/page/app-build-manifest.json'
[2026-08-19T03:58:24.698Z] }
[2026-08-19T03:58:24.726Z] ⨯ [Error: ENOENT: no such file or directory, open '/home/ubuntu/orchids-blindy/.next/server/app/api/pomodoro/get-settings/[__metadata_id__]/route/app-paths-manifest.json'] {
[2026-08-19T03:58:24.726Z] errno: -2,
[2026-08-19T03:58:24.726Z] code: 'ENOENT',
[2026-08-19T03:58:24.726Z] syscall: 'open',
[2026-08-19T03:58:24.726Z] path: '/home/ubuntu/orchids-blindy/.next/server/app/api/pomodoro/get-settings/[__metadata_id__]/route/app-paths-manifest.json'
[2026-08-19T03:58:24.726Z] }
[2026-08-19T03:58:24.766Z] ⨯ [Error: ENOENT: no such file or directory, open '/home/ubuntu/orchids-blindy/.next/static/development/_buildManifest.js.tmp.vlm23xbw298'] {
[2026-08-19T03:58:24.766Z] errno: -2,
[2026-08-19T03:58:24.766Z] code: 'ENOENT',
[2026-08-19T03:58:24.766Z] syscall: 'open',
[2026-08-19T03:58:24.766Z] path: '/home/ubuntu/orchids-blindy/.next/static/development/_buildManifest.js.tmp.vlm23xbw298'
[2026-08-19T03:58:24.766Z] }
[2026-08-19T03:58:24.789Z] ⨯ [Error: ENOENT: no such file or directory, open '/home/ubuntu/orchids-blindy/.next/static/development/_buildManifest.js.tmp.0p8higqgwin'] {
[2026-08-19T03:58:24.789Z] errno: -2,
[2026-08-19T03:58:24.789Z] code: 'ENOENT',
[2026-08-19T03:58:24.789Z] syscall: 'open',
[2026-08-19T03:58:24.789Z] path: '/home/ubuntu/orchids-blindy/.next/static/development/_buildManifest.js.tmp.0p8higqgwin'
[2026-08-19T03:58:24.789Z] }
[2026-08-19T03:58:24.830Z] [Error: ENOENT: no such file or directory, open '/home/ubuntu/orchids-blindy/.next/server/app/page/app-build-manifest.json'] {
[2026-08-19T03:58:24.831Z] errno: -2,
[2026-08-19T03:58:24.831Z] code: 'ENOENT',
[2026-08-19T03:58:24.831Z] syscall: 'open',
[2026-08-19T03:58:24.831Z] path: '/home/ubuntu/orchids-blindy/.next/server/app/page/app-build-manifest.json'
[2026-08-19T03:58:24.831Z] }
[2026-08-19T03:58:24.860Z] [Error: ENOENT: no such file or directory, open '/home/ubuntu/orchids-blindy/.next/server/app/api/pomodoro/get-settings/[__metadata_id__]/route/app-paths-manifest.json'] {
[2026-08-19T03:58:24.860Z] errno: -2,
[2026-08-19T03:58:24.860Z] code: 'ENOENT',
[2026-08-19T03:58:24.860Z] syscall: 'open',
[2026-08-19T03:58:24.860Z] path: '/home/ubuntu/orchids-blindy/.next/server/app/api/pomodoro/get-settings/[__metadata_id__]/route/app-paths-manifest.json'
[2026-08-19T03:58:24.860Z] }
[2026-08-19T03:58:24.895Z] ⨯ [Error: ENOENT: no such file or directory, open '/home/ubuntu/orchids-blindy/.next/static/development/_buildManifest.js.tmp.57upuks9wu'] {
[2026-08-19T03:58:24.895Z] errno: -2,
[2026-08-19T03:58:24.895Z] code: 'ENOENT',
[2026-08-19T03:58:24.895Z] syscall: 'open',
[2026-08-19T03:58:24.895Z] path: '/home/ubuntu/orchids-blindy/.next/static/development/_buildManifest.js.tmp.57upuks9wu'
[2026-08-19T03:58:24.895Z] }
[2026-08-19T03:58:24.918Z] ⨯ [Error: ENOENT: no such file or directory, open '/home/ubuntu/orchids-blindy/.next/static/development/_buildManifest.js.tmp.e41iv43pjrd'] {
[2026-08-19T03:58:24.918Z] errno: -2,
[2026-08-19T03:58:24.918Z] code: 'ENOENT',
[2026-08-19T03:58:24.918Z] syscall: 'open',
[2026-08-19T03:58:24.918Z] path: '/home/ubuntu/orchids-blindy/.next/static/development/_buildManifest.js.tmp.e41iv43pjrd'
[2026-08-19T03:58:24.918Z] }
[2026-08-19T03:58:24.951Z] [Error: ENOENT: no such file or directory, open '/home/ubuntu/orchids-blindy/.next/static/development/_buildManifest.js.tmp.5szj28rhzw9'] {
[2026-08-19T03:58:24.951Z] errno: -2,
[2026-08-19T03:58:24.951Z] code: 'ENOENT',
[2026-08-19T03:58:24.951Z] syscall: 'open',
[2026-08-19T03:58:24.951Z] path: '/home/ubuntu/orchids-blindy/.next/static/development/_buildManifest.js.tmp.5szj28rhzw9'
[2026-08-19T03:58:24.951Z] }
[2026-08-19T03:58:24.969Z] [Error: ENOENT: no such file or directory, open '/home/ubuntu/orchids-blindy/.next/static/development/_buildManifest.js.tmp.yzg5s1n29m'] {
[2026-08-19T03:58:24.969Z] errno: -2,
[2026-08-19T03:58:24.969Z] code: 'ENOENT',
[2026-08-19T03:58:24.969Z] syscall: 'open',
[2026-08-19T03:58:24.969Z] path: '/home/ubuntu/orchids-blindy/.next/static/development/_buildManifest.js.tmp.yzg5s1n29m'
[2026-08-19T03:58:24.969Z] }
[2026-08-19T03:58:25.692Z] ⨯ [Error: ENOENT: no such file or directory, open '/home/ubuntu/orchids-blindy/.next/server/app/page/app-build-manifest.json'] {
[2026-08-19T03:58:25.692Z] errno: -2,
[2026-08-19T03:58:25.692Z] code: 'ENOENT',
[2026-08-19T03:58:25.692Z] syscall: 'open',
[2026-08-19T03:58:25.692Z] path: '/home/ubuntu/orchids-blindy/.next/server/app/page/app-build-manifest.json'
[2026-08-19T03:58:25.692Z] }
[2026-08-19T03:58:25.731Z] ⨯ [Error: ENOENT: no such file or directory, open '/home/ubuntu/orchids-blindy/.next/static/development/_buildManifest.js.tmp.l5s3i3q3p8g'] {
[2026-08-19T03:58:25.731Z] errno: -2,
[2026-08-19T03:58:25.731Z] code: 'ENOENT',
[2026-08-19T03:58:25.731Z] syscall: 'open',
[2026-08-19T03:58:25.732Z] path: '/home/ubuntu/orchids-blindy/.next/static/development/_buildManifest.js.tmp.l5s3i3q3p8g'
[2026-08-19T03:58:25.732Z] }
[2026-08-19T03:58:25.770Z] [Error: ENOENT: no such file or directory, open '/home/ubuntu/orchids-blindy/.next/server/app/page/app-build-manifest.json'] {
[2026-08-19T03:58:25.770Z] errno: -2,
[2026-08-19T03:58:25.770Z] code: 'ENOENT',
[2026-08-19T03:58:25.770Z] syscall: 'open',
[2026-08-19T03:58:25.770Z] path: '/home/ubuntu/orchids-blindy/.next/server/app/page/app-build-manifest.json'
[2026-08-19T03:58:25.770Z] }
[2026-08-19T03:58:25.804Z] ⨯ [Error: ENOENT: no such file or directory, open '/home/ubuntu/orchids-blindy/.next/server/app/page/app-build-manifest.json'] {
[2026-08-19T03:58:25.804Z] errno: -2,
[2026-08-19T03:58:25.804Z] code: 'ENOENT',
[2026-08-19T03:58:25.804Z] syscall: 'open',
[2026-08-19T03:58:25.804Z] path: '/home/ubuntu/orchids-blindy/.next/server/app/page/app-build-manifest.json'
[2026-08-19T03:58:25.804Z] }
[2026-08-19T03:58:25.833Z] ⨯ [Error: ENOENT: no such file or directory, open '/home/ubuntu/orchids-blindy/.next/static/development/_buildManifest.js.tmp.e9zc67777h'] {
[2026-08-19T03:58:25.833Z] errno: -2,
[2026-08-19T03:58:25.833Z] code: 'ENOENT',
[2026-08-19T03:58:25.833Z] syscall: 'open',
[2026-08-19T03:58:25.833Z] path: '/home/ubuntu/orchids-blindy/.next/static/development/_buildManifest.js.tmp.e9zc67777h'
[2026-08-19T03:58:25.833Z] }
[2026-08-19T03:58:25.870Z] ⨯ [Error: ENOENT: no such file or directory, open '/home/ubuntu/orchids-blindy/.next/static/development/_buildManifest.js.tmp.ljqvrpscees'] {
[2026-08-19T03:58:25.870Z] errno: -2,
[2026-08-19T03:58:25.870Z] code: 'ENOENT',
[2026-08-19T03:58:25.870Z] syscall: 'open',
[2026-08-19T03:58:25.870Z] path: '/home/ubuntu/orchids-blindy/.next/static/development/_buildManifest.js.tmp.ljqvrpscees'
[2026-08-19T03:58:25.870Z] }
[2026-08-19T03:58:25.906Z] [Error: ENOENT: no such file or directory, open '/home/ubuntu/orchids-blindy/.next/static/development/_buildManifest.js.tmp.lacttjuhk5'] {
[2026-08-19T03:58:25.906Z] errno: -2,
[2026-08-19T03:58:25.906Z] code: 'ENOENT',
[2026-08-19T03:58:25.906Z] syscall: 'open',
[2026-08-19T03:58:25.906Z] path: '/home/ubuntu/orchids-blindy/.next/static/development/_buildManifest.js.tmp.lacttjuhk5'
[2026-08-19T03:58:25.906Z] }
[2026-08-19T03:58:25.939Z] [Error: ENOENT: no such file or directory, open '/home/ubuntu/orchids-blindy/.next/server/app/page/app-build-manifest.json'] {
[2026-08-19T03:58:25.939Z] errno: -2,
[2026-08-19T03:58:25.939Z] code: 'ENOENT',
[2026-08-19T03:58:25.939Z] syscall: 'open',
[2026-08-19T03:58:25.939Z] path: '/home/ubuntu/orchids-blindy/.next/server/app/page/app-build-manifest.json'
[2026-08-19T03:58:25.939Z] }
[2026-08-19T03:58:25.971Z] ⨯ [Error: ENOENT: no such file or directory, open '/home/ubuntu/orchids-blindy/.next/static/development/_buildManifest.js.tmp.jz55smvqa4h'] {
[2026-08-19T03:58:25.971Z] errno: -2,
[2026-08-19T03:58:25.971Z] code: 'ENOENT',
[2026-08-19T03:58:25.971Z] syscall: 'open',
[2026-08-19T03:58:25.971Z] path: '/home/ubuntu/orchids-blindy/.next/static/development/_buildManifest.js.tmp.jz55smvqa4h'
[2026-08-19T03:58:25.971Z] }
[2026-08-19T03:58:25.995Z] [Error: ENOENT: no such file or directory, open '/home/ubuntu/orchids-blindy/.next/static/development/_buildManifest.js.tmp.joyczibd7iq'] {
[2026-08-19T03:58:25.995Z] errno: -2,
[2026-08-19T03:58:25.995Z] code: 'ENOENT',
[2026-08-19T03:58:25.996Z] syscall: 'open',
[2026-08-19T03:58:25.996Z] path: '/home/ubuntu/orchids-blindy/.next/static/development/_buildManifest.js.tmp.joyczibd7iq'
[2026-08-19T03:58:25.996Z] }
[2026-08-19T03:58:26.691Z] ⨯ [Error: ENOENT: no such file or directory, open '/home/ubuntu/orchids-blindy/.next/server/app/page/app-build-manifest.json'] {
[2026-08-19T03:58:26.691Z] errno: -2,
[2026-08-19T03:58:26.691Z] code: 'ENOENT',
[2026-08-19T03:58:26.691Z] syscall: 'open',
[2026-08-19T03:58:26.691Z] path: '/home/ubuntu/orchids-blindy/.next/server/app/page/app-build-manifest.json'
[2026-08-19T03:58:26.691Z] }
[2026-08-19T03:58:26.730Z] ⨯ [Error: ENOENT: no such file or directory, open '/home/ubuntu/orchids-blindy/.next/static/development/_buildManifest.js.tmp.r0f8jp8xril'] {
[2026-08-19T03:58:26.730Z] errno: -2,
[2026-08-19T03:58:26.730Z] code: 'ENOENT',
[2026-08-19T03:58:26.730Z] syscall: 'open',
[2026-08-19T03:58:26.730Z] path: '/home/ubuntu/orchids-blindy/.next/static/development/_buildManifest.js.tmp.r0f8jp8xril'
[2026-08-19T03:58:26.730Z] }
[2026-08-19T03:58:26.768Z] [Error: ENOENT: no such file or directory, open '/home/ubuntu/orchids-blindy/.next/server/app/page/app-build-manifest.json'] {
[2026-08-19T03:58:26.768Z] errno: -2,
[2026-08-19T03:58:26.768Z] code: 'ENOENT',
[2026-08-19T03:58:26.768Z] syscall: 'open',
[2026-08-19T03:58:26.768Z] path: '/home/ubuntu/orchids-blindy/.next/server/app/page/app-build-manifest.json'
[2026-08-19T03:58:26.768Z] }
[2026-08-19T03:58:26.799Z] ⨯ [Error: ENOENT: no such file or directory, open '/home/ubuntu/orchids-blindy/.next/static/development/_buildManifest.js.tmp.8rs6u9lu6g8'] {
[2026-08-19T03:58:26.799Z] errno: -2,
[2026-08-19T03:58:26.799Z] code: 'ENOENT',
[2026-08-19T03:58:26.799Z] syscall: 'open',
[2026-08-19T03:58:26.799Z] path: '/home/ubuntu/orchids-blindy/.next/static/development/_buildManifest.js.tmp.8rs6u9lu6g8'
[2026-08-19T03:58:26.799Z] }
[2026-08-19T03:58:26.829Z] [Error: ENOENT: no such file or directory, open '/home/ubuntu/orchids-blindy/.next/static/development/_buildManifest.js.tmp.dj7ir4hq3y'] {
[2026-08-19T03:58:26.829Z] errno: -2,
[2026-08-19T03:58:26.829Z] code: 'ENOENT',
[2026-08-19T03:58:26.829Z] syscall: 'open',
[2026-08-19T03:58:26.829Z] path: '/home/ubuntu/orchids-blindy/.next/static/development/_buildManifest.js.tmp.dj7ir4hq3y'
[2026-08-19T03:58:26.829Z] }
[2026-08-19T03:58:27.693Z] ⨯ [Error: ENOENT: no such file or directory, open '/home/ubuntu/orchids-blindy/.next/server/app/page/app-build-manifest.json'] {
[2026-08-19T03:58:27.693Z] errno: -2,
[2026-08-19T03:58:27.693Z] code: 'ENOENT',
[2026-08-19T03:58:27.693Z] syscall: 'open',
[2026-08-19T03:58:27.693Z] path: '/home/ubuntu/orchids-blindy/.next/server/app/page/app-build-manifest.json'
[2026-08-19T03:58:27.693Z] }
[2026-08-19T03:58:27.729Z] ⨯ [Error: ENOENT: no such file or directory, open '/home/ubuntu/orchids-blindy/.next/static/development/_buildManifest.js.tmp.xr7avaioqkn'] {
[2026-08-19T03:58:27.729Z] errno: -2,
[2026-08-19T03:58:27.729Z] code: 'ENOENT',
[2026-08-19T03:58:27.729Z] syscall: 'open',
[2026-08-19T03:58:27.729Z] path: '/home/ubuntu/orchids-blindy/.next/static/development/_buildManifest.js.tmp.xr7avaioqkn'
[2026-08-19T03:58:27.729Z] }
[2026-08-19T03:58:27.762Z] [Error: ENOENT: no such file or directory, open '/home/ubuntu/orchids-blindy/.next/server/app/page/app-build-manifest.json'] {
[2026-08-19T03:58:27.762Z] errno: -2,
[2026-08-19T03:58:27.762Z] code: 'ENOENT',
[2026-08-19T03:58:27.762Z] syscall: 'open',
[2026-08-19T03:58:27.762Z] path: '/home/ubuntu/orchids-blindy/.next/server/app/page/app-build-manifest.json'
[2026-08-19T03:58:27.762Z] }
[2026-08-19T03:58:27.793Z] ⨯ [Error: ENOENT: no such file or directory, open '/home/ubuntu/orchids-blindy/.next/static/development/_buildManifest.js.tmp.qkg2jmv3cui'] {
[2026-08-19T03:58:27.793Z] errno: -2,
[2026-08-19T03:58:27.793Z] code: 'ENOENT',
[2026-08-19T03:58:27.793Z] syscall: 'open',
[2026-08-19T03:58:27.793Z] path: '/home/ubuntu/orchids-blindy/.next/static/development/_buildManifest.js.tmp.qkg2jmv3cui'
[2026-08-19T03:58:27.793Z] }
[2026-08-19T03:58:27.824Z] [Error: ENOENT: no such file or directory, open '/home/ubuntu/orchids-blindy/.next/static/development/_buildManifest.js.tmp.9dmkgj9atcq'] {
[2026-08-19T03:58:27.824Z] errno: -2,
[2026-08-19T03:58:27.824Z] code: 'ENOENT',
[2026-08-19T03:58:27.824Z] syscall: 'open',
[2026-08-19T03:58:27.824Z] path: '/home/ubuntu/orchids-blindy/.next/static/development/_buildManifest.js.tmp.9dmkgj9atcq'
[2026-08-19T03:58:27.824Z] }
[2026-08-19T03:58:28.703Z] ⨯ [Error: ENOENT: no such file or directory, open '/home/ubuntu/orchids-blindy/.next/server/app/page/app-build-manifest.json'] {
[2026-08-19T03:58:28.703Z] errno: -2,
[2026-08-19T03:58:28.703Z] code: 'ENOENT',
[2026-08-19T03:58:28.703Z] syscall: 'open',
[2026-08-19T03:58:28.703Z] path: '/home/ubuntu/orchids-blindy/.next/server/app/page/app-build-manifest.json'
[2026-08-19T03:58:28.703Z] }
[2026-08-19T03:58:28.739Z] ⨯ [Error: ENOENT: no such file or directory, open '/home/ubuntu/orchids-blindy/.next/static/development/_buildManifest.js.tmp.1fuhwjlmifh'] {
[2026-08-19T03:58:28.739Z] errno: -2,
[2026-08-19T03:58:28.739Z] code: 'ENOENT',
[2026-08-19T03:58:28.739Z] syscall: 'open',
[2026-08-19T03:58:28.739Z] path: '/home/ubuntu/orchids-blindy/.next/static/development/_buildManifest.js.tmp.1fuhwjlmifh'
[2026-08-19T03:58:28.739Z] }
[2026-08-19T03:58:28.772Z] [Error: ENOENT: no such file or directory, open '/home/ubuntu/orchids-blindy/.next/server/app/page/app-build-manifest.json'] {
[2026-08-19T03:58:28.772Z] errno: -2,
[2026-08-19T03:58:28.772Z] code: 'ENOENT',
[2026-08-19T03:58:28.772Z] syscall: 'open',
[2026-08-19T03:58:28.772Z] path: '/home/ubuntu/orchids-blindy/.next/server/app/page/app-build-manifest.json'
[2026-08-19T03:58:28.772Z] }
[2026-08-19T03:58:28.800Z] ⨯ [Error: ENOENT: no such file or directory, open '/home/ubuntu/orchids-blindy/.next/static/development/_buildManifest.js.tmp.bpxzylybi9'] {
[2026-08-19T03:58:28.800Z] errno: -2,
[2026-08-19T03:58:28.800Z] code: 'ENOENT',
[2026-08-19T03:58:28.800Z] syscall: 'open',
[2026-08-19T03:58:28.800Z] path: '/home/ubuntu/orchids-blindy/.next/static/development/_buildManifest.js.tmp.bpxzylybi9'
[2026-08-19T03:58:28.800Z] }
[2026-08-19T03:58:28.828Z] [Error: ENOENT: no such file or directory, open '/home/ubuntu/orchids-blindy/.next/static/development/_buildManifest.js.tmp.y6q40dr7d9'] {
[2026-08-19T03:58:28.828Z] errno: -2,
[2026-08-19T03:58:28.828Z] code: 'ENOENT',
[2026-08-19T03:58:28.828Z] syscall: 'open',
[2026-08-19T03:58:28.828Z] path: '/home/ubuntu/orchids-blindy/.next/static/development/_buildManifest.js.tmp.y6q40dr7d9'
[2026-08-19T03:58:28.828Z] }
[2026-08-19T03:58:29.695Z] ⨯ [Error: ENOENT: no such file or directory, open '/home/ubuntu/orchids-blindy/.next/server/app/page/app-build-manifest.json'] {
[2026-08-19T03:58:29.695Z] errno: -2,
[2026-08-19T03:58:29.695Z] code: 'ENOENT',
[2026-08-19T03:58:29.695Z] syscall: 'open',
[2026-08-19T03:58:29.695Z] path: '/home/ubuntu/orchids-blindy/.next/server/app/page/app-build-manifest.json'
[2026-08-19T03:58:29.695Z] }
[2026-08-19T03:58:29.732Z] ⨯ [Error: ENOENT: no such file or directory, open '/home/ubuntu/orchids-blindy/.next/static/development/_buildManifest.js.tmp.w04duje3gl'] {
[2026-08-19T03:58:29.732Z] errno: -2,
[2026-08-19T03:58:29.732Z] code: 'ENOENT',
[2026-08-19T03:58:29.732Z] syscall: 'open',
[2026-08-19T03:58:29.732Z] path: '/home/ubuntu/orchids-blindy/.next/static/development/_buildManifest.js.tmp.w04duje3gl'
[2026-08-19T03:58:29.732Z] }
[2026-08-19T03:58:29.765Z] [Error: ENOENT: no such file or directory, open '/home/ubuntu/orchids-blindy/.next/server/app/page/app-build-manifest.json'] {
[2026-08-19T03:58:29.765Z] errno: -2,
[2026-08-19T03:58:29.765Z] code: 'ENOENT',
[2026-08-19T03:58:29.765Z] syscall: 'open',
[2026-08-19T03:58:29.765Z] path: '/home/ubuntu/orchids-blindy/.next/server/app/page/app-build-manifest.json'
[2026-08-19T03:58:29.765Z] }
[2026-08-19T03:58:29.798Z] ⨯ [Error: ENOENT: no such file or directory, open '/home/ubuntu/orchids-blindy/.next/server/app/page/app-build-manifest.json'] {
[2026-08-19T03:58:29.798Z] errno: -2,
[2026-08-19T03:58:29.798Z] code: 'ENOENT',
[2026-08-19T03:58:29.798Z] syscall: 'open',
[2026-08-19T03:58:29.798Z] path: '/home/ubuntu/orchids-blindy/.next/server/app/page/app-build-manifest.json'
[2026-08-19T03:58:29.798Z] }
[2026-08-19T03:58:29.830Z] ⨯ [Error: ENOENT: no such file or directory, open '/home/ubuntu/orchids-blindy/.next/static/development/_buildManifest.js.tmp.n04tpuh7elp'] {
[2026-08-19T03:58:29.830Z] errno: -2,
[2026-08-19T03:58:29.830Z] code: 'ENOENT',
[2026-08-19T03:58:29.830Z] syscall: 'open',
[2026-08-19T03:58:29.830Z] path: '/home/ubuntu/orchids-blindy/.next/static/development/_buildManifest.js.tmp.n04tpuh7elp'
[2026-08-19T03:58:29.830Z] }
[2026-08-19T03:58:29.859Z] ⨯ [Error: ENOENT: no such file or directory, open '/home/ubuntu/orchids-blindy/.next/static/development/_buildManifest.js.tmp.g7qqbdtfog'] {
[2026-08-19T03:58:29.859Z] errno: -2,
[2026-08-19T03:58:29.859Z] code: 'ENOENT',
[2026-08-19T03:58:29.859Z] syscall: 'open',
[2026-08-19T03:58:29.859Z] path: '/home/ubuntu/orchids-blindy/.next/static/development/_buildManifest.js.tmp.g7qqbdtfog'
[2026-08-19T03:58:29.859Z] }
[2026-08-19T03:58:29.890Z] [Error: ENOENT: no such file or directory, open '/home/ubuntu/orchids-blindy/.next/static/development/_buildManifest.js.tmp.02r2oim031h6'] {
[2026-08-19T03:58:29.890Z] errno: -2,
[2026-08-19T03:58:29.890Z] code: 'ENOENT',
[2026-08-19T03:58:29.890Z] syscall: 'open',
[2026-08-19T03:58:29.890Z] path: '/home/ubuntu/orchids-blindy/.next/static/development/_buildManifest.js.tmp.02r2oim031h6'
[2026-08-19T03:58:29.890Z] }
[2026-08-19T03:58:29.920Z] [Error: ENOENT: no such file or directory, open '/home/ubuntu/orchids-blindy/.next/server/app/page/app-build-manifest.json'] {
[2026-08-19T03:58:29.920Z] errno: -2,
[2026-08-19T03:58:29.920Z] code: 'ENOENT',
[2026-08-19T03:58:29.920Z] syscall: 'open',
[2026-08-19T03:58:29.920Z] path: '/home/ubuntu/orchids-blindy/.next/server/app/page/app-build-manifest.json'
[2026-08-19T03:58:29.920Z] }
[2026-08-19T03:58:29.957Z] ⨯ [Error: ENOENT: no such file or directory, open '/home/ubuntu/orchids-blindy/.next/static/development/_buildManifest.js.tmp.foackekyqji'] {
[2026-08-19T03:58:29.957Z] errno: -2,
[2026-08-19T03:58:29.957Z] code: 'ENOENT',
[2026-08-19T03:58:29.957Z] syscall: 'open',
[2026-08-19T03:58:29.957Z] path: '/home/ubuntu/orchids-blindy/.next/static/development/_buildManifest.js.tmp.foackekyqji'
[2026-08-19T03:58:29.957Z] }
[2026-08-19T03:58:30.038Z] [Error: ENOENT: no such file or directory, open '/home/ubuntu/orchids-blindy/.next/static/development/_buildManifest.js.tmp.34kx03o7ote'] {
[2026-08-19T03:58:30.038Z] errno: -2,
[2026-08-19T03:58:30.038Z] code: 'ENOENT',
[2026-08-19T03:58:30.038Z] syscall: 'open',
[2026-08-19T03:58:30.038Z] path: '/home/ubuntu/orchids-blindy/.next/static/development/_buildManifest.js.tmp.34kx03o7ote'
[2026-08-19T03:58:30.038Z] }
[2026-08-19T03:58:30.692Z] ⨯ [Error: ENOENT: no such file or directory, open '/home/ubuntu/orchids-blindy/.next/server/app/page/app-build-manifest.json'] {
[2026-08-19T03:58:30.692Z] errno: -2,
[2026-08-19T03:58:30.692Z] code: 'ENOENT',
[2026-08-19T03:58:30.692Z] syscall: 'open',
[2026-08-19T03:58:30.692Z] path: '/home/ubuntu/orchids-blindy/.next/server/app/page/app-build-manifest.json'
[2026-08-19T03:58:30.692Z] }
[2026-08-19T03:58:30.732Z] ⨯ [Error: ENOENT: no such file or directory, open '/home/ubuntu/orchids-blindy/.next/static/development/_buildManifest.js.tmp.at4uu08kwo6'] {
[2026-08-19T03:58:30.732Z] errno: -2,
[2026-08-19T03:58:30.732Z] code: 'ENOENT',
[2026-08-19T03:58:30.732Z] syscall: 'open',
[2026-08-19T03:58:30.732Z] path: '/home/ubuntu/orchids-blindy/.next/static/development/_buildManifest.js.tmp.at4uu08kwo6'
[2026-08-19T03:58:30.732Z] }
[2026-08-19T03:58:30.768Z] [Error: ENOENT: no such file or directory, open '/home/ubuntu/orchids-blindy/.next/server/app/page/app-build-manifest.json'] {
[2026-08-19T03:58:30.768Z] errno: -2,
[2026-08-19T03:58:30.768Z] code: 'ENOENT',
[2026-08-19T03:58:30.768Z] syscall: 'open',
[2026-08-19T03:58:30.768Z] path: '/home/ubuntu/orchids-blindy/.next/server/app/page/app-build-manifest.json'
[2026-08-19T03:58:30.768Z] }
[2026-08-19T03:58:30.802Z] ⨯ [Error: ENOENT: no such file or directory, open '/home/ubuntu/orchids-blindy/.next/static/development/_buildManifest.js.tmp.3s7yo48v8rr'] {
[2026-08-19T03:58:30.802Z] errno: -2,
[2026-08-19T03:58:30.802Z] code: 'ENOENT',
[2026-08-19T03:58:30.802Z] syscall: 'open',
[2026-08-19T03:58:30.802Z] path: '/home/ubuntu/orchids-blindy/.next/static/development/_buildManifest.js.tmp.3s7yo48v8rr'
[2026-08-19T03:58:30.802Z] }
[2026-08-19T03:58:30.832Z] [Error: ENOENT: no such file or directory, open '/home/ubuntu/orchids-blindy/.next/static/development/_buildManifest.js.tmp.hothta96tdd'] {
[2026-08-19T03:58:30.832Z] errno: -2,
[2026-08-19T03:58:30.832Z] code: 'ENOENT',
[2026-08-19T03:58:30.832Z] syscall: 'open',
[2026-08-19T03:58:30.832Z] path: '/home/ubuntu/orchids-blindy/.next/static/development/_buildManifest.js.tmp.hothta96tdd'
[2026-08-19T03:58:30.832Z] }
[2026-08-19T03:58:31.693Z] ⨯ [Error: ENOENT: no such file or directory, open '/home/ubuntu/orchids-blindy/.next/server/app/page/app-build-manifest.json'] {
[2026-08-19T03:58:31.693Z] errno: -2,
[2026-08-19T03:58:31.693Z] code: 'ENOENT',
[2026-08-19T03:58:31.693Z] syscall: 'open',
[2026-08-19T03:58:31.693Z] path: '/home/ubuntu/orchids-blindy/.next/server/app/page/app-build-manifest.json'
[2026-08-19T03:58:31.693Z] }
[2026-08-19T03:58:31.731Z] ⨯ [Error: ENOENT: no such file or directory, open '/home/ubuntu/orchids-blindy/.next/static/development/_buildManifest.js.tmp.bwntkof4lc'] {
[2026-08-19T03:58:31.731Z] errno: -2,
[2026-08-19T03:58:31.731Z] code: 'ENOENT',
[2026-08-19T03:58:31.731Z] syscall: 'open',
[2026-08-19T03:58:31.731Z] path: '/home/ubuntu/orchids-blindy/.next/static/development/_buildManifest.js.tmp.bwntkof4lc'
[2026-08-19T03:58:31.731Z] }
[2026-08-19T03:58:31.767Z] [Error: ENOENT: no such file or directory, open '/home/ubuntu/orchids-blindy/.next/server/app/page/app-build-manifest.json'] {
[2026-08-19T03:58:31.767Z] errno: -2,
[2026-08-19T03:58:31.767Z] code: 'ENOENT',
[2026-08-19T03:58:31.767Z] syscall: 'open',
[2026-08-19T03:58:31.767Z] path: '/home/ubuntu/orchids-blindy/.next/server/app/page/app-build-manifest.json'
[2026-08-19T03:58:31.768Z] }
[2026-08-19T03:58:31.797Z] ⨯ [Error: ENOENT: no such file or directory, open '/home/ubuntu/orchids-blindy/.next/static/development/_buildManifest.js.tmp.azzjpldvwnw'] {
[2026-08-19T03:58:31.797Z] errno: -2,
[2026-08-19T03:58:31.797Z] code: 'ENOENT',
[2026-08-19T03:58:31.797Z] syscall: 'open',
[2026-08-19T03:58:31.797Z] path: '/home/ubuntu/orchids-blindy/.next/static/development/_buildManifest.js.tmp.azzjpldvwnw'
[2026-08-19T03:58:31.797Z] }
[2026-08-19T03:58:31.829Z] [Error: ENOENT: no such file or directory, open '/home/ubuntu/orchids-blindy/.next/static/development/_buildManifest.js.tmp.h7mbxeuh12h'] {
[2026-08-19T03:58:31.829Z] errno: -2,
[2026-08-19T03:58:31.829Z] code: 'ENOENT',
[2026-08-19T03:58:31.829Z] syscall: 'open',
[2026-08-19T03:58:31.829Z] path: '/home/ubuntu/orchids-blindy/.next/static/development/_buildManifest.js.tmp.h7mbxeuh12h'
[2026-08-19T03:58:31.829Z] }
[2026-08-19T03:58:32.690Z] ⨯ [Error: ENOENT: no such file or directory, open '/home/ubuntu/orchids-blindy/.next/server/app/page/app-build-manifest.json'] {
[2026-08-19T03:58:32.690Z] errno: -2,
[2026-08-19T03:58:32.690Z] code: 'ENOENT',
[2026-08-19T03:58:32.690Z] syscall: 'open',
[2026-08-19T03:58:32.690Z] path: '/home/ubuntu/orchids-blindy/.next/server/app/page/app-build-manifest.json'
[2026-08-19T03:58:32.690Z] }
[2026-08-19T03:58:32.714Z] ⨯ [Error: ENOENT: no such file or directory, open '/home/ubuntu/orchids-blindy/.next/server/pages/_app/build-manifest.json'] {
[2026-08-19T03:58:32.714Z] errno: -2,
[2026-08-19T03:58:32.714Z] code: 'ENOENT',
[2026-08-19T03:58:32.714Z] syscall: 'open',
[2026-08-19T03:58:32.714Z] path: '/home/ubuntu/orchids-blindy/.next/server/pages/_app/build-manifest.json'
[2026-08-19T03:58:32.714Z] }
[2026-08-19T03:58:32.740Z] [Error: ENOENT: no such file or directory, open '/home/ubuntu/orchids-blindy/.next/server/app/page/app-build-manifest.json'] {
[2026-08-19T03:58:32.740Z] errno: -2,
[2026-08-19T03:58:32.740Z] code: 'ENOENT',
[2026-08-19T03:58:32.740Z] syscall: 'open',
[2026-08-19T03:58:32.740Z] path: '/home/ubuntu/orchids-blindy/.next/server/app/page/app-build-manifest.json'
[2026-08-19T03:58:32.740Z] }
[2026-08-19T03:58:32.762Z] ⨯ [Error: ENOENT: no such file or directory, open '/home/ubuntu/orchids-blindy/.next/server/pages/_app/build-manifest.json'] {
[2026-08-19T03:58:32.762Z] errno: -2,
[2026-08-19T03:58:32.762Z] code: 'ENOENT',
[2026-08-19T03:58:32.762Z] syscall: 'open',
[2026-08-19T03:58:32.762Z] path: '/home/ubuntu/orchids-blindy/.next/server/pages/_app/build-manifest.json'
[2026-08-19T03:58:32.762Z] }
[2026-08-19T03:58:32.780Z] [Error: ENOENT: no such file or directory, open '/home/ubuntu/orchids-blindy/.next/server/pages/_app/build-manifest.json'] {
[2026-08-19T03:58:32.780Z] errno: -2,
[2026-08-19T03:58:32.780Z] code: 'ENOENT',
[2026-08-19T03:58:32.780Z] syscall: 'open',
[2026-08-19T03:58:32.780Z] path: '/home/ubuntu/orchids-blindy/.next/server/pages/_app/build-manifest.json'
[2026-08-19T03:58:32.781Z] }
[2026-08-19T03:58:33.689Z] ⨯ [Error: ENOENT: no such file or directory, open '/home/ubuntu/orchids-blindy/.next/server/app/page/app-build-manifest.json'] {
[2026-08-19T03:58:33.689Z] errno: -2,
[2026-08-19T03:58:33.689Z] code: 'ENOENT',
[2026-08-19T03:58:33.689Z] syscall: 'open',
[2026-08-19T03:58:33.689Z] path: '/home/ubuntu/orchids-blindy/.next/server/app/page/app-build-manifest.json'
[2026-08-19T03:58:33.689Z] }
[2026-08-19T03:58:33.718Z] ⨯ [Error: ENOENT: no such file or directory, open '/home/ubuntu/orchids-blindy/.next/server/pages/_app/build-manifest.json'] {
[2026-08-19T03:58:33.718Z] errno: -2,
[2026-08-19T03:58:33.718Z] code: 'ENOENT',
[2026-08-19T03:58:33.718Z] syscall: 'open',
[2026-08-19T03:58:33.718Z] path: '/home/ubuntu/orchids-blindy/.next/server/pages/_app/build-manifest.json'
[2026-08-19T03:58:33.718Z] }
[2026-08-19T03:58:33.744Z] [Error: ENOENT: no such file or directory, open '/home/ubuntu/orchids-blindy/.next/server/app/page/app-build-manifest.json'] {
[2026-08-19T03:58:33.744Z] errno: -2,
[2026-08-19T03:58:33.744Z] code: 'ENOENT',
[2026-08-19T03:58:33.744Z] syscall: 'open',
[2026-08-19T03:58:33.744Z] path: '/home/ubuntu/orchids-blindy/.next/server/app/page/app-build-manifest.json'
[2026-08-19T03:58:33.744Z] }
[2026-08-19T03:58:33.769Z] ⨯ [Error: ENOENT: no such file or directory, open '/home/ubuntu/orchids-blindy/.next/server/pages/_app/build-manifest.json'] {
[2026-08-19T03:58:33.769Z] errno: -2,
[2026-08-19T03:58:33.769Z] code: 'ENOENT',
[2026-08-19T03:58:33.769Z] syscall: 'open',
[2026-08-19T03:58:33.769Z] path: '/home/ubuntu/orchids-blindy/.next/server/pages/_app/build-manifest.json'
[2026-08-19T03:58:33.769Z] }
[2026-08-19T03:58:33.788Z] [Error: ENOENT: no such file or directory, open '/home/ubuntu/orchids-blindy/.next/server/pages/_app/build-manifest.json'] {
[2026-08-19T03:58:33.788Z] errno: -2,
[2026-08-19T03:58:33.788Z] code: 'ENOENT',
[2026-08-19T03:58:33.788Z] syscall: 'open',
[2026-08-19T03:58:33.788Z] path: '/home/ubuntu/orchids-blindy/.next/server/pages/_app/build-manifest.json'
[2026-08-19T03:58:33.788Z] }
[2026-08-19T03:58:33.818Z] ⨯ [Error: ENOENT: no such file or directory, open '/home/ubuntu/orchids-blindy/.next/server/app/page/app-build-manifest.json'] {
[2026-08-19T03:58:33.818Z] errno: -2,
[2026-08-19T03:58:33.818Z] code: 'ENOENT',
[2026-08-19T03:58:33.818Z] syscall: 'open',
[2026-08-19T03:58:33.818Z] path: '/home/ubuntu/orchids-blindy/.next/server/app/page/app-build-manifest.json'
[2026-08-19T03:58:33.818Z] }
[2026-08-19T03:58:33.844Z] ⨯ [Error: ENOENT: no such file or directory, open '/home/ubuntu/orchids-blindy/.next/server/pages/_app/build-manifest.json'] {
[2026-08-19T03:58:33.844Z] errno: -2,
[2026-08-19T03:58:33.844Z] code: 'ENOENT',
[2026-08-19T03:58:33.844Z] syscall: 'open',
[2026-08-19T03:58:33.844Z] path: '/home/ubuntu/orchids-blindy/.next/server/pages/_app/build-manifest.json'
[2026-08-19T03:58:33.844Z] }
[2026-08-19T03:58:33.871Z] [Error: ENOENT: no such file or directory, open '/home/ubuntu/orchids-blindy/.next/server/app/page/app-build-manifest.json'] {
[2026-08-19T03:58:33.871Z] errno: -2,
[2026-08-19T03:58:33.871Z] code: 'ENOENT',
[2026-08-19T03:58:33.871Z] syscall: 'open',
[2026-08-19T03:58:33.871Z] path: '/home/ubuntu/orchids-blindy/.next/server/app/page/app-build-manifest.json'
[2026-08-19T03:58:33.871Z] }
[2026-08-19T03:58:33.889Z] ⨯ [Error: ENOENT: no such file or directory, open '/home/ubuntu/orchids-blindy/.next/server/pages/_app/build-manifest.json'] {
[2026-08-19T03:58:33.889Z] errno: -2,
[2026-08-19T03:58:33.889Z] code: 'ENOENT',
[2026-08-19T03:58:33.889Z] syscall: 'open',
[2026-08-19T03:58:33.889Z] path: '/home/ubuntu/orchids-blindy/.next/server/pages/_app/build-manifest.json'
[2026-08-19T03:58:33.889Z] }
[2026-08-19T03:58:33.911Z] [Error: ENOENT: no such file or directory, open '/home/ubuntu/orchids-blindy/.next/server/pages/_app/build-manifest.json'] {
[2026-08-19T03:58:33.911Z] errno: -2,
[2026-08-19T03:58:33.911Z] code: 'ENOENT',
[2026-08-19T03:58:33.911Z] syscall: 'open',
[2026-08-19T03:58:33.911Z] path: '/home/ubuntu/orchids-blindy/.next/server/pages/_app/build-manifest.json'
[2026-08-19T03:58:33.911Z] }
[2026-08-19T03:58:34.694Z] ⨯ [Error: ENOENT: no such file or directory, open '/home/ubuntu/orchids-blindy/.next/server/app/page/app-build-manifest.json'] {
[2026-08-19T03:58:34.694Z] errno: -2,
[2026-08-19T03:58:34.694Z] code: 'ENOENT',
[2026-08-19T03:58:34.694Z] syscall: 'open',
[2026-08-19T03:58:34.694Z] path: '/home/ubuntu/orchids-blindy/.next/server/app/page/app-build-manifest.json'
[2026-08-19T03:58:34.694Z] }
[2026-08-19T03:58:34.719Z] ⨯ [Error: ENOENT: no such file or directory, open '/home/ubuntu/orchids-blindy/.next/server/pages/_app/build-manifest.json'] {
[2026-08-19T03:58:34.719Z] errno: -2,
[2026-08-19T03:58:34.719Z] code: 'ENOENT',
[2026-08-19T03:58:34.719Z] syscall: 'open',
[2026-08-19T03:58:34.719Z] path: '/home/ubuntu/orchids-blindy/.next/server/pages/_app/build-manifest.json'
[2026-08-19T03:58:34.719Z] }
[2026-08-19T03:58:34.747Z] [Error: ENOENT: no such file or directory, open '/home/ubuntu/orchids-blindy/.next/server/app/page/app-build-manifest.json'] {
[2026-08-19T03:58:34.747Z] errno: -2,
[2026-08-19T03:58:34.747Z] code: 'ENOENT',
[2026-08-19T03:58:34.747Z] syscall: 'open',
[2026-08-19T03:58:34.747Z] path: '/home/ubuntu/orchids-blindy/.next/server/app/page/app-build-manifest.json'
[2026-08-19T03:58:34.747Z] }
[2026-08-19T03:58:34.771Z] ⨯ [Error: ENOENT: no such file or directory, open '/home/ubuntu/orchids-blindy/.next/server/pages/_app/build-manifest.json'] {
[2026-08-19T03:58:34.771Z] errno: -2,
[2026-08-19T03:58:34.771Z] code: 'ENOENT',
[2026-08-19T03:58:34.771Z] syscall: 'open',
[2026-08-19T03:58:34.771Z] path: '/home/ubuntu/orchids-blindy/.next/server/pages/_app/build-manifest.json'
[2026-08-19T03:58:34.771Z] }
[2026-08-19T03:58:34.789Z] [Error: ENOENT: no such file or directory, open '/home/ubuntu/orchids-blindy/.next/server/pages/_app/build-manifest.json'] {
[2026-08-19T03:58:34.789Z] errno: -2,
[2026-08-19T03:58:34.789Z] code: 'ENOENT',
[2026-08-19T03:58:34.789Z] syscall: 'open',
[2026-08-19T03:58:34.789Z] path: '/home/ubuntu/orchids-blindy/.next/server/pages/_app/build-manifest.json'
[2026-08-19T03:58:34.789Z] }
[2026-08-19T03:58:35.696Z] ⨯ [Error: ENOENT: no such file or directory, open '/home/ubuntu/orchids-blindy/.next/server/app/page/app-build-manifest.json'] {
[2026-08-19T03:58:35.696Z] errno: -2,
[2026-08-19T03:58:35.696Z] code: 'ENOENT',
[2026-08-19T03:58:35.696Z] syscall: 'open',
[2026-08-19T03:58:35.696Z] path: '/home/ubuntu/orchids-blindy/.next/server/app/page/app-build-manifest.json'
[2026-08-19T03:58:35.696Z] }
[2026-08-19T03:58:35.723Z] ⨯ [Error: ENOENT: no such file or directory, open '/home/ubuntu/orchids-blindy/.next/server/pages/_app/build-manifest.json'] {
[2026-08-19T03:58:35.723Z] errno: -2,
[2026-08-19T03:58:35.723Z] code: 'ENOENT',
[2026-08-19T03:58:35.723Z] syscall: 'open',
[2026-08-19T03:58:35.723Z] path: '/home/ubuntu/orchids-blindy/.next/server/pages/_app/build-manifest.json'
[2026-08-19T03:58:35.723Z] }
[2026-08-19T03:58:35.749Z] [Error: ENOENT: no such file or directory, open '/home/ubuntu/orchids-blindy/.next/server/app/page/app-build-manifest.json'] {
[2026-08-19T03:58:35.749Z] errno: -2,
[2026-08-19T03:58:35.749Z] code: 'ENOENT',
[2026-08-19T03:58:35.749Z] syscall: 'open',
[2026-08-19T03:58:35.749Z] path: '/home/ubuntu/orchids-blindy/.next/server/app/page/app-build-manifest.json'
[2026-08-19T03:58:35.749Z] }
[2026-08-19T03:58:35.772Z] ⨯ [Error: ENOENT: no such file or directory, open '/home/ubuntu/orchids-blindy/.next/server/pages/_app/build-manifest.json'] {
[2026-08-19T03:58:35.772Z] errno: -2,
[2026-08-19T03:58:35.772Z] code: 'ENOENT',
[2026-08-19T03:58:35.772Z] syscall: 'open',
[2026-08-19T03:58:35.772Z] path: '/home/ubuntu/orchids-blindy/.next/server/pages/_app/build-manifest.json'
[2026-08-19T03:58:35.772Z] }
[2026-08-19T03:58:35.791Z] [Error: ENOENT: no such file or directory, open '/home/ubuntu/orchids-blindy/.next/server/pages/_app/build-manifest.json'] {
[2026-08-19T03:58:35.791Z] errno: -2,
[2026-08-19T03:58:35.791Z] code: 'ENOENT',
[2026-08-19T03:58:35.791Z] syscall: 'open',
[2026-08-19T03:58:35.791Z] path: '/home/ubuntu/orchids-blindy/.next/server/pages/_app/build-manifest.json'
[2026-08-19T03:58:35.791Z] }
[2026-08-19T03:58:36.696Z] ⨯ [Error: ENOENT: no such file or directory, open '/home/ubuntu/orchids-blindy/.next/server/app/page/app-build-manifest.json'] {
[2026-08-19T03:58:36.696Z] errno: -2,
[2026-08-19T03:58:36.696Z] code: 'ENOENT',
[2026-08-19T03:58:36.696Z] syscall: 'open',
[2026-08-19T03:58:36.696Z] path: '/home/ubuntu/orchids-blindy/.next/server/app/page/app-build-manifest.json'
[2026-08-19T03:58:36.696Z] }
[2026-08-19T03:58:36.724Z] ⨯ [Error: ENOENT: no such file or directory, open '/home/ubuntu/orchids-blindy/.next/server/pages/_app/build-manifest.json'] {
[2026-08-19T03:58:36.724Z] errno: -2,
[2026-08-19T03:58:36.724Z] code: 'ENOENT',
[2026-08-19T03:58:36.724Z] syscall: 'open',
[2026-08-19T03:58:36.724Z] path: '/home/ubuntu/orchids-blindy/.next/server/pages/_app/build-manifest.json'
[2026-08-19T03:58:36.724Z] }
[2026-08-19T03:58:36.749Z] [Error: ENOENT: no such file or directory, open '/home/ubuntu/orchids-blindy/.next/server/app/page/app-build-manifest.json'] {
[2026-08-19T03:58:36.749Z] errno: -2,
[2026-08-19T03:58:36.749Z] code: 'ENOENT',
[2026-08-19T03:58:36.749Z] syscall: 'open',
[2026-08-19T03:58:36.749Z] path: '/home/ubuntu/orchids-blindy/.next/server/app/page/app-build-manifest.json'
[2026-08-19T03:58:36.749Z] }
[2026-08-19T03:58:36.772Z] ⨯ [Error: ENOENT: no such file or directory, open '/home/ubuntu/orchids-blindy/.next/server/pages/_app/build-manifest.json'] {
[2026-08-19T03:58:36.772Z] errno: -2,
[2026-08-19T03:58:36.772Z] code: 'ENOENT',
[2026-08-19T03:58:36.772Z] syscall: 'open',
[2026-08-19T03:58:36.772Z] path: '/home/ubuntu/orchids-blindy/.next/server/pages/_app/build-manifest.json'
[2026-08-19T03:58:36.772Z] }
[2026-08-19T03:58:36.793Z] [Error: ENOENT: no such file or directory, open '/home/ubuntu/orchids-blindy/.next/server/pages/_app/build-manifest.json'] {
[2026-08-19T03:58:36.793Z] errno: -2,
[2026-08-19T03:58:36.793Z] code: 'ENOENT',
[2026-08-19T03:58:36.793Z] syscall: 'open',
[2026-08-19T03:58:36.793Z] path: '/home/ubuntu/orchids-blindy/.next/server/pages/_app/build-manifest.json'
[2026-08-19T03:58:36.793Z] }
[2026-08-19T03:58:37.691Z] ⨯ [Error: ENOENT: no such file or directory, open '/home/ubuntu/orchids-blindy/.next/server/app/page/app-build-manifest.json'] {
[2026-08-19T03:58:37.691Z] errno: -2,
[2026-08-19T03:58:37.691Z] code: 'ENOENT',
[2026-08-19T03:58:37.691Z] syscall: 'open',
[2026-08-19T03:58:37.691Z] path: '/home/ubuntu/orchids-blindy/.next/server/app/page/app-build-manifest.json'
[2026-08-19T03:58:37.691Z] }
[2026-08-19T03:58:37.713Z] ⨯ [Error: ENOENT: no such file or directory, open '/home/ubuntu/orchids-blindy/.next/server/pages/_app/build-manifest.json'] {
[2026-08-19T03:58:37.713Z] errno: -2,
[2026-08-19T03:58:37.713Z] code: 'ENOENT',
[2026-08-19T03:58:37.713Z] syscall: 'open',
[2026-08-19T03:58:37.713Z] path: '/home/ubuntu/orchids-blindy/.next/server/pages/_app/build-manifest.json'
[2026-08-19T03:58:37.713Z] }
[2026-08-19T03:58:37.739Z] [Error: ENOENT: no such file or directory, open '/home/ubuntu/orchids-blindy/.next/server/app/page/app-build-manifest.json'] {
[2026-08-19T03:58:37.739Z] errno: -2,
[2026-08-19T03:58:37.739Z] code: 'ENOENT',
[2026-08-19T03:58:37.739Z] syscall: 'open',
[2026-08-19T03:58:37.739Z] path: '/home/ubuntu/orchids-blindy/.next/server/app/page/app-build-manifest.json'
[2026-08-19T03:58:37.739Z] }
[2026-08-19T03:58:37.763Z] ⨯ [Error: ENOENT: no such file or directory, open '/home/ubuntu/orchids-blindy/.next/server/pages/_app/build-manifest.json'] {
[2026-08-19T03:58:37.763Z] errno: -2,
[2026-08-19T03:58:37.763Z] code: 'ENOENT',
[2026-08-19T03:58:37.763Z] syscall: 'open',
[2026-08-19T03:58:37.763Z] path: '/home/ubuntu/orchids-blindy/.next/server/pages/_app/build-manifest.json'
[2026-08-19T03:58:37.763Z] }
[2026-08-19T03:58:37.781Z] [Error: ENOENT: no such file or directory, open '/home/ubuntu/orchids-blindy/.next/server/pages/_app/build-manifest.json'] {
[2026-08-19T03:58:37.781Z] errno: -2,
[2026-08-19T03:58:37.781Z] code: 'ENOENT',
[2026-08-19T03:58:37.781Z] syscall: 'open',
[2026-08-19T03:58:37.781Z] path: '/home/ubuntu/orchids-blindy/.next/server/pages/_app/build-manifest.json'
[2026-08-19T03:58:37.781Z] }
[2026-08-19T03:58:38.022Z] ⨯ [Error: ENOENT: no such file or directory, open '/home/ubuntu/orchids-blindy/.next/server/app/page/app-build-manifest.json'] {
[2026-08-19T03:58:38.022Z] errno: -2,
[2026-08-19T03:58:38.022Z] code: 'ENOENT',
[2026-08-19T03:58:38.022Z] syscall: 'open',
[2026-08-19T03:58:38.022Z] path: '/home/ubuntu/orchids-blindy/.next/server/app/page/app-build-manifest.json'
[2026-08-19T03:58:38.022Z] }
[2026-08-19T03:58:38.047Z] ⨯ [Error: ENOENT: no such file or directory, open '/home/ubuntu/orchids-blindy/.next/server/pages/_app/build-manifest.json'] {
[2026-08-19T03:58:38.047Z] errno: -2,
[2026-08-19T03:58:38.048Z] code: 'ENOENT',
[2026-08-19T03:58:38.048Z] syscall: 'open',
[2026-08-19T03:58:38.048Z] path: '/home/ubuntu/orchids-blindy/.next/server/pages/_app/build-manifest.json'
[2026-08-19T03:58:38.048Z] }
[2026-08-19T03:58:38.074Z] [Error: ENOENT: no such file or directory, open '/home/ubuntu/orchids-blindy/.next/server/app/page/app-build-manifest.json'] {
[2026-08-19T03:58:38.074Z] errno: -2,
[2026-08-19T03:58:38.074Z] code: 'ENOENT',
[2026-08-19T03:58:38.074Z] syscall: 'open',
[2026-08-19T03:58:38.074Z] path: '/home/ubuntu/orchids-blindy/.next/server/app/page/app-build-manifest.json'
[2026-08-19T03:58:38.074Z] }
[2026-08-19T03:58:38.096Z] ⨯ [Error: ENOENT: no such file or directory, open '/home/ubuntu/orchids-blindy/.next/server/pages/_app/build-manifest.json'] {
[2026-08-19T03:58:38.096Z] errno: -2,
[2026-08-19T03:58:38.096Z] code: 'ENOENT',
[2026-08-19T03:58:38.096Z] syscall: 'open',
[2026-08-19T03:58:38.096Z] path: '/home/ubuntu/orchids-blindy/.next/server/pages/_app/build-manifest.json'
[2026-08-19T03:58:38.096Z] }
[2026-08-19T03:58:38.114Z] [Error: ENOENT: no such file or directory, open '/home/ubuntu/orchids-blindy/.next/server/pages/_app/build-manifest.json'] {
[2026-08-19T03:58:38.114Z] errno: -2,
[2026-08-19T03:58:38.114Z] code: 'ENOENT',
[2026-08-19T03:58:38.114Z] syscall: 'open',
[2026-08-19T03:58:38.114Z] path: '/home/ubuntu/orchids-blindy/.next/server/pages/_app/build-manifest.json'
[2026-08-19T03:58:38.114Z] }
[2026-08-19T03:58:38.695Z] ⨯ [Error: ENOENT: no such file or directory, open '/home/ubuntu/orchids-blindy/.next/server/app/page/app-build-manifest.json'] {
[2026-08-19T03:58:38.695Z] errno: -2,
[2026-08-19T03:58:38.989Z] code: 'ENOENT',
[2026-08-19T03:58:38.989Z] syscall: 'open',
[2026-08-19T03:58:38.989Z] path: '/home/ubuntu/orchids-blindy/.next/server/app/page/app-build-manifest.json'
[2026-08-19T03:58:38.989Z] }
[2026-08-19T03:58:38.989Z] ⨯ [Error: ENOENT: no such file or directory, open '/home/ubuntu/orchids-blindy/.next/server/pages/_app/build-manifest.json'] {
[2026-08-19T03:58:38.989Z] errno: -2,
[2026-08-19T03:58:38.989Z] code: 'ENOENT',
[2026-08-19T03:58:38.989Z] syscall: 'open',
[2026-08-19T03:58:38.989Z] path: '/home/ubuntu/orchids-blindy/.next/server/pages/_app/build-manifest.json'
[2026-08-19T03:58:38.989Z] }
[2026-08-19T03:58:38.989Z] [Error: ENOENT: no such file or directory, open '/home/ubuntu/orchids-blindy/.next/server/app/page/app-build-manifest.json'] {
[2026-08-19T03:58:38.989Z] errno: -2,
[2026-08-19T03:58:38.989Z] code: 'ENOENT',
[2026-08-19T03:58:38.989Z] syscall: 'open',
[2026-08-19T03:58:38.989Z] path: '/home/ubuntu/orchids-blindy/.next/server/app/page/app-build-manifest.json'
[2026-08-19T03:58:38.989Z] }
[2026-08-19T03:58:38.989Z] ⨯ [Error: ENOENT: no such file or directory, open '/home/ubuntu/orchids-blindy/.next/server/pages/_app/build-manifest.json'] {
[2026-08-19T03:58:38.989Z] errno: -2,
[2026-08-19T03:58:38.989Z] code: 'ENOENT',
[2026-08-19T03:58:38.989Z] syscall: 'open',
[2026-08-19T03:58:38.990Z] path: '/home/ubuntu/orchids-blindy/.next/server/pages/_app/build-manifest.json'
[2026-08-19T03:58:38.990Z] }
[2026-08-19T03:58:38.990Z] [Error: ENOENT: no such file or directory, open '/home/ubuntu/orchids-blindy/.next/server/pages/_app/build-manifest.json'] {
[2026-08-19T03:58:38.990Z] errno: -2,
[2026-08-19T03:58:38.990Z] code: 'ENOENT',
[2026-08-19T03:58:38.990Z] syscall: 'open',
[2026-08-19T03:58:38.990Z] path: '/home/ubuntu/orchids-blindy/.next/server/pages/_app/build-manifest.json'
[2026-08-19T03:58:38.990Z] }
[2026-08-19T03:58:39.695Z] ⨯ [Error: ENOENT: no such file or directory, open '/home/ubuntu/orchids-blindy/.next/server/app/page/app-build-manifest.json'] {
[2026-08-19T03:58:39.695Z] errno: -2,
[2026-08-19T03:58:39.695Z] code: 'ENOENT',
[2026-08-19T03:58:39.695Z] syscall: 'open',
[2026-08-19T03:58:39.695Z] path: '/home/ubuntu/orchids-blindy/.next/server/app/page/app-build-manifest.json'
[2026-08-19T03:58:39.695Z] }
[2026-08-19T03:58:39.718Z] ⨯ [Error: ENOENT: no such file or directory, open '/home/ubuntu/orchids-blindy/.next/server/pages/_app/build-manifest.json'] {
[2026-08-19T03:58:39.718Z] errno: -2,
[2026-08-19T03:58:39.718Z] code: 'ENOENT',
[2026-08-19T03:58:39.718Z] syscall: 'open',
[2026-08-19T03:58:39.718Z] path: '/home/ubuntu/orchids-blindy/.next/server/pages/_app/build-manifest.json'
[2026-08-19T03:58:39.718Z] }
[2026-08-19T03:58:39.749Z] [Error: ENOENT: no such file or directory, open '/home/ubuntu/orchids-blindy/.next/server/app/page/app-build-manifest.json'] {
[2026-08-19T03:58:39.749Z] errno: -2,
[2026-08-19T03:58:39.749Z] code: 'ENOENT',
[2026-08-19T03:58:39.749Z] syscall: 'open',
[2026-08-19T03:58:39.749Z] path: '/home/ubuntu/orchids-blindy/.next/server/app/page/app-build-manifest.json'
[2026-08-19T03:58:39.750Z] }
[2026-08-19T03:58:39.778Z] ⨯ [Error: ENOENT: no such file or directory, open '/home/ubuntu/orchids-blindy/.next/server/pages/_app/build-manifest.json'] {
[2026-08-19T03:58:39.778Z] errno: -2,
[2026-08-19T03:58:39.778Z] code: 'ENOENT',
[2026-08-19T03:58:39.778Z] syscall: 'open',
[2026-08-19T03:58:39.778Z] path: '/home/ubuntu/orchids-blindy/.next/server/pages/_app/build-manifest.json'
[2026-08-19T03:58:39.778Z] }
[2026-08-19T03:58:39.798Z] [Error: ENOENT: no such file or directory, open '/home/ubuntu/orchids-blindy/.next/server/pages/_app/build-manifest.json'] {
[2026-08-19T03:58:39.798Z] errno: -2,
[2026-08-19T03:58:39.798Z] code: 'ENOENT',
[2026-08-19T03:58:39.798Z] syscall: 'open',
[2026-08-19T03:58:39.798Z] path: '/home/ubuntu/orchids-blindy/.next/server/pages/_app/build-manifest.json'
[2026-08-19T03:58:39.798Z] }
[2026-08-19T03:58:40.689Z] ⨯ [Error: ENOENT: no such file or directory, open '/home/ubuntu/orchids-blindy/.next/server/app/page/app-build-manifest.json'] {
[2026-08-19T03:58:40.689Z] errno: -2,
[2026-08-19T03:58:40.689Z] code: 'ENOENT',
[2026-08-19T03:58:40.689Z] syscall: 'open',
[2026-08-19T03:58:40.689Z] path: '/home/ubuntu/orchids-blindy/.next/server/app/page/app-build-manifest.json'
[2026-08-19T03:58:40.689Z] }
[2026-08-19T03:58:40.717Z] ⨯ [Error: ENOENT: no such file or directory, open '/home/ubuntu/orchids-blindy/.next/server/pages/_app/build-manifest.json'] {
[2026-08-19T03:58:40.717Z] errno: -2,
[2026-08-19T03:58:40.717Z] code: 'ENOENT',
[2026-08-19T03:58:40.717Z] syscall: 'open',
[2026-08-19T03:58:40.717Z] path: '/home/ubuntu/orchids-blindy/.next/server/pages/_app/build-manifest.json'
[2026-08-19T03:58:40.717Z] }
[2026-08-19T03:58:40.745Z] [Error: ENOENT: no such file or directory, open '/home/ubuntu/orchids-blindy/.next/server/app/page/app-build-manifest.json'] {
[2026-08-19T03:58:40.745Z] errno: -2,
[2026-08-19T03:58:40.745Z] code: 'ENOENT',
[2026-08-19T03:58:40.745Z] syscall: 'open',
[2026-08-19T03:58:40.745Z] path: '/home/ubuntu/orchids-blindy/.next/server/app/page/app-build-manifest.json'
[2026-08-19T03:58:40.745Z] }
[2026-08-19T03:58:40.769Z] ⨯ [Error: ENOENT: no such file or directory, open '/home/ubuntu/orchids-blindy/.next/server/pages/_app/build-manifest.json'] {
[2026-08-19T03:58:40.769Z] errno: -2,
[2026-08-19T03:58:40.769Z] code: 'ENOENT',
[2026-08-19T03:58:40.769Z] syscall: 'open',
[2026-08-19T03:58:40.769Z] path: '/home/ubuntu/orchids-blindy/.next/server/pages/_app/build-manifest.json'
[2026-08-19T03:58:40.769Z] }
[2026-08-19T03:58:40.787Z] [Error: ENOENT: no such file or directory, open '/home/ubuntu/orchids-blindy/.next/server/pages/_app/build-manifest.json'] {
[2026-08-19T03:58:40.787Z] errno: -2,
[2026-08-19T03:58:40.787Z] code: 'ENOENT',
[2026-08-19T03:58:40.787Z] syscall: 'open',
[2026-08-19T03:58:40.787Z] path: '/home/ubuntu/orchids-blindy/.next/server/pages/_app/build-manifest.json'
[2026-08-19T03:58:40.787Z] }
[2026-08-19T03:58:41.696Z] ⨯ [Error: ENOENT: no such file or directory, open '/home/ubuntu/orchids-blindy/.next/server/app/page/app-build-manifest.json'] {
[2026-08-19T03:58:41.697Z] errno: -2,
[2026-08-19T03:58:41.697Z] code: 'ENOENT',
[2026-08-19T03:58:41.697Z] syscall: 'open',
[2026-08-19T03:58:41.697Z] path: '/home/ubuntu/orchids-blindy/.next/server/app/page/app-build-manifest.json'
[2026-08-19T03:58:41.697Z] }
[2026-08-19T03:58:41.725Z] ⨯ [Error: ENOENT: no such file or directory, open '/home/ubuntu/orchids-blindy/.next/server/pages/_app/build-manifest.json'] {
[2026-08-19T03:58:41.725Z] errno: -2,
[2026-08-19T03:58:41.725Z] code: 'ENOENT',
[2026-08-19T03:58:41.725Z] syscall: 'open',
[2026-08-19T03:58:41.725Z] path: '/home/ubuntu/orchids-blindy/.next/server/pages/_app/build-manifest.json'
[2026-08-19T03:58:41.725Z] }
[2026-08-19T03:58:41.754Z] [Error: ENOENT: no such file or directory, open '/home/ubuntu/orchids-blindy/.next/server/app/page/app-build-manifest.json'] {
[2026-08-19T03:58:41.754Z] errno: -2,
[2026-08-19T03:58:41.754Z] code: 'ENOENT',
[2026-08-19T03:58:41.754Z] syscall: 'open',
[2026-08-19T03:58:41.754Z] path: '/home/ubuntu/orchids-blindy/.next/server/app/page/app-build-manifest.json'
[2026-08-19T03:58:41.754Z] }
[2026-08-19T03:58:41.775Z] ⨯ [Error: ENOENT: no such file or directory, open '/home/ubuntu/orchids-blindy/.next/server/pages/_app/build-manifest.json'] {
[2026-08-19T03:58:41.775Z] errno: -2,
[2026-08-19T03:58:41.775Z] code: 'ENOENT',
[2026-08-19T03:58:41.775Z] syscall: 'open',
[2026-08-19T03:58:41.775Z] path: '/home/ubuntu/orchids-blindy/.next/server/pages/_app/build-manifest.json'
[2026-08-19T03:58:41.775Z] }
[2026-08-19T03:58:41.798Z] [Error: ENOENT: no such file or directory, open '/home/ubuntu/orchids-blindy/.next/server/pages/_app/build-manifest.json'] {
[2026-08-19T03:58:41.798Z] errno: -2,
[2026-08-19T03:58:41.798Z] code: 'ENOENT',
[2026-08-19T03:58:41.798Z] syscall: 'open',
[2026-08-19T03:58:41.798Z] path: '/home/ubuntu/orchids-blindy/.next/server/pages/_app/build-manifest.json'
[2026-08-19T03:58:41.798Z] }
[2026-08-19T03:58:41.833Z] ⨯ [Error: ENOENT: no such file or directory, open '/home/ubuntu/orchids-blindy/.next/server/app/page/app-build-manifest.json'] {
[2026-08-19T03:58:41.833Z] errno: -2,
[2026-08-19T03:58:41.833Z] code: 'ENOENT',
[2026-08-19T03:58:41.833Z] syscall: 'open',
[2026-08-19T03:58:41.833Z] path: '/home/ubuntu/orchids-blindy/.next/server/app/page/app-build-manifest.json'
[2026-08-19T03:58:41.833Z] }
[2026-08-19T03:58:41.861Z] ⨯ [Error: ENOENT: no such file or directory, open '/home/ubuntu/orchids-blindy/.next/server/pages/_app/build-manifest.json'] {
[2026-08-19T03:58:41.861Z] errno: -2,
[2026-08-19T03:58:41.861Z] code: 'ENOENT',
[2026-08-19T03:58:41.861Z] syscall: 'open',
[2026-08-19T03:58:41.861Z] path: '/home/ubuntu/orchids-blindy/.next/server/pages/_app/build-manifest.json'
[2026-08-19T03:58:41.861Z] }
[2026-08-19T03:58:41.887Z] [Error: ENOENT: no such file or directory, open '/home/ubuntu/orchids-blindy/.next/server/app/page/app-build-manifest.json'] {
[2026-08-19T03:58:41.887Z] errno: -2,
[2026-08-19T03:58:41.887Z] code: 'ENOENT',
[2026-08-19T03:58:41.888Z] syscall: 'open',
[2026-08-19T03:58:41.888Z] path: '/home/ubuntu/orchids-blindy/.next/server/app/page/app-build-manifest.json'
[2026-08-19T03:58:41.888Z] }
[2026-08-19T03:58:41.913Z] ⨯ [Error: ENOENT: no such file or directory, open '/home/ubuntu/orchids-blindy/.next/server/pages/_app/build-manifest.json'] {
[2026-08-19T03:58:41.914Z] errno: -2,
[2026-08-19T03:58:41.914Z] code: 'ENOENT',
[2026-08-19T03:58:41.914Z] syscall: 'open',
[2026-08-19T03:58:41.914Z] path: '/home/ubuntu/orchids-blindy/.next/server/pages/_app/build-manifest.json'
[2026-08-19T03:58:41.914Z] }
[2026-08-19T03:58:41.936Z] [Error: ENOENT: no such file or directory, open '/home/ubuntu/orchids-blindy/.next/server/pages/_app/build-manifest.json'] {
[2026-08-19T03:58:41.936Z] errno: -2,
[2026-08-19T03:58:41.937Z] code: 'ENOENT',
[2026-08-19T03:58:41.937Z] syscall: 'open',
[2026-08-19T03:58:41.937Z] path: '/home/ubuntu/orchids-blindy/.next/server/pages/_app/build-manifest.json'
[2026-08-19T03:58:41.937Z] }
[2026-08-19T03:58:42.690Z] ⨯ [Error: ENOENT: no such file or directory, open '/home/ubuntu/orchids-blindy/.next/server/app/page/app-build-manifest.json'] {
[2026-08-19T03:58:42.690Z] errno: -2,
[2026-08-19T03:58:42.690Z] code: 'ENOENT',
[2026-08-19T03:58:42.690Z] syscall: 'open',
[2026-08-19T03:58:42.690Z] path: '/home/ubuntu/orchids-blindy/.next/server/app/page/app-build-manifest.json'
[2026-08-19T03:58:42.690Z] }
[2026-08-19T03:58:42.717Z] ⨯ [Error: ENOENT: no such file or directory, open '/home/ubuntu/orchids-blindy/.next/server/pages/_app/build-manifest.json'] {
[2026-08-19T03:58:42.717Z] errno: -2,
[2026-08-19T03:58:42.717Z] code: 'ENOENT',
[2026-08-19T03:58:42.717Z] syscall: 'open',
[2026-08-19T03:58:42.717Z] path: '/home/ubuntu/orchids-blindy/.next/server/pages/_app/build-manifest.json'
[2026-08-19T03:58:42.717Z] }
[2026-08-19T03:58:42.742Z] [Error: ENOENT: no such file or directory, open '/home/ubuntu/orchids-blindy/.next/server/app/page/app-build-manifest.json'] {
[2026-08-19T03:58:42.742Z] errno: -2,
[2026-08-19T03:58:42.743Z] code: 'ENOENT',
[2026-08-19T03:58:42.743Z] syscall: 'open',
[2026-08-19T03:58:42.743Z] path: '/home/ubuntu/orchids-blindy/.next/server/app/page/app-build-manifest.json'
[2026-08-19T03:58:42.743Z] }
[2026-08-19T03:58:42.765Z] ⨯ [Error: ENOENT: no such file or directory, open '/home/ubuntu/orchids-blindy/.next/server/pages/_app/build-manifest.json'] {
[2026-08-19T03:58:42.765Z] errno: -2,
[2026-08-19T03:58:42.765Z] code: 'ENOENT',
[2026-08-19T03:58:42.765Z] syscall: 'open',
[2026-08-19T03:58:42.765Z] path: '/home/ubuntu/orchids-blindy/.next/server/pages/_app/build-manifest.json'
[2026-08-19T03:58:42.765Z] }
[2026-08-19T03:58:42.783Z] [Error: ENOENT: no such file or directory, open '/home/ubuntu/orchids-blindy/.next/server/pages/_app/build-manifest.json'] {
[2026-08-19T03:58:42.783Z] errno: -2,
[2026-08-19T03:58:42.783Z] code: 'ENOENT',
[2026-08-19T03:58:42.783Z] syscall: 'open',
[2026-08-19T03:58:42.783Z] path: '/home/ubuntu/orchids-blindy/.next/server/pages/_app/build-manifest.json'
[2026-08-19T03:58:42.783Z] }
[2026-08-19T03:58:43.699Z] ⨯ [Error: ENOENT: no such file or directory, open '/home/ubuntu/orchids-blindy/.next/server/app/page/app-build-manifest.json'] {
[2026-08-19T03:58:43.699Z] errno: -2,
[2026-08-19T03:58:43.699Z] code: 'ENOENT',
[2026-08-19T03:58:43.699Z] syscall: 'open',
[2026-08-19T03:58:43.699Z] path: '/home/ubuntu/orchids-blindy/.next/server/app/page/app-build-manifest.json'
[2026-08-19T03:58:43.699Z] }
[2026-08-19T03:58:43.728Z] ⨯ [Error: ENOENT: no such file or directory, open '/home/ubuntu/orchids-blindy/.next/server/pages/_app/build-manifest.json'] {
[2026-08-19T03:58:43.728Z] errno: -2,
[2026-08-19T03:58:43.728Z] code: 'ENOENT',
[2026-08-19T03:58:43.728Z] syscall: 'open',
[2026-08-19T03:58:43.728Z] path: '/home/ubuntu/orchids-blindy/.next/server/pages/_app/build-manifest.json'
[2026-08-19T03:58:43.728Z] }
[2026-08-19T03:58:43.756Z] [Error: ENOENT: no such file or directory, open '/home/ubuntu/orchids-blindy/.next/server/app/page/app-build-manifest.json'] {
[2026-08-19T03:58:43.756Z] errno: -2,
[2026-08-19T03:58:43.756Z] code: 'ENOENT',
[2026-08-19T03:58:43.756Z] syscall: 'open',
[2026-08-19T03:58:43.756Z] path: '/home/ubuntu/orchids-blindy/.next/server/app/page/app-build-manifest.json'
[2026-08-19T03:58:43.756Z] }
[2026-08-19T03:58:43.777Z] ⨯ [Error: ENOENT: no such file or directory, open '/home/ubuntu/orchids-blindy/.next/server/pages/_app/build-manifest.json'] {
[2026-08-19T03:58:43.777Z] errno: -2,
[2026-08-19T03:58:43.777Z] code: 'ENOENT',
[2026-08-19T03:58:43.777Z] syscall: 'open',
[2026-08-19T03:58:43.777Z] path: '/home/ubuntu/orchids-blindy/.next/server/pages/_app/build-manifest.json'
[2026-08-19T03:58:43.777Z] }
[2026-08-19T03:58:43.799Z] [Error: ENOENT: no such file or directory, open '/home/ubuntu/orchids-blindy/.next/server/pages/_app/build-manifest.json'] {
[2026-08-19T03:58:43.799Z] errno: -2,
[2026-08-19T03:58:43.799Z] code: 'ENOENT',
[2026-08-19T03:58:43.799Z] syscall: 'open',
[2026-08-19T03:58:43.799Z] path: '/home/ubuntu/orchids-blindy/.next/server/pages/_app/build-manifest.json'
[2026-08-19T03:58:43.799Z] }
[2026-08-19T03:58:44.693Z] ⨯ [Error: ENOENT: no such file or directory, open '/home/ubuntu/orchids-blindy/.next/server/app/page/app-build-manifest.json'] {
[2026-08-19T03:58:44.693Z] errno: -2,
[2026-08-19T03:58:44.693Z] code: 'ENOENT',
[2026-08-19T03:58:44.693Z] syscall: 'open',
[2026-08-19T03:58:44.693Z] path: '/home/ubuntu/orchids-blindy/.next/server/app/page/app-build-manifest.json'
[2026-08-19T03:58:44.693Z] }
[2026-08-19T03:58:44.718Z] ⨯ [Error: ENOENT: no such file or directory, open '/home/ubuntu/orchids-blindy/.next/server/pages/_app/build-manifest.json'] {
[2026-08-19T03:58:44.718Z] errno: -2,
[2026-08-19T03:58:44.718Z] code: 'ENOENT',
[2026-08-19T03:58:44.718Z] syscall: 'open',
[2026-08-19T03:58:44.718Z] path: '/home/ubuntu/orchids-blindy/.next/server/pages/_app/build-manifest.json'
[2026-08-19T03:58:44.718Z] }
[2026-08-19T03:58:44.745Z] [Error: ENOENT: no such file or directory, open '/home/ubuntu/orchids-blindy/.next/server/app/page/app-build-manifest.json'] {
[2026-08-19T03:58:44.745Z] errno: -2,
[2026-08-19T03:58:44.745Z] code: 'ENOENT',
[2026-08-19T03:58:44.745Z] syscall: 'open',
[2026-08-19T03:58:44.745Z] path: '/home/ubuntu/orchids-blindy/.next/server/app/page/app-build-manifest.json'
[2026-08-19T03:58:44.745Z] }
[2026-08-19T03:58:44.767Z] ⨯ [Error: ENOENT: no such file or directory, open '/home/ubuntu/orchids-blindy/.next/server/pages/_app/build-manifest.json'] {
[2026-08-19T03:58:44.767Z] errno: -2,
[2026-08-19T03:58:44.767Z] code: 'ENOENT',
[2026-08-19T03:58:44.767Z] syscall: 'open',
[2026-08-19T03:58:44.767Z] path: '/home/ubuntu/orchids-blindy/.next/server/pages/_app/build-manifest.json'
[2026-08-19T03:58:44.767Z] }
[2026-08-19T03:58:44.786Z] [Error: ENOENT: no such file or directory, open '/home/ubuntu/orchids-blindy/.next/server/pages/_app/build-manifest.json'] {
[2026-08-19T03:58:44.786Z] errno: -2,
[2026-08-19T03:58:44.786Z] code: 'ENOENT',
[2026-08-19T03:58:44.786Z] syscall: 'open',
[2026-08-19T03:58:44.786Z] path: '/home/ubuntu/orchids-blindy/.next/server/pages/_app/build-manifest.json'
[2026-08-19T03:58:44.786Z] }
[2026-08-19T03:58:45.689Z] ⨯ [Error: ENOENT: no such file or directory, open '/home/ubuntu/orchids-blindy/.next/server/app/page/app-build-manifest.json'] {
[2026-08-19T03:58:45.689Z] errno: -2,
[2026-08-19T03:58:45.689Z] code: 'ENOENT',
[2026-08-19T03:58:45.689Z] syscall: 'open',
[2026-08-19T03:58:45.689Z] path: '/home/ubuntu/orchids-blindy/.next/server/app/page/app-build-manifest.json'
[2026-08-19T03:58:45.689Z] }
[2026-08-19T03:58:45.715Z] ⨯ [Error: ENOENT: no such file or directory, open '/home/ubuntu/orchids-blindy/.next/server/pages/_app/build-manifest.json'] {
[2026-08-19T03:58:45.716Z] errno: -2,
[2026-08-19T03:58:45.716Z] code: 'ENOENT',
[2026-08-19T03:58:45.716Z] syscall: 'open',
[2026-08-19T03:58:45.716Z] path: '/home/ubuntu/orchids-blindy/.next/server/pages/_app/build-manifest.json'
[2026-08-19T03:58:45.716Z] }
[2026-08-19T03:58:45.745Z] [Error: ENOENT: no such file or directory, open '/home/ubuntu/orchids-blindy/.next/server/app/page/app-build-manifest.json'] {
[2026-08-19T03:58:45.745Z] errno: -2,
[2026-08-19T03:58:45.745Z] code: 'ENOENT',
[2026-08-19T03:58:45.745Z] syscall: 'open',
[2026-08-19T03:58:45.745Z] path: '/home/ubuntu/orchids-blindy/.next/server/app/page/app-build-manifest.json'
[2026-08-19T03:58:45.745Z] }
[2026-08-19T03:58:45.770Z] ⨯ [Error: ENOENT: no such file or directory, open '/home/ubuntu/orchids-blindy/.next/server/pages/_app/build-manifest.json'] {
[2026-08-19T03:58:45.770Z] errno: -2,
[2026-08-19T03:58:45.770Z] code: 'ENOENT',
[2026-08-19T03:58:45.770Z] syscall: 'open',
[2026-08-19T03:58:45.770Z] path: '/home/ubuntu/orchids-blindy/.next/server/pages/_app/build-manifest.json'
[2026-08-19T03:58:45.770Z] }
[2026-08-19T03:58:45.790Z] [Error: ENOENT: no such file or directory, open '/home/ubuntu/orchids-blindy/.next/server/pages/_app/build-manifest.json'] {
[2026-08-19T03:58:45.790Z] errno: -2,
[2026-08-19T03:58:45.790Z] code: 'ENOENT',
[2026-08-19T03:58:45.790Z] syscall: 'open',
[2026-08-19T03:58:45.790Z] path: '/home/ubuntu/orchids-blindy/.next/server/pages/_app/build-manifest.json'
[2026-08-19T03:58:45.790Z] }
[2026-08-19T03:58:45.821Z] ⨯ [Error: ENOENT: no such file or directory, open '/home/ubuntu/orchids-blindy/.next/server/app/page/app-build-manifest.json'] {
[2026-08-19T03:58:45.821Z] errno: -2,
[2026-08-19T03:58:45.821Z] code: 'ENOENT',
[2026-08-19T03:58:45.821Z] syscall: 'open',
[2026-08-19T03:58:45.821Z] path: '/home/ubuntu/orchids-blindy/.next/server/app/page/app-build-manifest.json'
[2026-08-19T03:58:45.821Z] }
[2026-08-19T03:58:45.848Z] ⨯ [Error: ENOENT: no such file or directory, open '/home/ubuntu/orchids-blindy/.next/server/pages/_app/build-manifest.json'] {
[2026-08-19T03:58:45.848Z] errno: -2,
[2026-08-19T03:58:45.848Z] code: 'ENOENT',
[2026-08-19T03:58:45.848Z] syscall: 'open',
[2026-08-19T03:58:45.848Z] path: '/home/ubuntu/orchids-blindy/.next/server/pages/_app/build-manifest.json'
[2026-08-19T03:58:45.848Z] }
[2026-08-19T03:58:45.874Z] [Error: ENOENT: no such file or directory, open '/home/ubuntu/orchids-blindy/.next/server/app/page/app-build-manifest.json'] {
[2026-08-19T03:58:45.874Z] errno: -2,
[2026-08-19T03:58:45.874Z] code: 'ENOENT',
[2026-08-19T03:58:45.874Z] syscall: 'open',
[2026-08-19T03:58:45.874Z] path: '/home/ubuntu/orchids-blindy/.next/server/app/page/app-build-manifest.json'
[2026-08-19T03:58:45.874Z] }
[2026-08-19T03:58:45.893Z] ⨯ [Error: ENOENT: no such file or directory, open '/home/ubuntu/orchids-blindy/.next/server/pages/_app/build-manifest.json'] {
[2026-08-19T03:58:45.893Z] errno: -2,
[2026-08-19T03:58:45.893Z] code: 'ENOENT',
[2026-08-19T03:58:45.893Z] syscall: 'open',
[2026-08-19T03:58:45.893Z] path: '/home/ubuntu/orchids-blindy/.next/server/pages/_app/build-manifest.json'
[2026-08-19T03:58:45.893Z] }
[2026-08-19T03:58:45.914Z] [Error: ENOENT: no such file or directory, open '/home/ubuntu/orchids-blindy/.next/server/pages/_app/build-manifest.json'] {
[2026-08-19T03:58:45.914Z] errno: -2,
[2026-08-19T03:58:45.914Z] code: 'ENOENT',
[2026-08-19T03:58:45.914Z] syscall: 'open',
[2026-08-19T03:58:45.914Z] path: '/home/ubuntu/orchids-blindy/.next/server/pages/_app/build-manifest.json'
[2026-08-19T03:58:45.914Z] }
[2026-08-19T03:58:46.697Z] ⨯ [Error: ENOENT: no such file or directory, open '/home/ubuntu/orchids-blindy/.next/server/app/page/app-build-manifest.json'] {
[2026-08-19T03:58:46.697Z] errno: -2,
[2026-08-19T03:58:46.697Z] code: 'ENOENT',
[2026-08-19T03:58:46.697Z] syscall: 'open',
[2026-08-19T03:58:46.697Z] path: '/home/ubuntu/orchids-blindy/.next/server/app/page/app-build-manifest.json'
[2026-08-19T03:58:46.697Z] }
[2026-08-19T03:58:46.722Z] ⨯ [Error: ENOENT: no such file or directory, open '/home/ubuntu/orchids-blindy/.next/server/pages/_app/build-manifest.json'] {
[2026-08-19T03:58:46.722Z] errno: -2,
[2026-08-19T03:58:46.722Z] code: 'ENOENT',
[2026-08-19T03:58:46.722Z] syscall: 'open',
[2026-08-19T03:58:46.722Z] path: '/home/ubuntu/orchids-blindy/.next/server/pages/_app/build-manifest.json'
[2026-08-19T03:58:46.722Z] }
[2026-08-19T03:58:46.749Z] [Error: ENOENT: no such file or directory, open '/home/ubuntu/orchids-blindy/.next/server/app/page/app-build-manifest.json'] {
[2026-08-19T03:58:46.749Z] errno: -2,
[2026-08-19T03:58:46.749Z] code: 'ENOENT',
[2026-08-19T03:58:46.749Z] syscall: 'open',
[2026-08-19T03:58:46.749Z] path: '/home/ubuntu/orchids-blindy/.next/server/app/page/app-build-manifest.json'
[2026-08-19T03:58:46.749Z] }
[2026-08-19T03:58:46.772Z] ⨯ [Error: ENOENT: no such file or directory, open '/home/ubuntu/orchids-blindy/.next/server/pages/_app/build-manifest.json'] {
[2026-08-19T03:58:46.772Z] errno: -2,
[2026-08-19T03:58:46.772Z] code: 'ENOENT',
[2026-08-19T03:58:46.772Z] syscall: 'open',
[2026-08-19T03:58:46.772Z] path: '/home/ubuntu/orchids-blindy/.next/server/pages/_app/build-manifest.json'
[2026-08-19T03:58:46.772Z] }
[2026-08-19T03:58:46.790Z] [Error: ENOENT: no such file or directory, open '/home/ubuntu/orchids-blindy/.next/server/pages/_app/build-manifest.json'] {
[2026-08-19T03:58:46.790Z] errno: -2,
[2026-08-19T03:58:46.790Z] code: 'ENOENT',
[2026-08-19T03:58:46.790Z] syscall: 'open',
[2026-08-19T03:58:46.790Z] path: '/home/ubuntu/orchids-blindy/.next/server/pages/_app/build-manifest.json'
[2026-08-19T03:58:46.790Z] }
[2026-08-19T03:58:47.690Z] ⨯ [Error: ENOENT: no such file or directory, open '/home/ubuntu/orchids-blindy/.next/server/app/page/app-build-manifest.json'] {
[2026-08-19T03:58:47.690Z] errno: -2,
[2026-08-19T03:58:47.690Z] code: 'ENOENT',
[2026-08-19T03:58:47.690Z] syscall: 'open',
[2026-08-19T03:58:47.690Z] path: '/home/ubuntu/orchids-blindy/.next/server/app/page/app-build-manifest.json'
[2026-08-19T03:58:47.690Z] }
[2026-08-19T03:58:47.722Z] ⨯ [Error: ENOENT: no such file or directory, open '/home/ubuntu/orchids-blindy/.next/server/pages/_app/build-manifest.json'] {
[2026-08-19T03:58:47.722Z] errno: -2,
[2026-08-19T03:58:47.722Z] code: 'ENOENT',
[2026-08-19T03:58:47.722Z] syscall: 'open',
[2026-08-19T03:58:47.722Z] path: '/home/ubuntu/orchids-blindy/.next/server/pages/_app/build-manifest.json'
[2026-08-19T03:58:47.722Z] }
[2026-08-19T03:58:47.752Z] [Error: ENOENT: no such file or directory, open '/home/ubuntu/orchids-blindy/.next/server/app/page/app-build-manifest.json'] {
[2026-08-19T03:58:47.752Z] errno: -2,
[2026-08-19T03:58:47.752Z] code: 'ENOENT',
[2026-08-19T03:58:47.752Z] syscall: 'open',
[2026-08-19T03:58:47.752Z] path: '/home/ubuntu/orchids-blindy/.next/server/app/page/app-build-manifest.json'
[2026-08-19T03:58:47.752Z] }
[2026-08-19T03:58:47.777Z] ⨯ [Error: ENOENT: no such file or directory, open '/home/ubuntu/orchids-blindy/.next/server/pages/_app/build-manifest.json'] {
[2026-08-19T03:58:47.777Z] errno: -2,
[2026-08-19T03:58:47.777Z] code: 'ENOENT',
[2026-08-19T03:58:47.777Z] syscall: 'open',
[2026-08-19T03:58:47.777Z] path: '/home/ubuntu/orchids-blindy/.next/server/pages/_app/build-manifest.json'
[2026-08-19T03:58:47.777Z] }
[2026-08-19T03:58:47.800Z] [Error: ENOENT: no such file or directory, open '/home/ubuntu/orchids-blindy/.next/server/pages/_app/build-manifest.json'] {
[2026-08-19T03:58:47.800Z] errno: -2,
[2026-08-19T03:58:47.800Z] code: 'ENOENT',
[2026-08-19T03:58:47.800Z] syscall: 'open',
[2026-08-19T03:58:47.800Z] path: '/home/ubuntu/orchids-blindy/.next/server/pages/_app/build-manifest.json'
[2026-08-19T03:58:47.800Z] }
[2026-08-19T03:58:48.694Z] ⨯ [Error: ENOENT: no such file or directory, open '/home/ubuntu/orchids-blindy/.next/server/app/page/app-build-manifest.json'] {
[2026-08-19T03:58:48.694Z] errno: -2,
[2026-08-19T03:58:48.694Z] code: 'ENOENT',
[2026-08-19T03:58:48.694Z] syscall: 'open',
[2026-08-19T03:58:48.694Z] path: '/home/ubuntu/orchids-blindy/.next/server/app/page/app-build-manifest.json'
[2026-08-19T03:58:48.694Z] }
[2026-08-19T03:58:48.722Z] ⨯ [Error: ENOENT: no such file or directory, open '/home/ubuntu/orchids-blindy/.next/server/pages/_app/build-manifest.json'] {
[2026-08-19T03:58:48.722Z] errno: -2,
[2026-08-19T03:58:48.722Z] code: 'ENOENT',
[2026-08-19T03:58:48.722Z] syscall: 'open',
[2026-08-19T03:58:48.722Z] path: '/home/ubuntu/orchids-blindy/.next/server/pages/_app/build-manifest.json'
[2026-08-19T03:58:48.722Z] }
[2026-08-19T03:58:48.750Z] [Error: ENOENT: no such file or directory, open '/home/ubuntu/orchids-blindy/.next/server/app/page/app-build-manifest.json'] {
[2026-08-19T03:58:48.750Z] errno: -2,
[2026-08-19T03:58:48.750Z] code: 'ENOENT',
[2026-08-19T03:58:48.750Z] syscall: 'open',
[2026-08-19T03:58:48.750Z] path: '/home/ubuntu/orchids-blindy/.next/server/app/page/app-build-manifest.json'
[2026-08-19T03:58:48.750Z] }
[2026-08-19T03:58:48.768Z] ⨯ [Error: ENOENT: no such file or directory, open '/home/ubuntu/orchids-blindy/.next/server/pages/_app/build-manifest.json'] {
[2026-08-19T03:58:48.769Z] errno: -2,
[2026-08-19T03:58:48.769Z] code: 'ENOENT',
[2026-08-19T03:58:48.769Z] syscall: 'open',
[2026-08-19T03:58:48.769Z] path: '/home/ubuntu/orchids-blindy/.next/server/pages/_app/build-manifest.json'
[2026-08-19T03:58:48.769Z] }
[2026-08-19T03:58:48.799Z] [Error: ENOENT: no such file or directory, open '/home/ubuntu/orchids-blindy/.next/server/pages/_app/build-manifest.json'] {
[2026-08-19T03:58:48.799Z] errno: -2,
[2026-08-19T03:58:48.799Z] code: 'ENOENT',
[2026-08-19T03:58:48.799Z] syscall: 'open',
[2026-08-19T03:58:48.799Z] path: '/home/ubuntu/orchids-blindy/.next/server/pages/_app/build-manifest.json'
[2026-08-19T03:58:48.799Z] }
[2026-08-19T03:58:49.699Z] ⨯ [Error: ENOENT: no such file or directory, open '/home/ubuntu/orchids-blindy/.next/server/app/page/app-build-manifest.json'] {
[2026-08-19T03:58:49.699Z] errno: -2,
[2026-08-19T03:58:49.699Z] code: 'ENOENT',
[2026-08-19T03:58:49.699Z] syscall: 'open',
[2026-08-19T03:58:49.699Z] path: '/home/ubuntu/orchids-blindy/.next/server/app/page/app-build-manifest.json'
[2026-08-19T03:58:49.699Z] }
[2026-08-19T03:58:49.724Z] ⨯ [Error: ENOENT: no such file or directory, open '/home/ubuntu/orchids-blindy/.next/server/pages/_app/build-manifest.json'] {
[2026-08-19T03:58:49.724Z] errno: -2,
[2026-08-19T03:58:49.724Z] code: 'ENOENT',
[2026-08-19T03:58:49.724Z] syscall: 'open',
[2026-08-19T03:58:49.724Z] path: '/home/ubuntu/orchids-blindy/.next/server/pages/_app/build-manifest.json'
[2026-08-19T03:58:49.724Z] }
[2026-08-19T03:58:49.754Z] [Error: ENOENT: no such file or directory, open '/home/ubuntu/orchids-blindy/.next/server/app/page/app-build-manifest.json'] {
[2026-08-19T03:58:49.754Z] errno: -2,
[2026-08-19T03:58:49.754Z] code: 'ENOENT',
[2026-08-19T03:58:49.754Z] syscall: 'open',
[2026-08-19T03:58:49.754Z] path: '/home/ubuntu/orchids-blindy/.next/server/app/page/app-build-manifest.json'
[2026-08-19T03:58:49.754Z] }
[2026-08-19T03:58:49.780Z] ⨯ [Error: ENOENT: no such file or directory, open '/home/ubuntu/orchids-blindy/.next/server/pages/_app/build-manifest.json'] {
[2026-08-19T03:58:49.780Z] errno: -2,
[2026-08-19T03:58:49.780Z] code: 'ENOENT',
[2026-08-19T03:58:49.780Z] syscall: 'open',
[2026-08-19T03:58:49.780Z] path: '/home/ubuntu/orchids-blindy/.next/server/pages/_app/build-manifest.json'
[2026-08-19T03:58:49.780Z] }
[2026-08-19T03:58:49.807Z] [Error: ENOENT: no such file or directory, open '/home/ubuntu/orchids-blindy/.next/server/pages/_app/build-manifest.json'] {
[2026-08-19T03:58:49.807Z] errno: -2,
[2026-08-19T03:58:49.807Z] code: 'ENOENT',
[2026-08-19T03:58:49.807Z] syscall: 'open',
[2026-08-19T03:58:49.807Z] path: '/home/ubuntu/orchids-blindy/.next/server/pages/_app/build-manifest.json'
[2026-08-19T03:58:49.807Z] }
[2026-08-19T03:58:49.853Z] ⨯ [Error: ENOENT: no such file or directory, open '/home/ubuntu/orchids-blindy/.next/server/app/page/app-build-manifest.json'] {
[2026-08-19T03:58:49.853Z] errno: -2,
[2026-08-19T03:58:49.853Z] code: 'ENOENT',
[2026-08-19T03:58:49.853Z] syscall: 'open',
[2026-08-19T03:58:49.853Z] path: '/home/ubuntu/orchids-blindy/.next/server/app/page/app-build-manifest.json'
[2026-08-19T03:58:49.853Z] }
[2026-08-19T03:58:49.884Z] ⨯ [Error: ENOENT: no such file or directory, open '/home/ubuntu/orchids-blindy/.next/server/pages/_app/build-manifest.json'] {
[2026-08-19T03:58:49.884Z] errno: -2,
[2026-08-19T03:58:49.884Z] code: 'ENOENT',
[2026-08-19T03:58:49.884Z] syscall: 'open',
[2026-08-19T03:58:49.884Z] path: '/home/ubuntu/orchids-blindy/.next/server/pages/_app/build-manifest.json'
[2026-08-19T03:58:49.884Z] }
[2026-08-19T03:58:49.909Z] [Error: ENOENT: no such file or directory, open '/home/ubuntu/orchids-blindy/.next/server/app/page/app-build-manifest.json'] {
[2026-08-19T03:58:49.909Z] errno: -2,
[2026-08-19T03:58:49.909Z] code: 'ENOENT',
[2026-08-19T03:58:49.909Z] syscall: 'open',
[2026-08-19T03:58:49.909Z] path: '/home/ubuntu/orchids-blindy/.next/server/app/page/app-build-manifest.json'
[2026-08-19T03:58:49.909Z] }
[2026-08-19T03:58:49.939Z] ⨯ [Error: ENOENT: no such file or directory, open '/home/ubuntu/orchids-blindy/.next/server/pages/_app/build-manifest.json'] {
[2026-08-19T03:58:49.939Z] errno: -2,
[2026-08-19T03:58:49.939Z] code: 'ENOENT',
[2026-08-19T03:58:49.939Z] syscall: 'open',
[2026-08-19T03:58:49.939Z] path: '/home/ubuntu/orchids-blindy/.next/server/pages/_app/build-manifest.json'
[2026-08-19T03:58:49.939Z] }
[2026-08-19T03:58:49.957Z] [Error: ENOENT: no such file or directory, open '/home/ubuntu/orchids-blindy/.next/server/pages/_app/build-manifest.json'] {
[2026-08-19T03:58:49.957Z] errno: -2,
[2026-08-19T03:58:49.957Z] code: 'ENOENT',
[2026-08-19T03:58:49.957Z] syscall: 'open',
[2026-08-19T03:58:49.957Z] path: '/home/ubuntu/orchids-blindy/.next/server/pages/_app/build-manifest.json'
[2026-08-19T03:58:49.957Z] }
[2026-08-19T03:58:50.695Z] ⨯ [Error: ENOENT: no such file or directory, open '/home/ubuntu/orchids-blindy/.next/server/app/page/app-build-manifest.json'] {
[2026-08-19T03:58:50.695Z] errno: -2,
[2026-08-19T03:58:50.695Z] code: 'ENOENT',
[2026-08-19T03:58:50.695Z] syscall: 'open',
[2026-08-19T03:58:50.695Z] path: '/home/ubuntu/orchids-blindy/.next/server/app/page/app-build-manifest.json'
[2026-08-19T03:58:50.695Z] }
[2026-08-19T03:58:50.720Z] ⨯ [Error: ENOENT: no such file or directory, open '/home/ubuntu/orchids-blindy/.next/server/pages/_app/build-manifest.json'] {
[2026-08-19T03:58:50.720Z] errno: -2,
[2026-08-19T03:58:50.720Z] code: 'ENOENT',
[2026-08-19T03:58:50.720Z] syscall: 'open',
[2026-08-19T03:58:50.720Z] path: '/home/ubuntu/orchids-blindy/.next/server/pages/_app/build-manifest.json'
[2026-08-19T03:58:50.720Z] }
[2026-08-19T03:58:50.747Z] [Error: ENOENT: no such file or directory, open '/home/ubuntu/orchids-blindy/.next/server/app/page/app-build-manifest.json'] {
[2026-08-19T03:58:50.747Z] errno: -2,
[2026-08-19T03:58:50.747Z] code: 'ENOENT',
[2026-08-19T03:58:50.747Z] syscall: 'open',
[2026-08-19T03:58:50.747Z] path: '/home/ubuntu/orchids-blindy/.next/server/app/page/app-build-manifest.json'
[2026-08-19T03:58:50.747Z] }
[2026-08-19T03:58:50.767Z] ⨯ [Error: ENOENT: no such file or directory, open '/home/ubuntu/orchids-blindy/.next/server/pages/_app/build-manifest.json'] {
[2026-08-19T03:58:50.767Z] errno: -2,
[2026-08-19T03:58:50.767Z] code: 'ENOENT',
[2026-08-19T03:58:50.767Z] syscall: 'open',
[2026-08-19T03:58:50.767Z] path: '/home/ubuntu/orchids-blindy/.next/server/pages/_app/build-manifest.json'
[2026-08-19T03:58:50.767Z] }
[2026-08-19T03:58:50.790Z] [Error: ENOENT: no such file or directory, open '/home/ubuntu/orchids-blindy/.next/server/pages/_app/build-manifest.json'] {
[2026-08-19T03:58:50.790Z] errno: -2,
[2026-08-19T03:58:50.790Z] code: 'ENOENT',
[2026-08-19T03:58:50.790Z] syscall: 'open',
[2026-08-19T03:58:50.790Z] path: '/home/ubuntu/orchids-blindy/.next/server/pages/_app/build-manifest.json'
[2026-08-19T03:58:50.790Z] }
[2026-08-19T03:58:51.693Z] ⨯ [Error: ENOENT: no such file or directory, open '/home/ubuntu/orchids-blindy/.next/server/app/page/app-build-manifest.json'] {
[2026-08-19T03:58:51.693Z] errno: -2,
[2026-08-19T03:58:51.693Z] code: 'ENOENT',
[2026-08-19T03:58:51.693Z] syscall: 'open',
[2026-08-19T03:58:51.693Z] path: '/home/ubuntu/orchids-blindy/.next/server/app/page/app-build-manifest.json'
[2026-08-19T03:58:51.693Z] }
[2026-08-19T03:58:51.717Z] ⨯ [Error: ENOENT: no such file or directory, open '/home/ubuntu/orchids-blindy/.next/server/pages/_app/build-manifest.json'] {
[2026-08-19T03:58:51.717Z] errno: -2,
[2026-08-19T03:58:51.717Z] code: 'ENOENT',
[2026-08-19T03:58:51.717Z] syscall: 'open',
[2026-08-19T03:58:51.717Z] path: '/home/ubuntu/orchids-blindy/.next/server/pages/_app/build-manifest.json'
[2026-08-19T03:58:51.717Z] }
[2026-08-19T03:58:51.744Z] [Error: ENOENT: no such file or directory, open '/home/ubuntu/orchids-blindy/.next/server/app/page/app-build-manifest.json'] {
[2026-08-19T03:58:51.744Z] errno: -2,
[2026-08-19T03:58:51.744Z] code: 'ENOENT',
[2026-08-19T03:58:51.744Z] syscall: 'open',
[2026-08-19T03:58:51.744Z] path: '/home/ubuntu/orchids-blindy/.next/server/app/page/app-build-manifest.json'
[2026-08-19T03:58:51.744Z] }
[2026-08-19T03:58:51.767Z] ⨯ [Error: ENOENT: no such file or directory, open '/home/ubuntu/orchids-blindy/.next/server/pages/_app/build-manifest.json'] {
[2026-08-19T03:58:51.767Z] errno: -2,
[2026-08-19T03:58:51.767Z] code: 'ENOENT',
[2026-08-19T03:58:51.767Z] syscall: 'open',
[2026-08-19T03:58:51.767Z] path: '/home/ubuntu/orchids-blindy/.next/server/pages/_app/build-manifest.json'
[2026-08-19T03:58:51.767Z] }
[2026-08-19T03:58:51.786Z] [Error: ENOENT: no such file or directory, open '/home/ubuntu/orchids-blindy/.next/server/pages/_app/build-manifest.json'] {
[2026-08-19T03:58:51.786Z] errno: -2,
[2026-08-19T03:58:51.786Z] code: 'ENOENT',
[2026-08-19T03:58:51.786Z] syscall: 'open',
[2026-08-19T03:58:51.786Z] path: '/home/ubuntu/orchids-blindy/.next/server/pages/_app/build-manifest.json'
[2026-08-19T03:58:51.786Z] }
[2026-08-19T03:58:52.689Z] ⨯ [Error: ENOENT: no such file or directory, open '/home/ubuntu/orchids-blindy/.next/server/app/page/app-build-manifest.json'] {
[2026-08-19T03:58:52.689Z] errno: -2,
[2026-08-19T03:58:52.689Z] code: 'ENOENT',
[2026-08-19T03:58:52.689Z] syscall: 'open',
[2026-08-19T03:58:52.689Z] path: '/home/ubuntu/orchids-blindy/.next/server/app/page/app-build-manifest.json'
[2026-08-19T03:58:52.689Z] }
[2026-08-19T03:58:52.718Z] ⨯ [Error: ENOENT: no such file or directory, open '/home/ubuntu/orchids-blindy/.next/server/pages/_app/build-manifest.json'] {
[2026-08-19T03:58:52.718Z] errno: -2,
[2026-08-19T03:58:52.718Z] code: 'ENOENT',
[2026-08-19T03:58:52.718Z] syscall: 'open',
[2026-08-19T03:58:52.718Z] path: '/home/ubuntu/orchids-blindy/.next/server/pages/_app/build-manifest.json'
[2026-08-19T03:58:52.718Z] }
[2026-08-19T03:58:52.747Z] [Error: ENOENT: no such file or directory, open '/home/ubuntu/orchids-blindy/.next/server/app/page/app-build-manifest.json'] {
[2026-08-19T03:58:52.747Z] errno: -2,
[2026-08-19T03:58:52.747Z] code: 'ENOENT',
[2026-08-19T03:58:52.747Z] syscall: 'open',
[2026-08-19T03:58:52.747Z] path: '/home/ubuntu/orchids-blindy/.next/server/app/page/app-build-manifest.json'
[2026-08-19T03:58:52.747Z] }
[2026-08-19T03:58:52.769Z] ⨯ [Error: ENOENT: no such file or directory, open '/home/ubuntu/orchids-blindy/.next/server/pages/_app/build-manifest.json'] {
[2026-08-19T03:58:52.769Z] errno: -2,
[2026-08-19T03:58:52.769Z] code: 'ENOENT',
[2026-08-19T03:58:52.769Z] syscall: 'open',
[2026-08-19T03:58:52.769Z] path: '/home/ubuntu/orchids-blindy/.next/server/pages/_app/build-manifest.json'
[2026-08-19T03:58:52.769Z] }
[2026-08-19T03:58:52.787Z] [Error: ENOENT: no such file or directory, open '/home/ubuntu/orchids-blindy/.next/server/pages/_app/build-manifest.json'] {
[2026-08-19T03:58:52.787Z] errno: -2,
[2026-08-19T03:58:52.787Z] code: 'ENOENT',
[2026-08-19T03:58:52.787Z] syscall: 'open',
[2026-08-19T03:58:52.787Z] path: '/home/ubuntu/orchids-blindy/.next/server/pages/_app/build-manifest.json'
[2026-08-19T03:58:52.787Z] }
[2026-08-19T03:58:53.707Z] ⨯ [Error: ENOENT: no such file or directory, open '/home/ubuntu/orchids-blindy/.next/server/app/page/app-build-manifest.json'] {
[2026-08-19T03:58:53.707Z] errno: -2,
[2026-08-19T03:58:53.708Z] code: 'ENOENT',
[2026-08-19T03:58:53.708Z] syscall: 'open',
[2026-08-19T03:58:53.708Z] path: '/home/ubuntu/orchids-blindy/.next/server/app/page/app-build-manifest.json'
[2026-08-19T03:58:53.708Z] }
[2026-08-19T03:58:53.737Z] ⨯ [Error: ENOENT: no such file or directory, open '/home/ubuntu/orchids-blindy/.next/server/pages/_app/build-manifest.json'] {
[2026-08-19T03:58:53.737Z] errno: -2,
[2026-08-19T03:58:53.738Z] code: 'ENOENT',
[2026-08-19T03:58:53.738Z] syscall: 'open',
[2026-08-19T03:58:53.738Z] path: '/home/ubuntu/orchids-blindy/.next/server/pages/_app/build-manifest.json'
[2026-08-19T03:58:53.738Z] }
[2026-08-19T03:58:53.761Z] [Error: ENOENT: no such file or directory, open '/home/ubuntu/orchids-blindy/.next/server/app/page/app-build-manifest.json'] {
[2026-08-19T03:58:53.761Z] errno: -2,
[2026-08-19T03:58:53.761Z] code: 'ENOENT',
[2026-08-19T03:58:53.761Z] syscall: 'open',
[2026-08-19T03:58:53.761Z] path: '/home/ubuntu/orchids-blindy/.next/server/app/page/app-build-manifest.json'
[2026-08-19T03:58:53.761Z] }
[2026-08-19T03:58:53.786Z] ⨯ [Error: ENOENT: no such file or directory, open '/home/ubuntu/orchids-blindy/.next/server/pages/_app/build-manifest.json'] {
[2026-08-19T03:58:53.786Z] errno: -2,
[2026-08-19T03:58:53.786Z] code: 'ENOENT',
[2026-08-19T03:58:53.786Z] syscall: 'open',
[2026-08-19T03:58:53.786Z] path: '/home/ubuntu/orchids-blindy/.next/server/pages/_app/build-manifest.json'
[2026-08-19T03:58:53.786Z] }
[2026-08-19T03:58:53.810Z] [Error: ENOENT: no such file or directory, open '/home/ubuntu/orchids-blindy/.next/server/pages/_app/build-manifest.json'] {
[2026-08-19T03:58:53.810Z] errno: -2,
[2026-08-19T03:58:53.810Z] code: 'ENOENT',
[2026-08-19T03:58:53.810Z] syscall: 'open',
[2026-08-19T03:58:53.810Z] path: '/home/ubuntu/orchids-blindy/.next/server/pages/_app/build-manifest.json'
[2026-08-19T03:58:53.810Z] }
[2026-08-19T03:58:53.839Z] ⨯ [Error: ENOENT: no such file or directory, open '/home/ubuntu/orchids-blindy/.next/server/app/page/app-build-manifest.json'] {
[2026-08-19T03:58:53.839Z] errno: -2,
[2026-08-19T03:58:53.839Z] code: 'ENOENT',
[2026-08-19T03:58:53.839Z] syscall: 'open',
[2026-08-19T03:58:53.839Z] path: '/home/ubuntu/orchids-blindy/.next/server/app/page/app-build-manifest.json'
[2026-08-19T03:58:53.839Z] }
[2026-08-19T03:58:53.869Z] ⨯ [Error: ENOENT: no such file or directory, open '/home/ubuntu/orchids-blindy/.next/server/pages/_app/build-manifest.json'] {
[2026-08-19T03:58:53.869Z] errno: -2,
[2026-08-19T03:58:53.869Z] code: 'ENOENT',
[2026-08-19T03:58:53.869Z] syscall: 'open',
[2026-08-19T03:58:53.869Z] path: '/home/ubuntu/orchids-blindy/.next/server/pages/_app/build-manifest.json'
[2026-08-19T03:58:53.869Z] }
[2026-08-19T03:58:53.901Z] [Error: ENOENT: no such file or directory, open '/home/ubuntu/orchids-blindy/.next/server/app/page/app-build-manifest.json'] {
[2026-08-19T03:58:53.901Z] errno: -2,
[2026-08-19T03:58:53.901Z] code: 'ENOENT',
[2026-08-19T03:58:53.901Z] syscall: 'open',
[2026-08-19T03:58:53.901Z] path: '/home/ubuntu/orchids-blindy/.next/server/app/page/app-build-manifest.json'
[2026-08-19T03:58:53.901Z] }
[2026-08-19T03:58:53.925Z] ⨯ [Error: ENOENT: no such file or directory, open '/home/ubuntu/orchids-blindy/.next/server/pages/_app/build-manifest.json'] {
[2026-08-19T03:58:53.925Z] errno: -2,
[2026-08-19T03:58:53.925Z] code: 'ENOENT',
[2026-08-19T03:58:53.925Z] syscall: 'open',
[2026-08-19T03:58:53.925Z] path: '/home/ubuntu/orchids-blindy/.next/server/pages/_app/build-manifest.json'
[2026-08-19T03:58:53.925Z] }
[2026-08-19T03:58:53.942Z] [Error: ENOENT: no such file or directory, open '/home/ubuntu/orchids-blindy/.next/server/pages/_app/build-manifest.json'] {
[2026-08-19T03:58:53.942Z] errno: -2,
[2026-08-19T03:58:53.942Z] code: 'ENOENT',
[2026-08-19T03:58:53.942Z] syscall: 'open',
[2026-08-19T03:58:53.942Z] path: '/home/ubuntu/orchids-blindy/.next/server/pages/_app/build-manifest.json'
[2026-08-19T03:58:53.942Z] }
[2026-08-19T03:58:54.694Z] ⨯ [Error: ENOENT: no such file or directory, open '/home/ubuntu/orchids-blindy/.next/server/app/page/app-build-manifest.json'] {
[2026-08-19T03:58:54.694Z] errno: -2,
[2026-08-19T03:58:54.694Z] code: 'ENOENT',
[2026-08-19T03:58:54.694Z] syscall: 'open',
[2026-08-19T03:58:54.695Z] path: '/home/ubuntu/orchids-blindy/.next/server/app/page/app-build-manifest.json'
[2026-08-19T03:58:54.695Z] }
[2026-08-19T03:58:54.721Z] ⨯ [Error: ENOENT: no such file or directory, open '/home/ubuntu/orchids-blindy/.next/server/pages/_app/build-manifest.json'] {
[2026-08-19T03:58:54.721Z] errno: -2,
[2026-08-19T03:58:54.722Z] code: 'ENOENT',
[2026-08-19T03:58:54.722Z] syscall: 'open',
[2026-08-19T03:58:54.722Z] path: '/home/ubuntu/orchids-blindy/.next/server/pages/_app/build-manifest.json'
[2026-08-19T03:58:54.722Z] }
[2026-08-19T03:58:54.750Z] [Error: ENOENT: no such file or directory, open '/home/ubuntu/orchids-blindy/.next/server/app/page/app-build-manifest.json'] {
[2026-08-19T03:58:54.750Z] errno: -2,
[2026-08-19T03:58:54.750Z] code: 'ENOENT',
[2026-08-19T03:58:54.750Z] syscall: 'open',
[2026-08-19T03:58:54.750Z] path: '/home/ubuntu/orchids-blindy/.next/server/app/page/app-build-manifest.json'
[2026-08-19T03:58:54.750Z] }
[2026-08-19T03:58:54.774Z] ⨯ [Error: ENOENT: no such file or directory, open '/home/ubuntu/orchids-blindy/.next/server/pages/_app/build-manifest.json'] {
[2026-08-19T03:58:54.774Z] errno: -2,
[2026-08-19T03:58:54.774Z] code: 'ENOENT',
[2026-08-19T03:58:54.774Z] syscall: 'open',
[2026-08-19T03:58:54.774Z] path: '/home/ubuntu/orchids-blindy/.next/server/pages/_app/build-manifest.json'
[2026-08-19T03:58:54.774Z] }
[2026-08-19T03:58:54.793Z] [Error: ENOENT: no such file or directory, open '/home/ubuntu/orchids-blindy/.next/server/pages/_app/build-manifest.json'] {
[2026-08-19T03:58:54.793Z] errno: -2,
[2026-08-19T03:58:54.793Z] code: 'ENOENT',
[2026-08-19T03:58:54.793Z] syscall: 'open',
[2026-08-19T03:58:54.793Z] path: '/home/ubuntu/orchids-blindy/.next/server/pages/_app/build-manifest.json'
[2026-08-19T03:58:54.793Z] }
[2026-08-19T03:58:55.694Z] ⨯ [Error: ENOENT: no such file or directory, open '/home/ubuntu/orchids-blindy/.next/server/app/page/app-build-manifest.json'] {
[2026-08-19T03:58:55.694Z] errno: -2,
[2026-08-19T03:58:55.694Z] code: 'ENOENT',
[2026-08-19T03:58:55.694Z] syscall: 'open',
[2026-08-19T03:58:55.694Z] path: '/home/ubuntu/orchids-blindy/.next/server/app/page/app-build-manifest.json'
[2026-08-19T03:58:55.694Z] }
[2026-08-19T03:58:55.721Z] ⨯ [Error: ENOENT: no such file or directory, open '/home/ubuntu/orchids-blindy/.next/server/pages/_app/build-manifest.json'] {
[2026-08-19T03:58:55.721Z] errno: -2,
[2026-08-19T03:58:55.721Z] code: 'ENOENT',
[2026-08-19T03:58:55.721Z] syscall: 'open',
[2026-08-19T03:58:55.721Z] path: '/home/ubuntu/orchids-blindy/.next/server/pages/_app/build-manifest.json'
[2026-08-19T03:58:55.721Z] }
[2026-08-19T03:58:55.750Z] [Error: ENOENT: no such file or directory, open '/home/ubuntu/orchids-blindy/.next/server/app/page/app-build-manifest.json'] {
[2026-08-19T03:58:55.750Z] errno: -2,
[2026-08-19T03:58:55.750Z] code: 'ENOENT',
[2026-08-19T03:58:55.750Z] syscall: 'open',
[2026-08-19T03:58:55.750Z] path: '/home/ubuntu/orchids-blindy/.next/server/app/page/app-build-manifest.json'
[2026-08-19T03:58:55.750Z] }
[2026-08-19T03:58:55.769Z] ⨯ [Error: ENOENT: no such file or directory, open '/home/ubuntu/orchids-blindy/.next/server/pages/_app/build-manifest.json'] {
[2026-08-19T03:58:55.770Z] errno: -2,
[2026-08-19T03:58:55.770Z] code: 'ENOENT',
[2026-08-19T03:58:55.770Z] syscall: 'open',
[2026-08-19T03:58:55.770Z] path: '/home/ubuntu/orchids-blindy/.next/server/pages/_app/build-manifest.json'
[2026-08-19T03:58:55.770Z] }
[2026-08-19T03:58:55.794Z] [Error: ENOENT: no such file or directory, open '/home/ubuntu/orchids-blindy/.next/server/pages/_app/build-manifest.json'] {
[2026-08-19T03:58:55.794Z] errno: -2,
[2026-08-19T03:58:55.794Z] code: 'ENOENT',
[2026-08-19T03:58:55.794Z] syscall: 'open',
[2026-08-19T03:58:55.794Z] path: '/home/ubuntu/orchids-blindy/.next/server/pages/_app/build-manifest.json'
[2026-08-19T03:58:55.794Z] }
[2026-08-19T03:58:56.692Z] ⨯ [Error: ENOENT: no such file or directory, open '/home/ubuntu/orchids-blindy/.next/server/app/page/app-build-manifest.json'] {
[2026-08-19T03:58:56.692Z] errno: -2,
[2026-08-19T03:58:56.692Z] code: 'ENOENT',
[2026-08-19T03:58:56.692Z] syscall: 'open',
[2026-08-19T03:58:56.692Z] path: '/home/ubuntu/orchids-blindy/.next/server/app/page/app-build-manifest.json'
[2026-08-19T03:58:56.692Z] }
[2026-08-19T03:58:56.718Z] ⨯ [Error: ENOENT: no such file or directory, open '/home/ubuntu/orchids-blindy/.next/server/pages/_app/build-manifest.json'] {
[2026-08-19T03:58:56.718Z] errno: -2,
[2026-08-19T03:58:56.718Z] code: 'ENOENT',
[2026-08-19T03:58:56.718Z] syscall: 'open',
[2026-08-19T03:58:56.718Z] path: '/home/ubuntu/orchids-blindy/.next/server/pages/_app/build-manifest.json'
[2026-08-19T03:58:56.718Z] }
[2026-08-19T03:58:56.750Z] [Error: ENOENT: no such file or directory, open '/home/ubuntu/orchids-blindy/.next/server/app/page/app-build-manifest.json'] {
[2026-08-19T03:58:56.750Z] errno: -2,
[2026-08-19T03:58:56.750Z] code: 'ENOENT',
[2026-08-19T03:58:56.750Z] syscall: 'open',
[2026-08-19T03:58:56.750Z] path: '/home/ubuntu/orchids-blindy/.next/server/app/page/app-build-manifest.json'
[2026-08-19T03:58:56.750Z] }
[2026-08-19T03:58:56.776Z] ⨯ [Error: ENOENT: no such file or directory, open '/home/ubuntu/orchids-blindy/.next/server/pages/_app/build-manifest.json'] {
[2026-08-19T03:58:56.776Z] errno: -2,
[2026-08-19T03:58:56.776Z] code: 'ENOENT',
[2026-08-19T03:58:56.776Z] syscall: 'open',
[2026-08-19T03:58:56.776Z] path: '/home/ubuntu/orchids-blindy/.next/server/pages/_app/build-manifest.json'
[2026-08-19T03:58:56.776Z] }
[2026-08-19T03:58:56.794Z] [Error: ENOENT: no such file or directory, open '/home/ubuntu/orchids-blindy/.next/server/pages/_app/build-manifest.json'] {
[2026-08-19T03:58:56.794Z] errno: -2,
[2026-08-19T03:58:56.794Z] code: 'ENOENT',
[2026-08-19T03:58:56.794Z] syscall: 'open',
[2026-08-19T03:58:56.795Z] path: '/home/ubuntu/orchids-blindy/.next/server/pages/_app/build-manifest.json'
[2026-08-19T03:58:56.795Z] }
[2026-08-19T03:58:57.690Z] ⨯ [Error: ENOENT: no such file or directory, open '/home/ubuntu/orchids-blindy/.next/server/app/page/app-build-manifest.json'] {
[2026-08-19T03:58:57.690Z] errno: -2,
[2026-08-19T03:58:57.690Z] code: 'ENOENT',
[2026-08-19T03:58:57.690Z] syscall: 'open',
[2026-08-19T03:58:57.690Z] path: '/home/ubuntu/orchids-blindy/.next/server/app/page/app-build-manifest.json'
[2026-08-19T03:58:57.690Z] }
[2026-08-19T03:58:57.719Z] ⨯ [Error: ENOENT: no such file or directory, open '/home/ubuntu/orchids-blindy/.next/server/pages/_app/build-manifest.json'] {
[2026-08-19T03:58:57.719Z] errno: -2,
[2026-08-19T03:58:57.719Z] code: 'ENOENT',
[2026-08-19T03:58:57.719Z] syscall: 'open',
[2026-08-19T03:58:57.719Z] path: '/home/ubuntu/orchids-blindy/.next/server/pages/_app/build-manifest.json'
[2026-08-19T03:58:57.719Z] }
[2026-08-19T03:58:57.749Z] [Error: ENOENT: no such file or directory, open '/home/ubuntu/orchids-blindy/.next/server/app/page/app-build-manifest.json'] {
[2026-08-19T03:58:57.749Z] errno: -2,
[2026-08-19T03:58:57.749Z] code: 'ENOENT',
[2026-08-19T03:58:57.749Z] syscall: 'open',
[2026-08-19T03:58:57.749Z] path: '/home/ubuntu/orchids-blindy/.next/server/app/page/app-build-manifest.json'
[2026-08-19T03:58:57.749Z] }
[2026-08-19T03:58:57.776Z] ⨯ [Error: ENOENT: no such file or directory, open '/home/ubuntu/orchids-blindy/.next/server/pages/_app/build-manifest.json'] {
[2026-08-19T03:58:57.776Z] errno: -2,
[2026-08-19T03:58:57.776Z] code: 'ENOENT',
[2026-08-19T03:58:57.776Z] syscall: 'open',
[2026-08-19T03:58:57.776Z] path: '/home/ubuntu/orchids-blindy/.next/server/pages/_app/build-manifest.json'
[2026-08-19T03:58:57.776Z] }
[2026-08-19T03:58:57.796Z] [Error: ENOENT: no such file or directory, open '/home/ubuntu/orchids-blindy/.next/server/pages/_app/build-manifest.json'] {
[2026-08-19T03:58:57.796Z] errno: -2,
[2026-08-19T03:58:57.796Z] code: 'ENOENT',
[2026-08-19T03:58:57.796Z] syscall: 'open',
[2026-08-19T03:58:57.796Z] path: '/home/ubuntu/orchids-blindy/.next/server/pages/_app/build-manifest.json'
[2026-08-19T03:58:57.796Z] }
[2026-08-19T03:58:57.829Z] ⨯ [Error: ENOENT: no such file or directory, open '/home/ubuntu/orchids-blindy/.next/server/app/page/app-build-manifest.json'] {
[2026-08-19T03:58:57.830Z] errno: -2,
[2026-08-19T03:58:57.830Z] code: 'ENOENT',
[2026-08-19T03:58:57.830Z] syscall: 'open',
[2026-08-19T03:58:57.830Z] path: '/home/ubuntu/orchids-blindy/.next/server/app/page/app-build-manifest.json'
[2026-08-19T03:58:57.830Z] }
[2026-08-19T03:58:57.857Z] ⨯ [Error: ENOENT: no such file or directory, open '/home/ubuntu/orchids-blindy/.next/server/pages/_app/build-manifest.json'] {
[2026-08-19T03:58:57.857Z] errno: -2,
[2026-08-19T03:58:57.857Z] code: 'ENOENT',
[2026-08-19T03:58:57.857Z] syscall: 'open',
[2026-08-19T03:58:57.857Z] path: '/home/ubuntu/orchids-blindy/.next/server/pages/_app/build-manifest.json'
[2026-08-19T03:58:57.857Z] }
[2026-08-19T03:58:57.885Z] [Error: ENOENT: no such file or directory, open '/home/ubuntu/orchids-blindy/.next/server/app/page/app-build-manifest.json'] {
[2026-08-19T03:58:57.885Z] errno: -2,
[2026-08-19T03:58:57.885Z] code: 'ENOENT',
[2026-08-19T03:58:57.885Z] syscall: 'open',
[2026-08-19T03:58:57.885Z] path: '/home/ubuntu/orchids-blindy/.next/server/app/page/app-build-manifest.json'
[2026-08-19T03:58:57.885Z] }
[2026-08-19T03:58:57.904Z] ⨯ [Error: ENOENT: no such file or directory, open '/home/ubuntu/orchids-blindy/.next/server/pages/_app/build-manifest.json'] {
[2026-08-19T03:58:57.904Z] errno: -2,
[2026-08-19T03:58:57.904Z] code: 'ENOENT',
[2026-08-19T03:58:57.904Z] syscall: 'open',
[2026-08-19T03:58:57.904Z] path: '/home/ubuntu/orchids-blindy/.next/server/pages/_app/build-manifest.json'
[2026-08-19T03:58:57.904Z] }
[2026-08-19T03:58:57.926Z] [Error: ENOENT: no such file or directory, open '/home/ubuntu/orchids-blindy/.next/server/pages/_app/build-manifest.json'] {
[2026-08-19T03:58:57.926Z] errno: -2,
[2026-08-19T03:58:57.926Z] code: 'ENOENT',
[2026-08-19T03:58:57.926Z] syscall: 'open',
[2026-08-19T03:58:57.926Z] path: '/home/ubuntu/orchids-blindy/.next/server/pages/_app/build-manifest.json'
[2026-08-19T03:58:57.926Z] }
[2026-08-19T03:58:58.695Z] ⨯ [Error: ENOENT: no such file or directory, open '/home/ubuntu/orchids-blindy/.next/server/app/page/app-build-manifest.json'] {
[2026-08-19T03:58:58.695Z] errno: -2,
[2026-08-19T03:58:58.695Z] code: 'ENOENT',
[2026-08-19T03:58:58.695Z] syscall: 'open',
[2026-08-19T03:58:58.695Z] path: '/home/ubuntu/orchids-blindy/.next/server/app/page/app-build-manifest.json'
[2026-08-19T03:58:58.695Z] }
[2026-08-19T03:58:58.719Z] ⨯ [Error: ENOENT: no such file or directory, open '/home/ubuntu/orchids-blindy/.next/server/pages/_app/build-manifest.json'] {
[2026-08-19T03:58:58.719Z] errno: -2,
[2026-08-19T03:58:58.719Z] code: 'ENOENT',
[2026-08-19T03:58:58.719Z] syscall: 'open',
[2026-08-19T03:58:58.719Z] path: '/home/ubuntu/orchids-blindy/.next/server/pages/_app/build-manifest.json'
[2026-08-19T03:58:58.719Z] }
[2026-08-19T03:58:58.748Z] [Error: ENOENT: no such file or directory, open '/home/ubuntu/orchids-blindy/.next/server/app/page/app-build-manifest.json'] {
[2026-08-19T03:58:58.748Z] errno: -2,
[2026-08-19T03:58:58.748Z] code: 'ENOENT',
[2026-08-19T03:58:58.748Z] syscall: 'open',
[2026-08-19T03:58:58.748Z] path: '/home/ubuntu/orchids-blindy/.next/server/app/page/app-build-manifest.json'
[2026-08-19T03:58:58.748Z] }
[2026-08-19T03:58:58.772Z] ⨯ [Error: ENOENT: no such file or directory, open '/home/ubuntu/orchids-blindy/.next/server/pages/_app/build-manifest.json'] {
[2026-08-19T03:58:58.772Z] errno: -2,
[2026-08-19T03:58:58.772Z] code: 'ENOENT',
[2026-08-19T03:58:58.772Z] syscall: 'open',
[2026-08-19T03:58:58.772Z] path: '/home/ubuntu/orchids-blindy/.next/server/pages/_app/build-manifest.json'
[2026-08-19T03:58:58.772Z] }
[2026-08-19T03:58:58.791Z] [Error: ENOENT: no such file or directory, open '/home/ubuntu/orchids-blindy/.next/server/pages/_app/build-manifest.json'] {
[2026-08-19T03:58:58.791Z] errno: -2,
[2026-08-19T03:58:58.791Z] code: 'ENOENT',
[2026-08-19T03:58:58.791Z] syscall: 'open',
[2026-08-19T03:58:58.791Z] path: '/home/ubuntu/orchids-blindy/.next/server/pages/_app/build-manifest.json'
[2026-08-19T03:58:58.791Z] }
[2026-08-19T03:58:59.687Z] ⨯ [Error: ENOENT: no such file or directory, open '/home/ubuntu/orchids-blindy/.next/server/app/page/app-build-manifest.json'] {
[2026-08-19T03:58:59.687Z] errno: -2,
[2026-08-19T03:58:59.687Z] code: 'ENOENT',
[2026-08-19T03:58:59.687Z] syscall: 'open',
[2026-08-19T03:58:59.687Z] path: '/home/ubuntu/orchids-blindy/.next/server/app/page/app-build-manifest.json'
[2026-08-19T03:58:59.687Z] }
[2026-08-19T03:58:59.717Z] ⨯ [Error: ENOENT: no such file or directory, open '/home/ubuntu/orchids-blindy/.next/server/pages/_app/build-manifest.json'] {
[2026-08-19T03:58:59.717Z] errno: -2,
[2026-08-19T03:58:59.717Z] code: 'ENOENT',
[2026-08-19T03:58:59.717Z] syscall: 'open',
[2026-08-19T03:58:59.717Z] path: '/home/ubuntu/orchids-blindy/.next/server/pages/_app/build-manifest.json'
[2026-08-19T03:58:59.717Z] }
[2026-08-19T03:58:59.746Z] [Error: ENOENT: no such file or directory, open '/home/ubuntu/orchids-blindy/.next/server/app/page/app-build-manifest.json'] {
[2026-08-19T03:58:59.746Z] errno: -2,
[2026-08-19T03:58:59.746Z] code: 'ENOENT',
[2026-08-19T03:58:59.746Z] syscall: 'open',
[2026-08-19T03:58:59.746Z] path: '/home/ubuntu/orchids-blindy/.next/server/app/page/app-build-manifest.json'
[2026-08-19T03:58:59.746Z] }
[2026-08-19T03:58:59.772Z] ⨯ [Error: ENOENT: no such file or directory, open '/home/ubuntu/orchids-blindy/.next/server/pages/_app/build-manifest.json'] {
[2026-08-19T03:58:59.772Z] errno: -2,
[2026-08-19T03:58:59.772Z] code: 'ENOENT',
[2026-08-19T03:58:59.772Z] syscall: 'open',
[2026-08-19T03:58:59.772Z] path: '/home/ubuntu/orchids-blindy/.next/server/pages/_app/build-manifest.json'
[2026-08-19T03:58:59.772Z] }
[2026-08-19T03:58:59.791Z] [Error: ENOENT: no such file or directory, open '/home/ubuntu/orchids-blindy/.next/server/pages/_app/build-manifest.json'] {
[2026-08-19T03:58:59.791Z] errno: -2,
[2026-08-19T03:58:59.791Z] code: 'ENOENT',
[2026-08-19T03:58:59.791Z] syscall: 'open',
[2026-08-19T03:58:59.791Z] path: '/home/ubuntu/orchids-blindy/.next/server/pages/_app/build-manifest.json'
[2026-08-19T03:58:59.791Z] }
[2026-08-19T03:59:00.696Z] ⨯ [Error: ENOENT: no such file or directory, open '/home/ubuntu/orchids-blindy/.next/server/app/page/app-build-manifest.json'] {
[2026-08-19T03:59:00.696Z] errno: -2,
[2026-08-19T03:59:00.696Z] code: 'ENOENT',
[2026-08-19T03:59:00.696Z] syscall: 'open',
[2026-08-19T03:59:00.696Z] path: '/home/ubuntu/orchids-blindy/.next/server/app/page/app-build-manifest.json'
[2026-08-19T03:59:00.696Z] }
[2026-08-19T03:59:00.723Z] ⨯ [Error: ENOENT: no such file or directory, open '/home/ubuntu/orchids-blindy/.next/server/pages/_app/build-manifest.json'] {
[2026-08-19T03:59:00.723Z] errno: -2,
[2026-08-19T03:59:00.723Z] code: 'ENOENT',
[2026-08-19T03:59:00.723Z] syscall: 'open',
[2026-08-19T03:59:00.723Z] path: '/home/ubuntu/orchids-blindy/.next/server/pages/_app/build-manifest.json'
[2026-08-19T03:59:00.723Z] }
[2026-08-19T03:59:00.751Z] [Error: ENOENT: no such file or directory, open '/home/ubuntu/orchids-blindy/.next/server/app/page/app-build-manifest.json'] {
[2026-08-19T03:59:00.751Z] errno: -2,
[2026-08-19T03:59:00.751Z] code: 'ENOENT',
[2026-08-19T03:59:00.751Z] syscall: 'open',
[2026-08-19T03:59:00.751Z] path: '/home/ubuntu/orchids-blindy/.next/server/app/page/app-build-manifest.json'
[2026-08-19T03:59:00.751Z] }
[2026-08-19T03:59:00.769Z] ⨯ [Error: ENOENT: no such file or directory, open '/home/ubuntu/orchids-blindy/.next/server/pages/_app/build-manifest.json'] {
[2026-08-19T03:59:00.769Z] errno: -2,
[2026-08-19T03:59:00.769Z] code: 'ENOENT',
[2026-08-19T03:59:00.769Z] syscall: 'open',
[2026-08-19T03:59:00.769Z] path: '/home/ubuntu/orchids-blindy/.next/server/pages/_app/build-manifest.json'
[2026-08-19T03:59:00.769Z] }
[2026-08-19T03:59:00.794Z] [Error: ENOENT: no such file or directory, open '/home/ubuntu/orchids-blindy/.next/server/pages/_app/build-manifest.json'] {
[2026-08-19T03:59:00.794Z] errno: -2,
[2026-08-19T03:59:00.794Z] code: 'ENOENT',
[2026-08-19T03:59:00.794Z] syscall: 'open',
[2026-08-19T03:59:00.794Z] path: '/home/ubuntu/orchids-blindy/.next/server/pages/_app/build-manifest.json'
[2026-08-19T03:59:00.794Z] }
[2026-08-19T03:59:01.727Z] ⨯ [Error: ENOENT: no such file or directory, open '/home/ubuntu/orchids-blindy/.next/server/app/page/app-build-manifest.json'] {
[2026-08-19T03:59:01.727Z] errno: -2,
[2026-08-19T03:59:01.727Z] code: 'ENOENT',
[2026-08-19T03:59:01.727Z] syscall: 'open',
[2026-08-19T03:59:01.727Z] path: '/home/ubuntu/orchids-blindy/.next/server/app/page/app-build-manifest.json'
[2026-08-19T03:59:01.727Z] }
[2026-08-19T03:59:01.750Z] ⨯ [Error: ENOENT: no such file or directory, open '/home/ubuntu/orchids-blindy/.next/server/pages/_app/build-manifest.json'] {
[2026-08-19T03:59:01.751Z] errno: -2,
[2026-08-19T03:59:01.751Z] code: 'ENOENT',
[2026-08-19T03:59:01.751Z] syscall: 'open',
[2026-08-19T03:59:01.751Z] path: '/home/ubuntu/orchids-blindy/.next/server/pages/_app/build-manifest.json'
[2026-08-19T03:59:01.751Z] }
[2026-08-19T03:59:01.779Z] [Error: ENOENT: no such file or directory, open '/home/ubuntu/orchids-blindy/.next/server/app/page/app-build-manifest.json'] {
[2026-08-19T03:59:01.780Z] errno: -2,
[2026-08-19T03:59:01.780Z] code: 'ENOENT',
[2026-08-19T03:59:01.780Z] syscall: 'open',
[2026-08-19T03:59:01.780Z] path: '/home/ubuntu/orchids-blindy/.next/server/app/page/app-build-manifest.json'
[2026-08-19T03:59:01.780Z] }
[2026-08-19T03:59:01.803Z] ⨯ [Error: ENOENT: no such file or directory, open '/home/ubuntu/orchids-blindy/.next/server/pages/_app/build-manifest.json'] {
[2026-08-19T03:59:01.803Z] errno: -2,
[2026-08-19T03:59:01.803Z] code: 'ENOENT',
[2026-08-19T03:59:01.803Z] syscall: 'open',
[2026-08-19T03:59:01.803Z] path: '/home/ubuntu/orchids-blindy/.next/server/pages/_app/build-manifest.json'
[2026-08-19T03:59:01.803Z] }
[2026-08-19T03:59:01.822Z] [Error: ENOENT: no such file or directory, open '/home/ubuntu/orchids-blindy/.next/server/pages/_app/build-manifest.json'] {
[2026-08-19T03:59:01.822Z] errno: -2,
[2026-08-19T03:59:01.822Z] code: 'ENOENT',
[2026-08-19T03:59:01.822Z] syscall: 'open',
[2026-08-19T03:59:01.822Z] path: '/home/ubuntu/orchids-blindy/.next/server/pages/_app/build-manifest.json'
[2026-08-19T03:59:01.822Z] }
[2026-08-19T03:59:01.851Z] ⨯ [Error: ENOENT: no such file or directory, open '/home/ubuntu/orchids-blindy/.next/server/app/page/app-build-manifest.json'] {
[2026-08-19T03:59:01.852Z] errno: -2,
[2026-08-19T03:59:01.852Z] code: 'ENOENT',
[2026-08-19T03:59:01.852Z] syscall: 'open',
[2026-08-19T03:59:01.852Z] path: '/home/ubuntu/orchids-blindy/.next/server/app/page/app-build-manifest.json'
[2026-08-19T03:59:01.852Z] }
[2026-08-19T03:59:01.877Z] ⨯ [Error: ENOENT: no such file or directory, open '/home/ubuntu/orchids-blindy/.next/server/pages/_app/build-manifest.json'] {
[2026-08-19T03:59:01.877Z] errno: -2,
[2026-08-19T03:59:01.877Z] code: 'ENOENT',
[2026-08-19T03:59:01.877Z] syscall: 'open',
[2026-08-19T03:59:01.877Z] path: '/home/ubuntu/orchids-blindy/.next/server/pages/_app/build-manifest.json'
[2026-08-19T03:59:01.877Z] }
[2026-08-19T03:59:01.906Z] [Error: ENOENT: no such file or directory, open '/home/ubuntu/orchids-blindy/.next/server/app/page/app-build-manifest.json'] {
[2026-08-19T03:59:01.906Z] errno: -2,
[2026-08-19T03:59:01.906Z] code: 'ENOENT',
[2026-08-19T03:59:01.906Z] syscall: 'open',
[2026-08-19T03:59:01.906Z] path: '/home/ubuntu/orchids-blindy/.next/server/app/page/app-build-manifest.json'
[2026-08-19T03:59:01.906Z] }
[2026-08-19T03:59:01.929Z] ⨯ [Error: ENOENT: no such file or directory, open '/home/ubuntu/orchids-blindy/.next/server/pages/_app/build-manifest.json'] {
[2026-08-19T03:59:01.929Z] errno: -2,
[2026-08-19T03:59:01.929Z] code: 'ENOENT',
[2026-08-19T03:59:01.929Z] syscall: 'open',
[2026-08-19T03:59:01.929Z] path: '/home/ubuntu/orchids-blindy/.next/server/pages/_app/build-manifest.json'
[2026-08-19T03:59:01.929Z] }
[2026-08-19T03:59:01.946Z] [Error: ENOENT: no such file or directory, open '/home/ubuntu/orchids-blindy/.next/server/pages/_app/build-manifest.json'] {
[2026-08-19T03:59:01.947Z] errno: -2,
[2026-08-19T03:59:01.947Z] code: 'ENOENT',
[2026-08-19T03:59:01.947Z] syscall: 'open',
[2026-08-19T03:59:01.947Z] path: '/home/ubuntu/orchids-blindy/.next/server/pages/_app/build-manifest.json'
[2026-08-19T03:59:01.947Z] }
[2026-08-19T03:59:02.696Z] ⨯ [Error: ENOENT: no such file or directory, open '/home/ubuntu/orchids-blindy/.next/server/app/page/app-build-manifest.json'] {
[2026-08-19T03:59:02.696Z] errno: -2,
[2026-08-19T03:59:02.696Z] code: 'ENOENT',
[2026-08-19T03:59:02.696Z] syscall: 'open',
[2026-08-19T03:59:02.696Z] path: '/home/ubuntu/orchids-blindy/.next/server/app/page/app-build-manifest.json'
[2026-08-19T03:59:02.696Z] }
[2026-08-19T03:59:02.725Z] ⨯ [Error: ENOENT: no such file or directory, open '/home/ubuntu/orchids-blindy/.next/server/pages/_app/build-manifest.json'] {
[2026-08-19T03:59:02.725Z] errno: -2,
[2026-08-19T03:59:02.725Z] code: 'ENOENT',
[2026-08-19T03:59:02.725Z] syscall: 'open',
[2026-08-19T03:59:02.725Z] path: '/home/ubuntu/orchids-blindy/.next/server/pages/_app/build-manifest.json'
[2026-08-19T03:59:02.725Z] }
[2026-08-19T03:59:02.755Z] [Error: ENOENT: no such file or directory, open '/home/ubuntu/orchids-blindy/.next/server/app/page/app-build-manifest.json'] {
[2026-08-19T03:59:02.755Z] errno: -2,
[2026-08-19T03:59:02.755Z] code: 'ENOENT',
[2026-08-19T03:59:02.755Z] syscall: 'open',
[2026-08-19T03:59:02.755Z] path: '/home/ubuntu/orchids-blindy/.next/server/app/page/app-build-manifest.json'
[2026-08-19T03:59:02.755Z] }
[2026-08-19T03:59:02.774Z] ⨯ [Error: ENOENT: no such file or directory, open '/home/ubuntu/orchids-blindy/.next/server/pages/_app/build-manifest.json'] {
[2026-08-19T03:59:02.774Z] errno: -2,
[2026-08-19T03:59:02.774Z] code: 'ENOENT',
[2026-08-19T03:59:02.774Z] syscall: 'open',
[2026-08-19T03:59:02.774Z] path: '/home/ubuntu/orchids-blindy/.next/server/pages/_app/build-manifest.json'
[2026-08-19T03:59:02.774Z] }
[2026-08-19T03:59:02.798Z] [Error: ENOENT: no such file or directory, open '/home/ubuntu/orchids-blindy/.next/server/pages/_app/build-manifest.json'] {
[2026-08-19T03:59:02.799Z] errno: -2,
[2026-08-19T03:59:02.799Z] code: 'ENOENT',
[2026-08-19T03:59:02.799Z] syscall: 'open',
[2026-08-19T03:59:02.799Z] path: '/home/ubuntu/orchids-blindy/.next/server/pages/_app/build-manifest.json'
[2026-08-19T03:59:02.799Z] }
[2026-08-19T03:59:03.696Z] ⨯ [Error: ENOENT: no such file or directory, open '/home/ubuntu/orchids-blindy/.next/server/app/page/app-build-manifest.json'] {
[2026-08-19T03:59:03.696Z] errno: -2,
[2026-08-19T03:59:03.696Z] code: 'ENOENT',
[2026-08-19T03:59:03.696Z] syscall: 'open',
[2026-08-19T03:59:03.696Z] path: '/home/ubuntu/orchids-blindy/.next/server/app/page/app-build-manifest.json'
[2026-08-19T03:59:03.696Z] }
[2026-08-19T03:59:03.720Z] ⨯ [Error: ENOENT: no such file or directory, open '/home/ubuntu/orchids-blindy/.next/server/pages/_app/build-manifest.json'] {
[2026-08-19T03:59:03.720Z] errno: -2,
[2026-08-19T03:59:03.720Z] code: 'ENOENT',
[2026-08-19T03:59:03.720Z] syscall: 'open',
[2026-08-19T03:59:03.720Z] path: '/home/ubuntu/orchids-blindy/.next/server/pages/_app/build-manifest.json'
[2026-08-19T03:59:03.720Z] }
[2026-08-19T03:59:03.749Z] [Error: ENOENT: no such file or directory, open '/home/ubuntu/orchids-blindy/.next/server/app/page/app-build-manifest.json'] {
[2026-08-19T03:59:03.749Z] errno: -2,
[2026-08-19T03:59:03.749Z] code: 'ENOENT',
[2026-08-19T03:59:03.749Z] syscall: 'open',
[2026-08-19T03:59:03.749Z] path: '/home/ubuntu/orchids-blindy/.next/server/app/page/app-build-manifest.json'
[2026-08-19T03:59:03.749Z] }
[2026-08-19T03:59:03.773Z] ⨯ [Error: ENOENT: no such file or directory, open '/home/ubuntu/orchids-blindy/.next/server/pages/_app/build-manifest.json'] {
[2026-08-19T03:59:03.773Z] errno: -2,
[2026-08-19T03:59:03.774Z] code: 'ENOENT',
[2026-08-19T03:59:03.774Z] syscall: 'open',
[2026-08-19T03:59:03.774Z] path: '/home/ubuntu/orchids-blindy/.next/server/pages/_app/build-manifest.json'
[2026-08-19T03:59:03.774Z] }
[2026-08-19T03:59:03.792Z] [Error: ENOENT: no such file or directory, open '/home/ubuntu/orchids-blindy/.next/server/pages/_app/build-manifest.json'] {
[2026-08-19T03:59:03.792Z] errno: -2,
[2026-08-19T03:59:03.792Z] code: 'ENOENT',
[2026-08-19T03:59:03.792Z] syscall: 'open',
[2026-08-19T03:59:03.792Z] path: '/home/ubuntu/orchids-blindy/.next/server/pages/_app/build-manifest.json'
[2026-08-19T03:59:03.792Z] }
[2026-08-19T03:59:04.692Z] ⨯ [Error: ENOENT: no such file or directory, open '/home/ubuntu/orchids-blindy/.next/server/app/page/app-build-manifest.json'] {
[2026-08-19T03:59:04.692Z] errno: -2,
[2026-08-19T03:59:04.692Z] code: 'ENOENT',
[2026-08-19T03:59:04.692Z] syscall: 'open',
[2026-08-19T03:59:04.693Z] path: '/home/ubuntu/orchids-blindy/.next/server/app/page/app-build-manifest.json'
[2026-08-19T03:59:04.693Z] }
[2026-08-19T03:59:04.722Z] ⨯ [Error: ENOENT: no such file or directory, open '/home/ubuntu/orchids-blindy/.next/server/pages/_app/build-manifest.json'] {
[2026-08-19T03:59:04.722Z] errno: -2,
[2026-08-19T03:59:04.722Z] code: 'ENOENT',
[2026-08-19T03:59:04.722Z] syscall: 'open',
[2026-08-19T03:59:04.722Z] path: '/home/ubuntu/orchids-blindy/.next/server/pages/_app/build-manifest.json'
[2026-08-19T03:59:04.722Z] }
[2026-08-19T03:59:04.751Z] [Error: ENOENT: no such file or directory, open '/home/ubuntu/orchids-blindy/.next/server/app/page/app-build-manifest.json'] {
[2026-08-19T03:59:04.751Z] errno: -2,
[2026-08-19T03:59:04.751Z] code: 'ENOENT',
[2026-08-19T03:59:04.751Z] syscall: 'open',
[2026-08-19T03:59:04.751Z] path: '/home/ubuntu/orchids-blindy/.next/server/app/page/app-build-manifest.json'
[2026-08-19T03:59:04.751Z] }
[2026-08-19T03:59:04.778Z] ⨯ [Error: ENOENT: no such file or directory, open '/home/ubuntu/orchids-blindy/.next/server/pages/_app/build-manifest.json'] {
[2026-08-19T03:59:04.778Z] errno: -2,
[2026-08-19T03:59:04.778Z] code: 'ENOENT',
[2026-08-19T03:59:04.778Z] syscall: 'open',
[2026-08-19T03:59:04.778Z] path: '/home/ubuntu/orchids-blindy/.next/server/pages/_app/build-manifest.json'
[2026-08-19T03:59:04.778Z] }
[2026-08-19T03:59:04.797Z] [Error: ENOENT: no such file or directory, open '/home/ubuntu/orchids-blindy/.next/server/pages/_app/build-manifest.json'] {
[2026-08-19T03:59:04.797Z] errno: -2,
[2026-08-19T03:59:04.797Z] code: 'ENOENT',
[2026-08-19T03:59:04.797Z] syscall: 'open',
[2026-08-19T03:59:04.797Z] path: '/home/ubuntu/orchids-blindy/.next/server/pages/_app/build-manifest.json'
[2026-08-19T03:59:04.797Z] }
[2026-08-19T03:59:05.698Z] ⨯ [Error: ENOENT: no such file or directory, open '/home/ubuntu/orchids-blindy/.next/server/app/page/app-build-manifest.json'] {
[2026-08-19T03:59:05.698Z] errno: -2,
[2026-08-19T03:59:05.698Z] code: 'ENOENT',
[2026-08-19T03:59:05.698Z] syscall: 'open',
[2026-08-19T03:59:05.698Z] path: '/home/ubuntu/orchids-blindy/.next/server/app/page/app-build-manifest.json'
[2026-08-19T03:59:05.698Z] }
[2026-08-19T03:59:05.727Z] ⨯ [Error: ENOENT: no such file or directory, open '/home/ubuntu/orchids-blindy/.next/server/pages/_app/build-manifest.json'] {
[2026-08-19T03:59:05.727Z] errno: -2,
[2026-08-19T03:59:05.727Z] code: 'ENOENT',
[2026-08-19T03:59:05.727Z] syscall: 'open',
[2026-08-19T03:59:05.727Z] path: '/home/ubuntu/orchids-blindy/.next/server/pages/_app/build-manifest.json'
[2026-08-19T03:59:05.727Z] }
[2026-08-19T03:59:05.757Z] [Error: ENOENT: no such file or directory, open '/home/ubuntu/orchids-blindy/.next/server/app/page/app-build-manifest.json'] {
[2026-08-19T03:59:05.757Z] errno: -2,
[2026-08-19T03:59:05.757Z] code: 'ENOENT',
[2026-08-19T03:59:05.757Z] syscall: 'open',
[2026-08-19T03:59:05.757Z] path: '/home/ubuntu/orchids-blindy/.next/server/app/page/app-build-manifest.json'
[2026-08-19T03:59:05.757Z] }
[2026-08-19T03:59:05.777Z] ⨯ [Error: ENOENT: no such file or directory, open '/home/ubuntu/orchids-blindy/.next/server/pages/_app/build-manifest.json'] {
[2026-08-19T03:59:05.777Z] errno: -2,
[2026-08-19T03:59:05.777Z] code: 'ENOENT',
[2026-08-19T03:59:05.777Z] syscall: 'open',
[2026-08-19T03:59:05.777Z] path: '/home/ubuntu/orchids-blindy/.next/server/pages/_app/build-manifest.json'
[2026-08-19T03:59:05.777Z] }
[2026-08-19T03:59:05.802Z] [Error: ENOENT: no such file or directory, open '/home/ubuntu/orchids-blindy/.next/server/pages/_app/build-manifest.json'] {
[2026-08-19T03:59:05.802Z] errno: -2,
[2026-08-19T03:59:05.802Z] code: 'ENOENT',
[2026-08-19T03:59:05.802Z] syscall: 'open',
[2026-08-19T03:59:05.802Z] path: '/home/ubuntu/orchids-blindy/.next/server/pages/_app/build-manifest.json'
[2026-08-19T03:59:05.802Z] }
[2026-08-19T03:59:05.833Z] ⨯ [Error: ENOENT: no such file or directory, open '/home/ubuntu/orchids-blindy/.next/server/app/page/app-build-manifest.json'] {
[2026-08-19T03:59:05.833Z] errno: -2,
[2026-08-19T03:59:05.833Z] code: 'ENOENT',
[2026-08-19T03:59:05.833Z] syscall: 'open',
[2026-08-19T03:59:05.833Z] path: '/home/ubuntu/orchids-blindy/.next/server/app/page/app-build-manifest.json'
[2026-08-19T03:59:05.833Z] }
[2026-08-19T03:59:05.856Z] ⨯ [Error: ENOENT: no such file or directory, open '/home/ubuntu/orchids-blindy/.next/server/pages/_app/build-manifest.json'] {
[2026-08-19T03:59:05.856Z] errno: -2,
[2026-08-19T03:59:05.856Z] code: 'ENOENT',
[2026-08-19T03:59:05.856Z] syscall: 'open',
[2026-08-19T03:59:05.856Z] path: '/home/ubuntu/orchids-blindy/.next/server/pages/_app/build-manifest.json'
[2026-08-19T03:59:05.856Z] }
[2026-08-19T03:59:05.883Z] [Error: ENOENT: no such file or directory, open '/home/ubuntu/orchids-blindy/.next/server/app/page/app-build-manifest.json'] {
[2026-08-19T03:59:05.883Z] errno: -2,
[2026-08-19T03:59:05.883Z] code: 'ENOENT',
[2026-08-19T03:59:05.883Z] syscall: 'open',
[2026-08-19T03:59:05.883Z] path: '/home/ubuntu/orchids-blindy/.next/server/app/page/app-build-manifest.json'
[2026-08-19T03:59:05.883Z] }
[2026-08-19T03:59:05.907Z] ⨯ [Error: ENOENT: no such file or directory, open '/home/ubuntu/orchids-blindy/.next/server/pages/_app/build-manifest.json'] {
[2026-08-19T03:59:05.907Z] errno: -2,
[2026-08-19T03:59:05.907Z] code: 'ENOENT',
[2026-08-19T03:59:05.907Z] syscall: 'open',
[2026-08-19T03:59:05.907Z] path: '/home/ubuntu/orchids-blindy/.next/server/pages/_app/build-manifest.json'
[2026-08-19T03:59:05.907Z] }
[2026-08-19T03:59:05.925Z] [Error: ENOENT: no such file or directory, open '/home/ubuntu/orchids-blindy/.next/server/pages/_app/build-manifest.json'] {
[2026-08-19T03:59:05.925Z] errno: -2,
[2026-08-19T03:59:05.925Z] code: 'ENOENT',
[2026-08-19T03:59:05.925Z] syscall: 'open',
[2026-08-19T03:59:05.925Z] path: '/home/ubuntu/orchids-blindy/.next/server/pages/_app/build-manifest.json'
[2026-08-19T03:59:05.925Z] }
[2026-08-19T03:59:06.692Z] ⨯ [Error: ENOENT: no such file or directory, open '/home/ubuntu/orchids-blindy/.next/server/app/page/app-build-manifest.json'] {
[2026-08-19T03:59:06.692Z] errno: -2,
[2026-08-19T03:59:06.692Z] code: 'ENOENT',
[2026-08-19T03:59:06.692Z] syscall: 'open',
[2026-08-19T03:59:06.692Z] path: '/home/ubuntu/orchids-blindy/.next/server/app/page/app-build-manifest.json'
[2026-08-19T03:59:06.692Z] }
[2026-08-19T03:59:06.722Z] ⨯ [Error: ENOENT: no such file or directory, open '/home/ubuntu/orchids-blindy/.next/server/pages/_app/build-manifest.json'] {
[2026-08-19T03:59:06.722Z] errno: -2,
[2026-08-19T03:59:06.722Z] code: 'ENOENT',
[2026-08-19T03:59:06.722Z] syscall: 'open',
[2026-08-19T03:59:06.722Z] path: '/home/ubuntu/orchids-blindy/.next/server/pages/_app/build-manifest.json'
[2026-08-19T03:59:06.722Z] }
[2026-08-19T03:59:06.752Z] [Error: ENOENT: no such file or directory, open '/home/ubuntu/orchids-blindy/.next/server/app/page/app-build-manifest.json'] {
[2026-08-19T03:59:06.752Z] errno: -2,
[2026-08-19T03:59:06.752Z] code: 'ENOENT',
[2026-08-19T03:59:06.752Z] syscall: 'open',
[2026-08-19T03:59:06.752Z] path: '/home/ubuntu/orchids-blindy/.next/server/app/page/app-build-manifest.json'
[2026-08-19T03:59:06.752Z] }
[2026-08-19T03:59:06.779Z] ⨯ [Error: ENOENT: no such file or directory, open '/home/ubuntu/orchids-blindy/.next/server/pages/_app/build-manifest.json'] {
[2026-08-19T03:59:06.779Z] errno: -2,
[2026-08-19T03:59:06.779Z] code: 'ENOENT',
[2026-08-19T03:59:06.779Z] syscall: 'open',
[2026-08-19T03:59:06.779Z] path: '/home/ubuntu/orchids-blindy/.next/server/pages/_app/build-manifest.json'
[2026-08-19T03:59:06.779Z] }
[2026-08-19T03:59:06.798Z] [Error: ENOENT: no such file or directory, open '/home/ubuntu/orchids-blindy/.next/server/pages/_app/build-manifest.json'] {
[2026-08-19T03:59:06.798Z] errno: -2,
[2026-08-19T03:59:06.798Z] code: 'ENOENT',
[2026-08-19T03:59:06.798Z] syscall: 'open',
[2026-08-19T03:59:06.798Z] path: '/home/ubuntu/orchids-blindy/.next/server/pages/_app/build-manifest.json'
[2026-08-19T03:59:06.798Z] }
[2026-08-19T03:59:07.697Z] ⨯ [Error: ENOENT: no such file or directory, open '/home/ubuntu/orchids-blindy/.next/server/app/page/app-build-manifest.json'] {
[2026-08-19T03:59:07.697Z] errno: -2,
[2026-08-19T03:59:07.697Z] code: 'ENOENT',
[2026-08-19T03:59:07.697Z] syscall: 'open',
[2026-08-19T03:59:07.697Z] path: '/home/ubuntu/orchids-blindy/.next/server/app/page/app-build-manifest.json'
[2026-08-19T03:59:07.697Z] }
[2026-08-19T03:59:07.724Z] ⨯ [Error: ENOENT: no such file or directory, open '/home/ubuntu/orchids-blindy/.next/server/pages/_app/build-manifest.json'] {
[2026-08-19T03:59:07.724Z] errno: -2,
[2026-08-19T03:59:07.724Z] code: 'ENOENT',
[2026-08-19T03:59:07.724Z] syscall: 'open',
[2026-08-19T03:59:07.724Z] path: '/home/ubuntu/orchids-blindy/.next/server/pages/_app/build-manifest.json'
[2026-08-19T03:59:07.724Z] }
[2026-08-19T03:59:07.753Z] [Error: ENOENT: no such file or directory, open '/home/ubuntu/orchids-blindy/.next/server/app/page/app-build-manifest.json'] {
[2026-08-19T03:59:07.753Z] errno: -2,
[2026-08-19T03:59:07.753Z] code: 'ENOENT',
[2026-08-19T03:59:07.753Z] syscall: 'open',
[2026-08-19T03:59:07.753Z] path: '/home/ubuntu/orchids-blindy/.next/server/app/page/app-build-manifest.json'
[2026-08-19T03:59:07.753Z] }
[2026-08-19T03:59:07.771Z] ⨯ [Error: ENOENT: no such file or directory, open '/home/ubuntu/orchids-blindy/.next/server/pages/_app/build-manifest.json'] {
[2026-08-19T03:59:07.771Z] errno: -2,
[2026-08-19T03:59:07.771Z] code: 'ENOENT',
[2026-08-19T03:59:07.771Z] syscall: 'open',
[2026-08-19T03:59:07.771Z] path: '/home/ubuntu/orchids-blindy/.next/server/pages/_app/build-manifest.json'
[2026-08-19T03:59:07.771Z] }
[2026-08-19T03:59:07.795Z] [Error: ENOENT: no such file or directory, open '/home/ubuntu/orchids-blindy/.next/server/pages/_app/build-manifest.json'] {
[2026-08-19T03:59:07.795Z] errno: -2,
[2026-08-19T03:59:07.795Z] code: 'ENOENT',
[2026-08-19T03:59:07.795Z] syscall: 'open',
[2026-08-19T03:59:07.795Z] path: '/home/ubuntu/orchids-blindy/.next/server/pages/_app/build-manifest.json'
[2026-08-19T03:59:07.795Z] }
[2026-08-19T03:59:08.693Z] ⨯ [Error: ENOENT: no such file or directory, open '/home/ubuntu/orchids-blindy/.next/server/app/page/app-build-manifest.json'] {
[2026-08-19T03:59:08.693Z] errno: -2,
[2026-08-19T03:59:08.693Z] code: 'ENOENT',
[2026-08-19T03:59:08.693Z] syscall: 'open',
[2026-08-19T03:59:08.693Z] path: '/home/ubuntu/orchids-blindy/.next/server/app/page/app-build-manifest.json'
[2026-08-19T03:59:08.693Z] }
[2026-08-19T03:59:08.716Z] ⨯ [Error: ENOENT: no such file or directory, open '/home/ubuntu/orchids-blindy/.next/server/pages/_app/build-manifest.json'] {
[2026-08-19T03:59:08.716Z] errno: -2,
[2026-08-19T03:59:08.716Z] code: 'ENOENT',
[2026-08-19T03:59:08.716Z] syscall: 'open',
[2026-08-19T03:59:08.716Z] path: '/home/ubuntu/orchids-blindy/.next/server/pages/_app/build-manifest.json'
[2026-08-19T03:59:08.716Z] }
[2026-08-19T03:59:08.743Z] [Error: ENOENT: no such file or directory, open '/home/ubuntu/orchids-blindy/.next/server/app/page/app-build-manifest.json'] {
[2026-08-19T03:59:08.743Z] errno: -2,
[2026-08-19T03:59:08.743Z] code: 'ENOENT',
[2026-08-19T03:59:08.743Z] syscall: 'open',
[2026-08-19T03:59:08.743Z] path: '/home/ubuntu/orchids-blindy/.next/server/app/page/app-build-manifest.json'
[2026-08-19T03:59:08.744Z] }
[2026-08-19T03:59:08.767Z] ⨯ [Error: ENOENT: no such file or directory, open '/home/ubuntu/orchids-blindy/.next/server/pages/_app/build-manifest.json'] {
[2026-08-19T03:59:08.767Z] errno: -2,
[2026-08-19T03:59:08.767Z] code: 'ENOENT',
[2026-08-19T03:59:08.767Z] syscall: 'open',
[2026-08-19T03:59:08.767Z] path: '/home/ubuntu/orchids-blindy/.next/server/pages/_app/build-manifest.json'
[2026-08-19T03:59:08.767Z] }
[2026-08-19T03:59:08.785Z] [Error: ENOENT: no such file or directory, open '/home/ubuntu/orchids-blindy/.next/server/pages/_app/build-manifest.json'] {
[2026-08-19T03:59:08.785Z] errno: -2,
[2026-08-19T03:59:08.785Z] code: 'ENOENT',
[2026-08-19T03:59:08.785Z] syscall: 'open',
[2026-08-19T03:59:08.785Z] path: '/home/ubuntu/orchids-blindy/.next/server/pages/_app/build-manifest.json'
[2026-08-19T03:59:08.785Z] }
[2026-08-19T03:59:09.689Z] ⨯ [Error: ENOENT: no such file or directory, open '/home/ubuntu/orchids-blindy/.next/server/app/page/app-build-manifest.json'] {
[2026-08-19T03:59:09.689Z] errno: -2,
[2026-08-19T03:59:09.689Z] code: 'ENOENT',
[2026-08-19T03:59:09.689Z] syscall: 'open',
[2026-08-19T03:59:09.689Z] path: '/home/ubuntu/orchids-blindy/.next/server/app/page/app-build-manifest.json'
[2026-08-19T03:59:09.689Z] }
[2026-08-19T03:59:09.718Z] ⨯ [Error: ENOENT: no such file or directory, open '/home/ubuntu/orchids-blindy/.next/server/pages/_app/build-manifest.json'] {
[2026-08-19T03:59:09.718Z] errno: -2,
[2026-08-19T03:59:09.718Z] code: 'ENOENT',
[2026-08-19T03:59:09.718Z] syscall: 'open',
[2026-08-19T03:59:09.718Z] path: '/home/ubuntu/orchids-blindy/.next/server/pages/_app/build-manifest.json'
[2026-08-19T03:59:09.718Z] }
[2026-08-19T03:59:09.745Z] [Error: ENOENT: no such file or directory, open '/home/ubuntu/orchids-blindy/.next/server/app/page/app-build-manifest.json'] {
[2026-08-19T03:59:09.745Z] errno: -2,
[2026-08-19T03:59:09.745Z] code: 'ENOENT',
[2026-08-19T03:59:09.745Z] syscall: 'open',
[2026-08-19T03:59:09.745Z] path: '/home/ubuntu/orchids-blindy/.next/server/app/page/app-build-manifest.json'
[2026-08-19T03:59:09.745Z] }
[2026-08-19T03:59:09.771Z] ⨯ [Error: ENOENT: no such file or directory, open '/home/ubuntu/orchids-blindy/.next/server/pages/_app/build-manifest.json'] {
[2026-08-19T03:59:09.771Z] errno: -2,
[2026-08-19T03:59:09.771Z] code: 'ENOENT',
[2026-08-19T03:59:09.771Z] syscall: 'open',
[2026-08-19T03:59:09.771Z] path: '/home/ubuntu/orchids-blindy/.next/server/pages/_app/build-manifest.json'
[2026-08-19T03:59:09.771Z] }
[2026-08-19T03:59:09.789Z] [Error: ENOENT: no such file or directory, open '/home/ubuntu/orchids-blindy/.next/server/pages/_app/build-manifest.json'] {
[2026-08-19T03:59:09.789Z] errno: -2,
[2026-08-19T03:59:09.789Z] code: 'ENOENT',
[2026-08-19T03:59:09.789Z] syscall: 'open',
[2026-08-19T03:59:09.789Z] path: '/home/ubuntu/orchids-blindy/.next/server/pages/_app/build-manifest.json'
[2026-08-19T03:59:09.789Z] }
[2026-08-19T03:59:09.821Z] ⨯ [Error: ENOENT: no such file or directory, open '/home/ubuntu/orchids-blindy/.next/server/app/page/app-build-manifest.json'] {
[2026-08-19T03:59:09.821Z] errno: -2,
[2026-08-19T03:59:09.821Z] code: 'ENOENT',
[2026-08-19T03:59:09.821Z] syscall: 'open',
[2026-08-19T03:59:09.821Z] path: '/home/ubuntu/orchids-blindy/.next/server/app/page/app-build-manifest.json'
[2026-08-19T03:59:09.821Z] }
[2026-08-19T03:59:09.847Z] ⨯ [Error: ENOENT: no such file or directory, open '/home/ubuntu/orchids-blindy/.next/server/pages/_app/build-manifest.json'] {
[2026-08-19T03:59:09.847Z] errno: -2,
[2026-08-19T03:59:09.848Z] code: 'ENOENT',
[2026-08-19T03:59:09.848Z] syscall: 'open',
[2026-08-19T03:59:09.848Z] path: '/home/ubuntu/orchids-blindy/.next/server/pages/_app/build-manifest.json'
[2026-08-19T03:59:09.848Z] }
[2026-08-19T03:59:09.876Z] [Error: ENOENT: no such file or directory, open '/home/ubuntu/orchids-blindy/.next/server/app/page/app-build-manifest.json'] {
[2026-08-19T03:59:09.876Z] errno: -2,
[2026-08-19T03:59:09.876Z] code: 'ENOENT',
[2026-08-19T03:59:09.876Z] syscall: 'open',
[2026-08-19T03:59:09.876Z] path: '/home/ubuntu/orchids-blindy/.next/server/app/page/app-build-manifest.json'
[2026-08-19T03:59:09.876Z] }
[2026-08-19T03:59:09.893Z] ⨯ [Error: ENOENT: no such file or directory, open '/home/ubuntu/orchids-blindy/.next/server/pages/_app/build-manifest.json'] {
[2026-08-19T03:59:09.893Z] errno: -2,
[2026-08-19T03:59:09.893Z] code: 'ENOENT',
[2026-08-19T03:59:09.893Z] syscall: 'open',
[2026-08-19T03:59:09.893Z] path: '/home/ubuntu/orchids-blindy/.next/server/pages/_app/build-manifest.json'
[2026-08-19T03:59:09.893Z] }
[2026-08-19T03:59:09.915Z] [Error: ENOENT: no such file or directory, open '/home/ubuntu/orchids-blindy/.next/server/pages/_app/build-manifest.json'] {
[2026-08-19T03:59:09.915Z] errno: -2,
[2026-08-19T03:59:09.915Z] code: 'ENOENT',
[2026-08-19T03:59:09.915Z] syscall: 'open',
[2026-08-19T03:59:09.916Z] path: '/home/ubuntu/orchids-blindy/.next/server/pages/_app/build-manifest.json'
[2026-08-19T03:59:09.916Z] }
[2026-08-19T03:59:10.696Z] ⨯ [Error: ENOENT: no such file or directory, open '/home/ubuntu/orchids-blindy/.next/server/app/page/app-build-manifest.json'] {
[2026-08-19T03:59:10.696Z] errno: -2,
[2026-08-19T03:59:10.696Z] code: 'ENOENT',
[2026-08-19T03:59:10.696Z] syscall: 'open',
[2026-08-19T03:59:10.696Z] path: '/home/ubuntu/orchids-blindy/.next/server/app/page/app-build-manifest.json'
[2026-08-19T03:59:10.696Z] }
[2026-08-19T03:59:10.720Z] ⨯ [Error: ENOENT: no such file or directory, open '/home/ubuntu/orchids-blindy/.next/server/pages/_app/build-manifest.json'] {
[2026-08-19T03:59:10.720Z] errno: -2,
[2026-08-19T03:59:10.720Z] code: 'ENOENT',
[2026-08-19T03:59:10.720Z] syscall: 'open',
[2026-08-19T03:59:10.720Z] path: '/home/ubuntu/orchids-blindy/.next/server/pages/_app/build-manifest.json'
[2026-08-19T03:59:10.720Z] }
[2026-08-19T03:59:10.748Z] [Error: ENOENT: no such file or directory, open '/home/ubuntu/orchids-blindy/.next/server/app/page/app-build-manifest.json'] {
[2026-08-19T03:59:10.748Z] errno: -2,
[2026-08-19T03:59:10.748Z] code: 'ENOENT',
[2026-08-19T03:59:10.748Z] syscall: 'open',
[2026-08-19T03:59:10.748Z] path: '/home/ubuntu/orchids-blindy/.next/server/app/page/app-build-manifest.json'
[2026-08-19T03:59:10.748Z] }
[2026-08-19T03:59:10.772Z] ⨯ [Error: ENOENT: no such file or directory, open '/home/ubuntu/orchids-blindy/.next/server/pages/_app/build-manifest.json'] {
[2026-08-19T03:59:10.772Z] errno: -2,
[2026-08-19T03:59:10.772Z] code: 'ENOENT',
[2026-08-19T03:59:10.772Z] syscall: 'open',
[2026-08-19T03:59:10.772Z] path: '/home/ubuntu/orchids-blindy/.next/server/pages/_app/build-manifest.json'
[2026-08-19T03:59:10.772Z] }
[2026-08-19T03:59:10.791Z] [Error: ENOENT: no such file or directory, open '/home/ubuntu/orchids-blindy/.next/server/pages/_app/build-manifest.json'] {
[2026-08-19T03:59:10.791Z] errno: -2,
[2026-08-19T03:59:10.791Z] code: 'ENOENT',
[2026-08-19T03:59:10.791Z] syscall: 'open',
[2026-08-19T03:59:10.791Z] path: '/home/ubuntu/orchids-blindy/.next/server/pages/_app/build-manifest.json'
[2026-08-19T03:59:10.791Z] }
[2026-08-19T03:59:11.580Z] [ELIFECYCLE] Command failed.
[2026-08-19T03:59:11.707Z] [?25h
[2026-08-19T03:59:11.715Z] Dev server exited with code -1
[2026-08-19T03:59:12.762Z] Starting dev server with command: pnpm run dev
[2026-08-19T03:59:13.312Z] $ next dev --turbopack
[2026-08-19T03:59:14.813Z] ▲ Next.js 15.5.7 (Turbopack)
[2026-08-19T03:59:14.814Z] - Local:        http://localhost:3000
[2026-08-19T03:59:14.814Z] - Network:      http://169.254.0.21:3000
[2026-08-19T03:59:14.814Z] ✓ Starting...
[2026-08-19T03:59:15.596Z] ✓ Ready in 1261ms
[2026-08-19T03:59:18.231Z] ○ Compiling / ...
[2026-08-19T03:59:25.943Z] [PomodoroTimer] Initial categoryDurations from settings: { produtividade: 25, estudos: 50, descanso: 15 }
[2026-08-19T03:59:26.005Z] HEAD / 200 in 8281ms
[2026-08-19T03:59:26.041Z] ✓ Compiled / in 8.3s
[2026-08-19T03:59:26.369Z] [API /pomodoro/get-settings] Starting request...
[2026-08-19T03:59:26.544Z] [API /pomodoro/get-settings] User authenticated: 57fc7b0a-5ba0-42fb-ad0c-f15ee32c6df3
[2026-08-19T03:59:26.680Z] [API /pomodoro/get-settings] Categories response: {
[2026-08-19T03:59:26.680Z] count: 3,
[2026-08-19T03:59:26.680Z] error: undefined,
[2026-08-19T03:59:26.680Z] data: [
[2026-08-19T03:59:26.680Z] {
[2026-08-19T03:59:26.680Z] id: '67040b77-248a-420d-8be2-5c5eca65ca8f',
[2026-08-19T03:59:26.680Z] user_id: '57fc7b0a-5ba0-42fb-ad0c-f15ee32c6df3',
[2026-08-19T03:59:26.680Z] name: 'Produzindo',
[2026-08-19T03:59:26.680Z] color: '#ff6600',
[2026-08-19T03:59:26.680Z] duration_minutes: 57,
[2026-08-19T03:59:26.680Z] created_at: '2026-01-19T22:01:03.082007+00:00'
[2026-08-19T03:59:26.680Z] },
[2026-08-19T03:59:26.680Z] {
[2026-08-19T03:59:26.680Z] id: '5e6728b1-cde5-4c8b-a296-116604eadee0',
[2026-08-19T03:59:26.680Z] user_id: '57fc7b0a-5ba0-42fb-ad0c-f15ee32c6df3',
[2026-08-19T03:59:26.680Z] name: 'Estudando',
[2026-08-19T03:59:26.680Z] color: '#002aff',
[2026-08-19T03:59:26.680Z] duration_minutes: 30,
[2026-08-19T03:59:26.680Z] created_at: '2026-01-19T22:01:03.284823+00:00'
[2026-08-19T03:59:26.680Z] },
[2026-08-19T03:59:26.680Z] {
[2026-08-19T03:59:26.680Z] id: '4ec39e04-b451-4c7a-845d-571dc624e600',
[2026-08-19T03:59:26.681Z] user_id: '57fc7b0a-5ba0-42fb-ad0c-f15ee32c6df3',
[2026-08-19T03:59:26.681Z] name: 'Conteúdos',
[2026-08-19T03:59:26.681Z] color: '#00d13f',
[2026-08-19T03:59:26.681Z] duration_minutes: 27,
[2026-08-19T03:59:26.681Z] created_at: '2026-01-19T22:01:03.486292+00:00'
[2026-08-19T03:59:26.681Z] }
[2026-08-19T03:59:26.681Z] ]
[2026-08-19T03:59:26.681Z] }
[2026-08-19T03:59:26.681Z] [API /pomodoro/get-settings] Settings response: {
[2026-08-19T03:59:26.681Z] data: {
[2026-08-19T03:59:26.681Z] id: '6729871f-4efa-4304-a753-1f7dd1859400',
[2026-08-19T03:59:26.681Z] user_id: '57fc7b0a-5ba0-42fb-ad0c-f15ee32c6df3',
[2026-08-19T03:59:26.681Z] short_break_minutes: 5,
[2026-08-19T03:59:26.681Z] long_break_minutes: 15,
[2026-08-19T03:59:26.681Z] cycles_until_long_break: 4,
[2026-08-19T03:59:26.681Z] updated_at: '2026-01-31T22:04:42.725+00:00'
[2026-08-19T03:59:26.681Z] },
[2026-08-19T03:59:26.681Z] error: undefined
[2026-08-19T03:59:26.681Z] }
[2026-08-19T03:59:26.681Z] [API /pomodoro/get-settings] Sessions response: { count: 19, error: undefined }
[2026-08-19T03:59:26.681Z] [API /pomodoro/get-settings] Returning settings with 19 sessions
[2026-08-19T03:59:26.684Z] GET /api/pomodoro/get-settings 200 in 2020ms
[2026-08-19T03:59:27.860Z] [PomodoroTimer] Initial categoryDurations from settings: { produtividade: 25, estudos: 50, descanso: 15 }
[2026-08-19T03:59:27.896Z] HEAD / 200 in 134ms
[2026-08-19T03:59:28.757Z] [PomodoroTimer] Initial categoryDurations from settings: { produtividade: 25, estudos: 50, descanso: 15 }
[2026-08-19T03:59:28.809Z] GET /?from_webdev=1 200 in 141ms
[2026-08-19T03:59:31.035Z] [PomodoroTimer] Initial categoryDurations from settings: { produtividade: 25, estudos: 50, descanso: 15 }
[2026-08-19T03:59:31.084Z] GET / 200 in 125ms
[2026-08-19T03:59:33.883Z] ⚠ Blocked cross-origin request from 3000-ih0lty215c9qdqm3to6te-a91e88fb.us4.manus.computer to /_next/* resource. To allow this, configure "allowedDevOrigins" in next.config
[2026-08-19T03:59:33.883Z] Read more: https://nextjs.org/docs/app/api-reference/config/next-config-js/allowedDevOrigins
[2026-08-19T03:59:34.892Z] [API /pomodoro/get-settings] Starting request...
[2026-08-19T03:59:35.037Z] [API /pomodoro/get-settings] User authenticated: 57fc7b0a-5ba0-42fb-ad0c-f15ee32c6df3
[2026-08-19T03:59:35.174Z] [API /pomodoro/get-settings] Categories response: {
[2026-08-19T03:59:35.174Z] count: 3,
[2026-08-19T03:59:35.174Z] error: undefined,
[2026-08-19T03:59:35.174Z] data: [
[2026-08-19T03:59:35.174Z] {
[2026-08-19T03:59:35.174Z] id: '67040b77-248a-420d-8be2-5c5eca65ca8f',
[2026-08-19T03:59:35.174Z] user_id: '57fc7b0a-5ba0-42fb-ad0c-f15ee32c6df3',
[2026-08-19T03:59:35.174Z] name: 'Produzindo',
[2026-08-19T03:59:35.174Z] color: '#ff6600',
[2026-08-19T03:59:35.174Z] duration_minutes: 57,
[2026-08-19T03:59:35.174Z] created_at: '2026-01-19T22:01:03.082007+00:00'
[2026-08-19T03:59:35.174Z] },
[2026-08-19T03:59:35.174Z] {
[2026-08-19T03:59:35.174Z] id: '5e6728b1-cde5-4c8b-a296-116604eadee0',
[2026-08-19T03:59:35.174Z] user_id: '57fc7b0a-5ba0-42fb-ad0c-f15ee32c6df3',
[2026-08-19T03:59:35.174Z] name: 'Estudando',
[2026-08-19T03:59:35.174Z] color: '#002aff',
[2026-08-19T03:59:35.174Z] duration_minutes: 30,
[2026-08-19T03:59:35.174Z] created_at: '2026-01-19T22:01:03.284823+00:00'
[2026-08-19T03:59:35.174Z] },
[2026-08-19T03:59:35.174Z] {
[2026-08-19T03:59:35.174Z] id: '4ec39e04-b451-4c7a-845d-571dc624e600',
[2026-08-19T03:59:35.174Z] user_id: '57fc7b0a-5ba0-42fb-ad0c-f15ee32c6df3',
[2026-08-19T03:59:35.174Z] name: 'Conteúdos',
[2026-08-19T03:59:35.174Z] color: '#00d13f',
[2026-08-19T03:59:35.174Z] duration_minutes: 27,
[2026-08-19T03:59:35.174Z] created_at: '2026-01-19T22:01:03.486292+00:00'
[2026-08-19T03:59:35.174Z] }
[2026-08-19T03:59:35.174Z] ]
[2026-08-19T03:59:35.174Z] }
[2026-08-19T03:59:35.174Z] [API /pomodoro/get-settings] Settings response: {
[2026-08-19T03:59:35.174Z] data: {
[2026-08-19T03:59:35.174Z] id: '6729871f-4efa-4304-a753-1f7dd1859400',
[2026-08-19T03:59:35.174Z] user_id: '57fc7b0a-5ba0-42fb-ad0c-f15ee32c6df3',
[2026-08-19T03:59:35.174Z] short_break_minutes: 5,
[2026-08-19T03:59:35.174Z] long_break_minutes: 15,
[2026-08-19T03:59:35.174Z] cycles_until_long_break: 4,
[2026-08-19T03:59:35.174Z] updated_at: '2026-01-31T22:04:42.725+00:00'
[2026-08-19T03:59:35.174Z] },
[2026-08-19T03:59:35.174Z] error: undefined
[2026-08-19T03:59:35.174Z] }
[2026-08-19T03:59:35.174Z] [API /pomodoro/get-settings] Sessions response: { count: 19, error: undefined }
[2026-08-19T03:59:35.174Z] [API /pomodoro/get-settings] Returning settings with 19 sessions
[2026-08-19T03:59:35.175Z] GET /api/pomodoro/get-settings 200 in 516ms
[2026-08-19T04:00:34.930Z] [API /pomodoro/get-settings] Starting request...
[2026-08-19T04:00:35.139Z] [API /pomodoro/get-settings] User authenticated: 57fc7b0a-5ba0-42fb-ad0c-f15ee32c6df3
[2026-08-19T04:00:35.293Z] [API /pomodoro/get-settings] Categories response: {
[2026-08-19T04:00:35.293Z] count: 3,
[2026-08-19T04:00:35.293Z] error: undefined,
[2026-08-19T04:00:35.293Z] data: [
[2026-08-19T04:00:35.293Z] {
[2026-08-19T04:00:35.293Z] id: '67040b77-248a-420d-8be2-5c5eca65ca8f',
[2026-08-19T04:00:35.293Z] user_id: '57fc7b0a-5ba0-42fb-ad0c-f15ee32c6df3',
[2026-08-19T04:00:35.293Z] name: 'Produzindo',
[2026-08-19T04:00:35.293Z] color: '#ff6600',
[2026-08-19T04:00:35.293Z] duration_minutes: 57,
[2026-08-19T04:00:35.293Z] created_at: '2026-01-19T22:01:03.082007+00:00'
[2026-08-19T04:00:35.293Z] },
[2026-08-19T04:00:35.293Z] {
[2026-08-19T04:00:35.293Z] id: '5e6728b1-cde5-4c8b-a296-116604eadee0',
[2026-08-19T04:00:35.293Z] user_id: '57fc7b0a-5ba0-42fb-ad0c-f15ee32c6df3',
[2026-08-19T04:00:35.293Z] name: 'Estudando',
[2026-08-19T04:00:35.293Z] color: '#002aff',
[2026-08-19T04:00:35.293Z] duration_minutes: 30,
[2026-08-19T04:00:35.293Z] created_at: '2026-01-19T22:01:03.284823+00:00'
[2026-08-19T04:00:35.293Z] },
[2026-08-19T04:00:35.293Z] {
[2026-08-19T04:00:35.293Z] id: '4ec39e04-b451-4c7a-845d-571dc624e600',
[2026-08-19T04:00:35.293Z] user_id: '57fc7b0a-5ba0-42fb-ad0c-f15ee32c6df3',
[2026-08-19T04:00:35.293Z] name: 'Conteúdos',
[2026-08-19T04:00:35.293Z] color: '#00d13f',
[2026-08-19T04:00:35.293Z] duration_minutes: 27,
[2026-08-19T04:00:35.293Z] created_at: '2026-01-19T22:01:03.486292+00:00'
[2026-08-19T04:00:35.293Z] }
[2026-08-19T04:00:35.293Z] ]
[2026-08-19T04:00:35.293Z] }
[2026-08-19T04:00:35.293Z] [API /pomodoro/get-settings] Settings response: {
[2026-08-19T04:00:35.293Z] data: {
[2026-08-19T04:00:35.293Z] id: '6729871f-4efa-4304-a753-1f7dd1859400',
[2026-08-19T04:00:35.293Z] user_id: '57fc7b0a-5ba0-42fb-ad0c-f15ee32c6df3',
[2026-08-19T04:00:35.293Z] short_break_minutes: 5,
[2026-08-19T04:00:35.293Z] long_break_minutes: 15,
[2026-08-19T04:00:35.293Z] cycles_until_long_break: 4,
[2026-08-19T04:00:35.293Z] updated_at: '2026-01-31T22:04:42.725+00:00'
[2026-08-19T04:00:35.293Z] },
[2026-08-19T04:00:35.293Z] error: undefined
[2026-08-19T04:00:35.293Z] }
[2026-08-19T04:00:35.293Z] [API /pomodoro/get-settings] Sessions response: { count: 19, error: undefined }
[2026-08-19T04:00:35.293Z] [API /pomodoro/get-settings] Returning settings with 19 sessions
[2026-08-19T04:00:35.295Z] GET /api/pomodoro/get-settings 200 in 617ms
[2026-08-19T04:01:00.303Z] [PomodoroTimer] Initial categoryDurations from settings: { produtividade: 25, estudos: 50, descanso: 15 }
[2026-08-19T04:01:00.346Z] GET / 200 in 148ms
[2026-08-19T04:01:03.899Z] [API /pomodoro/get-settings] Starting request...
[2026-08-19T04:01:04.038Z] [API /pomodoro/get-settings] User authenticated: 57fc7b0a-5ba0-42fb-ad0c-f15ee32c6df3
[2026-08-19T04:01:04.247Z] [API /pomodoro/get-settings] Categories response: {
[2026-08-19T04:01:04.247Z] count: 3,
[2026-08-19T04:01:04.247Z] error: undefined,
[2026-08-19T04:01:04.247Z] data: [
[2026-08-19T04:01:04.247Z] {
[2026-08-19T04:01:04.247Z] id: '67040b77-248a-420d-8be2-5c5eca65ca8f',
[2026-08-19T04:01:04.247Z] user_id: '57fc7b0a-5ba0-42fb-ad0c-f15ee32c6df3',
[2026-08-19T04:01:04.247Z] name: 'Produzindo',
[2026-08-19T04:01:04.247Z] color: '#ff6600',
[2026-08-19T04:01:04.247Z] duration_minutes: 57,
[2026-08-19T04:01:04.247Z] created_at: '2026-01-19T22:01:03.082007+00:00'
[2026-08-19T04:01:04.247Z] },
[2026-08-19T04:01:04.247Z] {
[2026-08-19T04:01:04.247Z] id: '5e6728b1-cde5-4c8b-a296-116604eadee0',
[2026-08-19T04:01:04.247Z] user_id: '57fc7b0a-5ba0-42fb-ad0c-f15ee32c6df3',
[2026-08-19T04:01:04.247Z] name: 'Estudando',
[2026-08-19T04:01:04.247Z] color: '#002aff',
[2026-08-19T04:01:04.247Z] duration_minutes: 30,
[2026-08-19T04:01:04.247Z] created_at: '2026-01-19T22:01:03.284823+00:00'
[2026-08-19T04:01:04.247Z] },
[2026-08-19T04:01:04.247Z] {
[2026-08-19T04:01:04.247Z] id: '4ec39e04-b451-4c7a-845d-571dc624e600',
[2026-08-19T04:01:04.247Z] user_id: '57fc7b0a-5ba0-42fb-ad0c-f15ee32c6df3',
[2026-08-19T04:01:04.247Z] name: 'Conteúdos',
[2026-08-19T04:01:04.247Z] color: '#00d13f',
[2026-08-19T04:01:04.247Z] duration_minutes: 27,
[2026-08-19T04:01:04.247Z] created_at: '2026-01-19T22:01:03.486292+00:00'
[2026-08-19T04:01:04.247Z] }
[2026-08-19T04:01:04.247Z] ]
[2026-08-19T04:01:04.247Z] }
[2026-08-19T04:01:04.247Z] [API /pomodoro/get-settings] Settings response: {
[2026-08-19T04:01:04.247Z] data: {
[2026-08-19T04:01:04.247Z] id: '6729871f-4efa-4304-a753-1f7dd1859400',
[2026-08-19T04:01:04.247Z] user_id: '57fc7b0a-5ba0-42fb-ad0c-f15ee32c6df3',
[2026-08-19T04:01:04.247Z] short_break_minutes: 5,
[2026-08-19T04:01:04.247Z] long_break_minutes: 15,
[2026-08-19T04:01:04.247Z] cycles_until_long_break: 4,
[2026-08-19T04:01:04.247Z] updated_at: '2026-01-31T22:04:42.725+00:00'
[2026-08-19T04:01:04.247Z] },
[2026-08-19T04:01:04.247Z] error: undefined
[2026-08-19T04:01:04.247Z] }
[2026-08-19T04:01:04.247Z] [API /pomodoro/get-settings] Sessions response: { count: 19, error: undefined }
[2026-08-19T04:01:04.247Z] [API /pomodoro/get-settings] Returning settings with 19 sessions
[2026-08-19T04:01:04.248Z] GET /api/pomodoro/get-settings 200 in 587ms
[2026-08-19T04:02:03.904Z] [API /pomodoro/get-settings] Starting request...
[2026-08-19T04:02:04.187Z] [API /pomodoro/get-settings] User authenticated: 57fc7b0a-5ba0-42fb-ad0c-f15ee32c6df3
[2026-08-19T04:02:04.434Z] [API /pomodoro/get-settings] Categories response: {
[2026-08-19T04:02:04.434Z] count: 3,
[2026-08-19T04:02:04.434Z] error: undefined,
[2026-08-19T04:02:04.434Z] data: [
[2026-08-19T04:02:04.434Z] {
[2026-08-19T04:02:04.434Z] id: '67040b77-248a-420d-8be2-5c5eca65ca8f',
[2026-08-19T04:02:04.434Z] user_id: '57fc7b0a-5ba0-42fb-ad0c-f15ee32c6df3',
[2026-08-19T04:02:04.434Z] name: 'Produzindo',
[2026-08-19T04:02:04.434Z] color: '#ff6600',
[2026-08-19T04:02:04.434Z] duration_minutes: 57,
[2026-08-19T04:02:04.434Z] created_at: '2026-01-19T22:01:03.082007+00:00'
[2026-08-19T04:02:04.434Z] },
[2026-08-19T04:02:04.434Z] {
[2026-08-19T04:02:04.434Z] id: '5e6728b1-cde5-4c8b-a296-116604eadee0',
[2026-08-19T04:02:04.434Z] user_id: '57fc7b0a-5ba0-42fb-ad0c-f15ee32c6df3',
[2026-08-19T04:02:04.434Z] name: 'Estudando',
[2026-08-19T04:02:04.434Z] color: '#002aff',
[2026-08-19T04:02:04.434Z] duration_minutes: 30,
[2026-08-19T04:02:04.434Z] created_at: '2026-01-19T22:01:03.284823+00:00'
[2026-08-19T04:02:04.434Z] },
[2026-08-19T04:02:04.434Z] {
[2026-08-19T04:02:04.434Z] id: '4ec39e04-b451-4c7a-845d-571dc624e600',
[2026-08-19T04:02:04.434Z] user_id: '57fc7b0a-5ba0-42fb-ad0c-f15ee32c6df3',
[2026-08-19T04:02:04.434Z] name: 'Conteúdos',
[2026-08-19T04:02:04.434Z] color: '#00d13f',
[2026-08-19T04:02:04.434Z] duration_minutes: 27,
[2026-08-19T04:02:04.434Z] created_at: '2026-01-19T22:01:03.486292+00:00'
[2026-08-19T04:02:04.434Z] }
[2026-08-19T04:02:04.434Z] ]
[2026-08-19T04:02:04.434Z] }
[2026-08-19T04:02:04.434Z] [API /pomodoro/get-settings] Settings response: {
[2026-08-19T04:02:04.434Z] data: {
[2026-08-19T04:02:04.434Z] id: '6729871f-4efa-4304-a753-1f7dd1859400',
[2026-08-19T04:02:04.434Z] user_id: '57fc7b0a-5ba0-42fb-ad0c-f15ee32c6df3',
[2026-08-19T04:02:04.434Z] short_break_minutes: 5,
[2026-08-19T04:02:04.434Z] long_break_minutes: 15,
[2026-08-19T04:02:04.434Z] cycles_until_long_break: 4,
[2026-08-19T04:02:04.434Z] updated_at: '2026-01-31T22:04:42.725+00:00'
[2026-08-19T04:02:04.434Z] },
[2026-08-19T04:02:04.434Z] error: undefined
[2026-08-19T04:02:04.434Z] }
[2026-08-19T04:02:04.434Z] [API /pomodoro/get-settings] Sessions response: { count: 19, error: undefined }
[2026-08-19T04:02:04.434Z] [API /pomodoro/get-settings] Returning settings with 19 sessions
[2026-08-19T04:02:04.435Z] GET /api/pomodoro/get-settings 200 in 770ms
[2026-08-19T04:02:50.365Z] [PomodoroTimer] Initial categoryDurations from settings: { produtividade: 25, estudos: 50, descanso: 15 }
[2026-08-19T04:02:50.423Z] GET /?from_webdev=1 200 in 155ms
[2026-08-19T04:02:55.492Z] [PomodoroTimer] Initial categoryDurations from settings: { produtividade: 25, estudos: 50, descanso: 15 }
[2026-08-19T04:02:55.528Z] HEAD / 200 in 123ms
[2026-08-19T04:02:56.760Z] [PomodoroTimer] Initial categoryDurations from settings: { produtividade: 25, estudos: 50, descanso: 15 }
[2026-08-19T04:02:56.816Z] GET /?from_webdev=1 200 in 152ms
[2026-08-19T04:03:03.913Z] [API /pomodoro/get-settings] Starting request...
[2026-08-19T04:03:04.193Z] [API /pomodoro/get-settings] User authenticated: 57fc7b0a-5ba0-42fb-ad0c-f15ee32c6df3
[2026-08-19T04:03:04.445Z] [API /pomodoro/get-settings] Categories response: {
[2026-08-19T04:03:04.445Z] count: 3,
[2026-08-19T04:03:04.445Z] error: undefined,
[2026-08-19T04:03:04.445Z] data: [
[2026-08-19T04:03:04.445Z] {
[2026-08-19T04:03:04.445Z] id: '67040b77-248a-420d-8be2-5c5eca65ca8f',
[2026-08-19T04:03:04.445Z] user_id: '57fc7b0a-5ba0-42fb-ad0c-f15ee32c6df3',
[2026-08-19T04:03:04.445Z] name: 'Produzindo',
[2026-08-19T04:03:04.445Z] color: '#ff6600',
[2026-08-19T04:03:04.445Z] duration_minutes: 57,
[2026-08-19T04:03:04.445Z] created_at: '2026-01-19T22:01:03.082007+00:00'
[2026-08-19T04:03:04.445Z] },
[2026-08-19T04:03:04.445Z] {
[2026-08-19T04:03:04.445Z] id: '5e6728b1-cde5-4c8b-a296-116604eadee0',
[2026-08-19T04:03:04.445Z] user_id: '57fc7b0a-5ba0-42fb-ad0c-f15ee32c6df3',
[2026-08-19T04:03:04.445Z] name: 'Estudando',
[2026-08-19T04:03:04.445Z] color: '#002aff',
[2026-08-19T04:03:04.445Z] duration_minutes: 30,
[2026-08-19T04:03:04.445Z] created_at: '2026-01-19T22:01:03.284823+00:00'
[2026-08-19T04:03:04.445Z] },
[2026-08-19T04:03:04.445Z] {
[2026-08-19T04:03:04.446Z] id: '4ec39e04-b451-4c7a-845d-571dc624e600',
[2026-08-19T04:03:04.446Z] user_id: '57fc7b0a-5ba0-42fb-ad0c-f15ee32c6df3',
[2026-08-19T04:03:04.446Z] name: 'Conteúdos',
[2026-08-19T04:03:04.446Z] color: '#00d13f',
[2026-08-19T04:03:04.446Z] duration_minutes: 27,
[2026-08-19T04:03:04.446Z] created_at: '2026-01-19T22:01:03.486292+00:00'
[2026-08-19T04:03:04.446Z] }
[2026-08-19T04:03:04.446Z] ]
[2026-08-19T04:03:04.446Z] }
[2026-08-19T04:03:04.446Z] [API /pomodoro/get-settings] Settings response: {
[2026-08-19T04:03:04.446Z] data: {
[2026-08-19T04:03:04.446Z] id: '6729871f-4efa-4304-a753-1f7dd1859400',
[2026-08-19T04:03:04.446Z] user_id: '57fc7b0a-5ba0-42fb-ad0c-f15ee32c6df3',
[2026-08-19T04:03:04.446Z] short_break_minutes: 5,
[2026-08-19T04:03:04.446Z] long_break_minutes: 15,
[2026-08-19T04:03:04.446Z] cycles_until_long_break: 4,
[2026-08-19T04:03:04.446Z] updated_at: '2026-01-31T22:04:42.725+00:00'
[2026-08-19T04:03:04.446Z] },
[2026-08-19T04:03:04.446Z] error: undefined
[2026-08-19T04:03:04.446Z] }
[2026-08-19T04:03:04.446Z] [API /pomodoro/get-settings] Sessions response: { count: 19, error: undefined }
[2026-08-19T04:03:04.446Z] [API /pomodoro/get-settings] Returning settings with 19 sessions
[2026-08-19T04:03:04.447Z] GET /api/pomodoro/get-settings 200 in 773ms
[2026-08-19T04:03:06.762Z] [PomodoroTimer] Initial categoryDurations from settings: { produtividade: 25, estudos: 50, descanso: 15 }
[2026-08-19T04:03:06.810Z] GET /?from_webdev=1 200 in 132ms
[2026-08-19T04:03:11.394Z] [PomodoroTimer] Initial categoryDurations from settings: { produtividade: 25, estudos: 50, descanso: 15 }
[2026-08-19T04:03:11.420Z] HEAD / 200 in 103ms
[2026-08-19T04:03:12.748Z] [PomodoroTimer] Initial categoryDurations from settings: { produtividade: 25, estudos: 50, descanso: 15 }
[2026-08-19T04:03:12.801Z] GET /?from_webdev=1 200 in 130ms
[2026-08-19T04:03:43.136Z] [PomodoroTimer] Initial categoryDurations from settings: { produtividade: 25, estudos: 50, descanso: 15 }
[2026-08-19T04:03:43.172Z] GET /?from_webdev=1 200 in 105ms
[2026-08-19T04:03:47.738Z] [PomodoroTimer] Initial categoryDurations from settings: { produtividade: 25, estudos: 50, descanso: 15 }
[2026-08-19T04:03:47.774Z] HEAD / 200 in 142ms
[2026-08-19T04:03:48.757Z] [PomodoroTimer] Initial categoryDurations from settings: { produtividade: 25, estudos: 50, descanso: 15 }
[2026-08-19T04:03:48.791Z] GET /?from_webdev=1 200 in 121ms
[2026-08-19T04:03:49.405Z] [PomodoroTimer] Initial categoryDurations from settings: { produtividade: 25, estudos: 50, descanso: 15 }
[2026-08-19T04:03:49.441Z] GET /?from_webdev=1 200 in 107ms
[2026-08-19T04:03:53.922Z] [PomodoroTimer] Initial categoryDurations from settings: { produtividade: 25, estudos: 50, descanso: 15 }
[2026-08-19T04:03:53.943Z] HEAD / 200 in 88ms
[2026-08-19T04:03:54.746Z] [PomodoroTimer] Initial categoryDurations from settings: { produtividade: 25, estudos: 50, descanso: 15 }
[2026-08-19T04:03:54.781Z] GET /?from_webdev=1 200 in 106ms
[2026-08-19T04:04:02.016Z] [PomodoroTimer] Initial categoryDurations from settings: { produtividade: 25, estudos: 50, descanso: 15 }
[2026-08-19T04:04:02.049Z] GET /?from_webdev=1 200 in 95ms
[2026-08-19T04:04:04.007Z] [API /pomodoro/get-settings] Starting request...
[2026-08-19T04:04:04.240Z] [API /pomodoro/get-settings] User authenticated: 57fc7b0a-5ba0-42fb-ad0c-f15ee32c6df3
[2026-08-19T04:04:04.556Z] [API /pomodoro/get-settings] Categories response: {
[2026-08-19T04:04:04.556Z] count: 3,
[2026-08-19T04:04:04.556Z] error: undefined,
[2026-08-19T04:04:04.556Z] data: [
[2026-08-19T04:04:04.556Z] {
[2026-08-19T04:04:04.556Z] id: '67040b77-248a-420d-8be2-5c5eca65ca8f',
[2026-08-19T04:04:04.556Z] user_id: '57fc7b0a-5ba0-42fb-ad0c-f15ee32c6df3',
[2026-08-19T04:04:04.556Z] name: 'Produzindo',
[2026-08-19T04:04:04.556Z] color: '#ff6600',
[2026-08-19T04:04:04.556Z] duration_minutes: 57,
[2026-08-19T04:04:04.556Z] created_at: '2026-01-19T22:01:03.082007+00:00'
[2026-08-19T04:04:04.556Z] },
[2026-08-19T04:04:04.556Z] {
[2026-08-19T04:04:04.556Z] id: '5e6728b1-cde5-4c8b-a296-116604eadee0',
[2026-08-19T04:04:04.556Z] user_id: '57fc7b0a-5ba0-42fb-ad0c-f15ee32c6df3',
[2026-08-19T04:04:04.556Z] name: 'Estudando',
[2026-08-19T04:04:04.556Z] color: '#002aff',
[2026-08-19T04:04:04.556Z] duration_minutes: 30,
[2026-08-19T04:04:04.556Z] created_at: '2026-01-19T22:01:03.284823+00:00'
[2026-08-19T04:04:04.556Z] },
[2026-08-19T04:04:04.556Z] {
[2026-08-19T04:04:04.556Z] id: '4ec39e04-b451-4c7a-845d-571dc624e600',
[2026-08-19T04:04:04.556Z] user_id: '57fc7b0a-5ba0-42fb-ad0c-f15ee32c6df3',
[2026-08-19T04:04:04.556Z] name: 'Conteúdos',
[2026-08-19T04:04:04.556Z] color: '#00d13f',
[2026-08-19T04:04:04.556Z] duration_minutes: 27,
[2026-08-19T04:04:04.556Z] created_at: '2026-01-19T22:01:03.486292+00:00'
[2026-08-19T04:04:04.556Z] }
[2026-08-19T04:04:04.556Z] ]
[2026-08-19T04:04:04.557Z] }
[2026-08-19T04:04:04.557Z] [API /pomodoro/get-settings] Settings response: {
[2026-08-19T04:04:04.557Z] data: {
[2026-08-19T04:04:04.557Z] id: '6729871f-4efa-4304-a753-1f7dd1859400',
[2026-08-19T04:04:04.557Z] user_id: '57fc7b0a-5ba0-42fb-ad0c-f15ee32c6df3',
[2026-08-19T04:04:04.557Z] short_break_minutes: 5,
[2026-08-19T04:04:04.557Z] long_break_minutes: 15,
[2026-08-19T04:04:04.557Z] cycles_until_long_break: 4,
[2026-08-19T04:04:04.557Z] updated_at: '2026-01-31T22:04:42.725+00:00'
[2026-08-19T04:04:04.557Z] },
[2026-08-19T04:04:04.557Z] error: undefined
[2026-08-19T04:04:04.557Z] }
[2026-08-19T04:04:04.557Z] [API /pomodoro/get-settings] Sessions response: { count: 19, error: undefined }
[2026-08-19T04:04:04.557Z] [API /pomodoro/get-settings] Returning settings with 19 sessions
[2026-08-19T04:04:04.559Z] GET /api/pomodoro/get-settings 200 in 796ms
[2026-08-19T04:04:06.499Z] [PomodoroTimer] Initial categoryDurations from settings: { produtividade: 25, estudos: 50, descanso: 15 }
[2026-08-19T04:04:06.529Z] HEAD / 200 in 117ms
[2026-08-19T04:04:07.743Z] [PomodoroTimer] Initial categoryDurations from settings: { produtividade: 25, estudos: 50, descanso: 15 }
[2026-08-19T04:04:07.791Z] GET /?from_webdev=1 200 in 124ms
[2026-08-19T04:04:11.725Z] [API /pomodoro/get-settings] Starting request...
[2026-08-19T04:04:11.911Z] [API /pomodoro/get-settings] User authenticated: 57fc7b0a-5ba0-42fb-ad0c-f15ee32c6df3
[2026-08-19T04:04:12.084Z] [API /pomodoro/get-settings] Categories response: {
[2026-08-19T04:04:12.084Z] count: 3,
[2026-08-19T04:04:12.084Z] error: undefined,
[2026-08-19T04:04:12.084Z] data: [
[2026-08-19T04:04:12.084Z] {
[2026-08-19T04:04:12.084Z] id: '67040b77-248a-420d-8be2-5c5eca65ca8f',
[2026-08-19T04:04:12.084Z] user_id: '57fc7b0a-5ba0-42fb-ad0c-f15ee32c6df3',
[2026-08-19T04:04:12.084Z] name: 'Produzindo',
[2026-08-19T04:04:12.084Z] color: '#ff6600',
[2026-08-19T04:04:12.084Z] duration_minutes: 57,
[2026-08-19T04:04:12.084Z] created_at: '2026-01-19T22:01:03.082007+00:00'
[2026-08-19T04:04:12.084Z] },
[2026-08-19T04:04:12.084Z] {
[2026-08-19T04:04:12.084Z] id: '5e6728b1-cde5-4c8b-a296-116604eadee0',
[2026-08-19T04:04:12.084Z] user_id: '57fc7b0a-5ba0-42fb-ad0c-f15ee32c6df3',
[2026-08-19T04:04:12.084Z] name: 'Estudando',
[2026-08-19T04:04:12.084Z] color: '#002aff',
[2026-08-19T04:04:12.084Z] duration_minutes: 30,
[2026-08-19T04:04:12.084Z] created_at: '2026-01-19T22:01:03.284823+00:00'
[2026-08-19T04:04:12.084Z] },
[2026-08-19T04:04:12.084Z] {
[2026-08-19T04:04:12.084Z] id: '4ec39e04-b451-4c7a-845d-571dc624e600',
[2026-08-19T04:04:12.084Z] user_id: '57fc7b0a-5ba0-42fb-ad0c-f15ee32c6df3',
[2026-08-19T04:04:12.084Z] name: 'Conteúdos',
[2026-08-19T04:04:12.084Z] color: '#00d13f',
[2026-08-19T04:04:12.084Z] duration_minutes: 27,
[2026-08-19T04:04:12.084Z] created_at: '2026-01-19T22:01:03.486292+00:00'
[2026-08-19T04:04:12.084Z] }
[2026-08-19T04:04:12.084Z] ]
[2026-08-19T04:04:12.084Z] }
[2026-08-19T04:04:12.084Z] [API /pomodoro/get-settings] Settings response: {
[2026-08-19T04:04:12.084Z] data: {
[2026-08-19T04:04:12.084Z] id: '6729871f-4efa-4304-a753-1f7dd1859400',
[2026-08-19T04:04:12.084Z] user_id: '57fc7b0a-5ba0-42fb-ad0c-f15ee32c6df3',
[2026-08-19T04:04:12.084Z] short_break_minutes: 5,
[2026-08-19T04:04:12.084Z] long_break_minutes: 15,
[2026-08-19T04:04:12.084Z] cycles_until_long_break: 4,
[2026-08-19T04:04:12.084Z] updated_at: '2026-01-31T22:04:42.725+00:00'
[2026-08-19T04:04:12.084Z] },
[2026-08-19T04:04:12.084Z] error: undefined
[2026-08-19T04:04:12.084Z] }
[2026-08-19T04:04:12.084Z] [API /pomodoro/get-settings] Sessions response: { count: 19, error: undefined }
[2026-08-19T04:04:12.084Z] [API /pomodoro/get-settings] Returning settings with 19 sessions
[2026-08-19T04:04:12.086Z] GET /api/pomodoro/get-settings 200 in 640ms
[2026-08-19T04:05:12.097Z] [API /pomodoro/get-settings] Starting request...
[2026-08-19T04:05:12.347Z] [API /pomodoro/get-settings] User authenticated: 57fc7b0a-5ba0-42fb-ad0c-f15ee32c6df3
[2026-08-19T04:05:12.544Z] [API /pomodoro/get-settings] Categories response: {
[2026-08-19T04:05:12.544Z] count: 3,
[2026-08-19T04:05:12.544Z] error: undefined,
[2026-08-19T04:05:12.544Z] data: [
[2026-08-19T04:05:12.544Z] {
[2026-08-19T04:05:12.544Z] id: '67040b77-248a-420d-8be2-5c5eca65ca8f',
[2026-08-19T04:05:12.544Z] user_id: '57fc7b0a-5ba0-42fb-ad0c-f15ee32c6df3',
[2026-08-19T04:05:12.544Z] name: 'Produzindo',
[2026-08-19T04:05:12.544Z] color: '#ff6600',
[2026-08-19T04:05:12.544Z] duration_minutes: 57,
[2026-08-19T04:05:12.544Z] created_at: '2026-01-19T22:01:03.082007+00:00'
[2026-08-19T04:05:12.544Z] },
[2026-08-19T04:05:12.544Z] {
[2026-08-19T04:05:12.544Z] id: '5e6728b1-cde5-4c8b-a296-116604eadee0',
[2026-08-19T04:05:12.544Z] user_id: '57fc7b0a-5ba0-42fb-ad0c-f15ee32c6df3',
[2026-08-19T04:05:12.544Z] name: 'Estudando',
[2026-08-19T04:05:12.544Z] color: '#002aff',
[2026-08-19T04:05:12.544Z] duration_minutes: 30,
[2026-08-19T04:05:12.544Z] created_at: '2026-01-19T22:01:03.284823+00:00'
[2026-08-19T04:05:12.544Z] },
[2026-08-19T04:05:12.544Z] {
[2026-08-19T04:05:12.544Z] id: '4ec39e04-b451-4c7a-845d-571dc624e600',
[2026-08-19T04:05:12.544Z] user_id: '57fc7b0a-5ba0-42fb-ad0c-f15ee32c6df3',
[2026-08-19T04:05:12.544Z] name: 'Conteúdos',
[2026-08-19T04:05:12.544Z] color: '#00d13f',
[2026-08-19T04:05:12.544Z] duration_minutes: 27,
[2026-08-19T04:05:12.544Z] created_at: '2026-01-19T22:01:03.486292+00:00'
[2026-08-19T04:05:12.544Z] }
[2026-08-19T04:05:12.544Z] ]
[2026-08-19T04:05:12.544Z] }
[2026-08-19T04:05:12.544Z] [API /pomodoro/get-settings] Settings response: {
[2026-08-19T04:05:12.544Z] data: {
[2026-08-19T04:05:12.544Z] id: '6729871f-4efa-4304-a753-1f7dd1859400',
[2026-08-19T04:05:12.544Z] user_id: '57fc7b0a-5ba0-42fb-ad0c-f15ee32c6df3',
[2026-08-19T04:05:12.544Z] short_break_minutes: 5,
[2026-08-19T04:05:12.544Z] long_break_minutes: 15,
[2026-08-19T04:05:12.544Z] cycles_until_long_break: 4,
[2026-08-19T04:05:12.544Z] updated_at: '2026-01-31T22:04:42.725+00:00'
[2026-08-19T04:05:12.544Z] },
[2026-08-19T04:05:12.544Z] error: undefined
[2026-08-19T04:05:12.544Z] }
[2026-08-19T04:05:12.544Z] [API /pomodoro/get-settings] Sessions response: { count: 19, error: undefined }
[2026-08-19T04:05:12.544Z] [API /pomodoro/get-settings] Returning settings with 19 sessions
[2026-08-19T04:05:12.545Z] GET /api/pomodoro/get-settings 200 in 732ms
[2026-08-19T04:06:11.998Z] [API /pomodoro/get-settings] Starting request...
[2026-08-19T04:06:12.220Z] [API /pomodoro/get-settings] User authenticated: 57fc7b0a-5ba0-42fb-ad0c-f15ee32c6df3
[2026-08-19T04:06:12.473Z] [API /pomodoro/get-settings] Categories response: {
[2026-08-19T04:06:12.473Z] count: 3,
[2026-08-19T04:06:12.473Z] error: undefined,
[2026-08-19T04:06:12.473Z] data: [
[2026-08-19T04:06:12.473Z] {
[2026-08-19T04:06:12.473Z] id: '67040b77-248a-420d-8be2-5c5eca65ca8f',
[2026-08-19T04:06:12.473Z] user_id: '57fc7b0a-5ba0-42fb-ad0c-f15ee32c6df3',
[2026-08-19T04:06:12.473Z] name: 'Produzindo',
[2026-08-19T04:06:12.473Z] color: '#ff6600',
[2026-08-19T04:06:12.473Z] duration_minutes: 57,
[2026-08-19T04:06:12.473Z] created_at: '2026-01-19T22:01:03.082007+00:00'
[2026-08-19T04:06:12.473Z] },
[2026-08-19T04:06:12.473Z] {
[2026-08-19T04:06:12.473Z] id: '5e6728b1-cde5-4c8b-a296-116604eadee0',
[2026-08-19T04:06:12.473Z] user_id: '57fc7b0a-5ba0-42fb-ad0c-f15ee32c6df3',
[2026-08-19T04:06:12.473Z] name: 'Estudando',
[2026-08-19T04:06:12.473Z] color: '#002aff',
[2026-08-19T04:06:12.473Z] duration_minutes: 30,
[2026-08-19T04:06:12.473Z] created_at: '2026-01-19T22:01:03.284823+00:00'
[2026-08-19T04:06:12.473Z] },
[2026-08-19T04:06:12.473Z] {
[2026-08-19T04:06:12.473Z] id: '4ec39e04-b451-4c7a-845d-571dc624e600',
[2026-08-19T04:06:12.473Z] user_id: '57fc7b0a-5ba0-42fb-ad0c-f15ee32c6df3',
[2026-08-19T04:06:12.473Z] name: 'Conteúdos',
[2026-08-19T04:06:12.473Z] color: '#00d13f',
[2026-08-19T04:06:12.473Z] duration_minutes: 27,
[2026-08-19T04:06:12.473Z] created_at: '2026-01-19T22:01:03.486292+00:00'
[2026-08-19T04:06:12.473Z] }
[2026-08-19T04:06:12.473Z] ]
[2026-08-19T04:06:12.473Z] }
[2026-08-19T04:06:12.473Z] [API /pomodoro/get-settings] Settings response: {
[2026-08-19T04:06:12.473Z] data: {
[2026-08-19T04:06:12.473Z] id: '6729871f-4efa-4304-a753-1f7dd1859400',
[2026-08-19T04:06:12.473Z] user_id: '57fc7b0a-5ba0-42fb-ad0c-f15ee32c6df3',
[2026-08-19T04:06:12.473Z] short_break_minutes: 5,
[2026-08-19T04:06:12.473Z] long_break_minutes: 15,
[2026-08-19T04:06:12.473Z] cycles_until_long_break: 4,
[2026-08-19T04:06:12.473Z] updated_at: '2026-01-31T22:04:42.725+00:00'
[2026-08-19T04:06:12.473Z] },
[2026-08-19T04:06:12.473Z] error: undefined
[2026-08-19T04:06:12.473Z] }
[2026-08-19T04:06:12.473Z] [API /pomodoro/get-settings] Sessions response: { count: 19, error: undefined }
[2026-08-19T04:06:12.473Z] [API /pomodoro/get-settings] Returning settings with 19 sessions
[2026-08-19T04:06:12.474Z] GET /api/pomodoro/get-settings 200 in 737ms
[2026-08-19T04:07:11.981Z] [API /pomodoro/get-settings] Starting request...
[2026-08-19T04:07:12.167Z] [API /pomodoro/get-settings] User authenticated: 57fc7b0a-5ba0-42fb-ad0c-f15ee32c6df3
[2026-08-19T04:07:12.367Z] [API /pomodoro/get-settings] Categories response: {
[2026-08-19T04:07:12.368Z] count: 3,
[2026-08-19T04:07:12.368Z] error: undefined,
[2026-08-19T04:07:12.368Z] data: [
[2026-08-19T04:07:12.368Z] {
[2026-08-19T04:07:12.368Z] id: '67040b77-248a-420d-8be2-5c5eca65ca8f',
[2026-08-19T04:07:12.368Z] user_id: '57fc7b0a-5ba0-42fb-ad0c-f15ee32c6df3',
[2026-08-19T04:07:12.368Z] name: 'Produzindo',
[2026-08-19T04:07:12.368Z] color: '#ff6600',
[2026-08-19T04:07:12.368Z] duration_minutes: 57,
[2026-08-19T04:07:12.368Z] created_at: '2026-01-19T22:01:03.082007+00:00'
[2026-08-19T04:07:12.368Z] },
[2026-08-19T04:07:12.368Z] {
[2026-08-19T04:07:12.368Z] id: '5e6728b1-cde5-4c8b-a296-116604eadee0',
[2026-08-19T04:07:12.368Z] user_id: '57fc7b0a-5ba0-42fb-ad0c-f15ee32c6df3',
[2026-08-19T04:07:12.368Z] name: 'Estudando',
[2026-08-19T04:07:12.368Z] color: '#002aff',
[2026-08-19T04:07:12.368Z] duration_minutes: 30,
[2026-08-19T04:07:12.368Z] created_at: '2026-01-19T22:01:03.284823+00:00'
[2026-08-19T04:07:12.368Z] },
[2026-08-19T04:07:12.368Z] {
[2026-08-19T04:07:12.368Z] id: '4ec39e04-b451-4c7a-845d-571dc624e600',
[2026-08-19T04:07:12.368Z] user_id: '57fc7b0a-5ba0-42fb-ad0c-f15ee32c6df3',
[2026-08-19T04:07:12.368Z] name: 'Conteúdos',
[2026-08-19T04:07:12.368Z] color: '#00d13f',
[2026-08-19T04:07:12.368Z] duration_minutes: 27,
[2026-08-19T04:07:12.368Z] created_at: '2026-01-19T22:01:03.486292+00:00'
[2026-08-19T04:07:12.368Z] }
[2026-08-19T04:07:12.368Z] ]
[2026-08-19T04:07:12.368Z] }
[2026-08-19T04:07:12.368Z] [API /pomodoro/get-settings] Settings response: {
[2026-08-19T04:07:12.368Z] data: {
[2026-08-19T04:07:12.368Z] id: '6729871f-4efa-4304-a753-1f7dd1859400',
[2026-08-19T04:07:12.368Z] user_id: '57fc7b0a-5ba0-42fb-ad0c-f15ee32c6df3',
[2026-08-19T04:07:12.368Z] short_break_minutes: 5,
[2026-08-19T04:07:12.368Z] long_break_minutes: 15,
[2026-08-19T04:07:12.368Z] cycles_until_long_break: 4,
[2026-08-19T04:07:12.368Z] updated_at: '2026-01-31T22:04:42.725+00:00'
[2026-08-19T04:07:12.368Z] },
[2026-08-19T04:07:12.368Z] error: undefined
[2026-08-19T04:07:12.368Z] }
[2026-08-19T04:07:12.368Z] [API /pomodoro/get-settings] Sessions response: { count: 19, error: undefined }
[2026-08-19T04:07:12.368Z] [API /pomodoro/get-settings] Returning settings with 19 sessions
[2026-08-19T04:07:12.369Z] GET /api/pomodoro/get-settings 200 in 663ms
[2026-08-19T04:08:11.958Z] [API /pomodoro/get-settings] Starting request...
[2026-08-19T04:08:12.188Z] [API /pomodoro/get-settings] User authenticated: 57fc7b0a-5ba0-42fb-ad0c-f15ee32c6df3
[2026-08-19T04:08:12.433Z] [API /pomodoro/get-settings] Categories response: {
[2026-08-19T04:08:12.433Z] count: 3,
[2026-08-19T04:08:12.433Z] error: undefined,
[2026-08-19T04:08:12.433Z] data: [
[2026-08-19T04:08:12.433Z] {
[2026-08-19T04:08:12.433Z] id: '67040b77-248a-420d-8be2-5c5eca65ca8f',
[2026-08-19T04:08:12.433Z] user_id: '57fc7b0a-5ba0-42fb-ad0c-f15ee32c6df3',
[2026-08-19T04:08:12.433Z] name: 'Produzindo',
[2026-08-19T04:08:12.433Z] color: '#ff6600',
[2026-08-19T04:08:12.433Z] duration_minutes: 57,
[2026-08-19T04:08:12.433Z] created_at: '2026-01-19T22:01:03.082007+00:00'
[2026-08-19T04:08:12.433Z] },
[2026-08-19T04:08:12.433Z] {
[2026-08-19T04:08:12.433Z] id: '5e6728b1-cde5-4c8b-a296-116604eadee0',
[2026-08-19T04:08:12.433Z] user_id: '57fc7b0a-5ba0-42fb-ad0c-f15ee32c6df3',
[2026-08-19T04:08:12.433Z] name: 'Estudando',
[2026-08-19T04:08:12.433Z] color: '#002aff',
[2026-08-19T04:08:12.433Z] duration_minutes: 30,
[2026-08-19T04:08:12.433Z] created_at: '2026-01-19T22:01:03.284823+00:00'
[2026-08-19T04:08:12.433Z] },
[2026-08-19T04:08:12.433Z] {
[2026-08-19T04:08:12.433Z] id: '4ec39e04-b451-4c7a-845d-571dc624e600',
[2026-08-19T04:08:12.433Z] user_id: '57fc7b0a-5ba0-42fb-ad0c-f15ee32c6df3',
[2026-08-19T04:08:12.433Z] name: 'Conteúdos',
[2026-08-19T04:08:12.433Z] color: '#00d13f',
[2026-08-19T04:08:12.433Z] duration_minutes: 27,
[2026-08-19T04:08:12.433Z] created_at: '2026-01-19T22:01:03.486292+00:00'
[2026-08-19T04:08:12.433Z] }
[2026-08-19T04:08:12.433Z] ]
[2026-08-19T04:08:12.433Z] }
[2026-08-19T04:08:12.433Z] [API /pomodoro/get-settings] Settings response: {
[2026-08-19T04:08:12.433Z] data: {
[2026-08-19T04:08:12.433Z] id: '6729871f-4efa-4304-a753-1f7dd1859400',
[2026-08-19T04:08:12.433Z] user_id: '57fc7b0a-5ba0-42fb-ad0c-f15ee32c6df3',
[2026-08-19T04:08:12.433Z] short_break_minutes: 5,
[2026-08-19T04:08:12.433Z] long_break_minutes: 15,
[2026-08-19T04:08:12.433Z] cycles_until_long_break: 4,
[2026-08-19T04:08:12.433Z] updated_at: '2026-01-31T22:04:42.725+00:00'
[2026-08-19T04:08:12.433Z] },
[2026-08-19T04:08:12.433Z] error: undefined
[2026-08-19T04:08:12.433Z] }
[2026-08-19T04:08:12.433Z] [API /pomodoro/get-settings] Sessions response: { count: 19, error: undefined }
[2026-08-19T04:08:12.433Z] [API /pomodoro/get-settings] Returning settings with 19 sessions
[2026-08-19T04:08:12.434Z] GET /api/pomodoro/get-settings 200 in 755ms
[2026-08-19T04:09:10.642Z] [API /pomodoro/get-settings] Starting request...
[2026-08-19T04:09:10.843Z] [API /pomodoro/get-settings] User authenticated: 57fc7b0a-5ba0-42fb-ad0c-f15ee32c6df3
[2026-08-19T04:09:11.088Z] [API /pomodoro/get-settings] Categories response: {
[2026-08-19T04:09:11.088Z] count: 3,
[2026-08-19T04:09:11.088Z] error: undefined,
[2026-08-19T04:09:11.088Z] data: [
[2026-08-19T04:09:11.088Z] {
[2026-08-19T04:09:11.088Z] id: '67040b77-248a-420d-8be2-5c5eca65ca8f',
[2026-08-19T04:09:11.088Z] user_id: '57fc7b0a-5ba0-42fb-ad0c-f15ee32c6df3',
[2026-08-19T04:09:11.088Z] name: 'Produzindo',
[2026-08-19T04:09:11.088Z] color: '#ff6600',
[2026-08-19T04:09:11.088Z] duration_minutes: 57,
[2026-08-19T04:09:11.088Z] created_at: '2026-01-19T22:01:03.082007+00:00'
[2026-08-19T04:09:11.088Z] },
[2026-08-19T04:09:11.088Z] {
[2026-08-19T04:09:11.088Z] id: '5e6728b1-cde5-4c8b-a296-116604eadee0',
[2026-08-19T04:09:11.088Z] user_id: '57fc7b0a-5ba0-42fb-ad0c-f15ee32c6df3',
[2026-08-19T04:09:11.088Z] name: 'Estudando',
[2026-08-19T04:09:11.088Z] color: '#002aff',
[2026-08-19T04:09:11.088Z] duration_minutes: 30,
[2026-08-19T04:09:11.088Z] created_at: '2026-01-19T22:01:03.284823+00:00'
[2026-08-19T04:09:11.088Z] },
[2026-08-19T04:09:11.088Z] {
[2026-08-19T04:09:11.088Z] id: '4ec39e04-b451-4c7a-845d-571dc624e600',
[2026-08-19T04:09:11.088Z] user_id: '57fc7b0a-5ba0-42fb-ad0c-f15ee32c6df3',
[2026-08-19T04:09:11.088Z] name: 'Conteúdos',
[2026-08-19T04:09:11.088Z] color: '#00d13f',
[2026-08-19T04:09:11.088Z] duration_minutes: 27,
[2026-08-19T04:09:11.088Z] created_at: '2026-01-19T22:01:03.486292+00:00'
[2026-08-19T04:09:11.088Z] }
[2026-08-19T04:09:11.088Z] ]
[2026-08-19T04:09:11.088Z] }
[2026-08-19T04:09:11.088Z] [API /pomodoro/get-settings] Settings response: {
[2026-08-19T04:09:11.088Z] data: {
[2026-08-19T04:09:11.088Z] id: '6729871f-4efa-4304-a753-1f7dd1859400',
[2026-08-19T04:09:11.088Z] user_id: '57fc7b0a-5ba0-42fb-ad0c-f15ee32c6df3',
[2026-08-19T04:09:11.088Z] short_break_minutes: 5,
[2026-08-19T04:09:11.088Z] long_break_minutes: 15,
[2026-08-19T04:09:11.088Z] cycles_until_long_break: 4,
[2026-08-19T04:09:11.088Z] updated_at: '2026-01-31T22:04:42.725+00:00'
[2026-08-19T04:09:11.088Z] },
[2026-08-19T04:09:11.088Z] error: undefined
[2026-08-19T04:09:11.088Z] }
[2026-08-19T04:09:11.088Z] [API /pomodoro/get-settings] Sessions response: { count: 19, error: undefined }
[2026-08-19T04:09:11.088Z] [API /pomodoro/get-settings] Returning settings with 19 sessions
[2026-08-19T04:09:11.090Z] GET /api/pomodoro/get-settings 200 in 696ms
[2026-08-19T04:10:10.544Z] [API /pomodoro/get-settings] Starting request...
[2026-08-19T04:10:10.733Z] [API /pomodoro/get-settings] User authenticated: 57fc7b0a-5ba0-42fb-ad0c-f15ee32c6df3
[2026-08-19T04:10:11.066Z] [API /pomodoro/get-settings] Categories response: {
[2026-08-19T04:10:11.067Z] count: 3,
[2026-08-19T04:10:11.067Z] error: undefined,
[2026-08-19T04:10:11.067Z] data: [
[2026-08-19T04:10:11.067Z] {
[2026-08-19T04:10:11.067Z] id: '67040b77-248a-420d-8be2-5c5eca65ca8f',
[2026-08-19T04:10:11.067Z] user_id: '57fc7b0a-5ba0-42fb-ad0c-f15ee32c6df3',
[2026-08-19T04:10:11.067Z] name: 'Produzindo',
[2026-08-19T04:10:11.067Z] color: '#ff6600',
[2026-08-19T04:10:11.067Z] duration_minutes: 57,
[2026-08-19T04:10:11.067Z] created_at: '2026-01-19T22:01:03.082007+00:00'
[2026-08-19T04:10:11.067Z] },
[2026-08-19T04:10:11.067Z] {
[2026-08-19T04:10:11.067Z] id: '5e6728b1-cde5-4c8b-a296-116604eadee0',
[2026-08-19T04:10:11.067Z] user_id: '57fc7b0a-5ba0-42fb-ad0c-f15ee32c6df3',
[2026-08-19T04:10:11.067Z] name: 'Estudando',
[2026-08-19T04:10:11.067Z] color: '#002aff',
[2026-08-19T04:10:11.067Z] duration_minutes: 30,
[2026-08-19T04:10:11.067Z] created_at: '2026-01-19T22:01:03.284823+00:00'
[2026-08-19T04:10:11.067Z] },
[2026-08-19T04:10:11.067Z] {
[2026-08-19T04:10:11.067Z] id: '4ec39e04-b451-4c7a-845d-571dc624e600',
[2026-08-19T04:10:11.067Z] user_id: '57fc7b0a-5ba0-42fb-ad0c-f15ee32c6df3',
[2026-08-19T04:10:11.067Z] name: 'Conteúdos',
[2026-08-19T04:10:11.067Z] color: '#00d13f',
[2026-08-19T04:10:11.067Z] duration_minutes: 27,
[2026-08-19T04:10:11.067Z] created_at: '2026-01-19T22:01:03.486292+00:00'
[2026-08-19T04:10:11.067Z] }
[2026-08-19T04:10:11.067Z] ]
[2026-08-19T04:10:11.067Z] }
[2026-08-19T04:10:11.067Z] [API /pomodoro/get-settings] Settings response: {
[2026-08-19T04:10:11.067Z] data: {
[2026-08-19T04:10:11.067Z] id: '6729871f-4efa-4304-a753-1f7dd1859400',
[2026-08-19T04:10:11.067Z] user_id: '57fc7b0a-5ba0-42fb-ad0c-f15ee32c6df3',
[2026-08-19T04:10:11.067Z] short_break_minutes: 5,
[2026-08-19T04:10:11.067Z] long_break_minutes: 15,
[2026-08-19T04:10:11.067Z] cycles_until_long_break: 4,
[2026-08-19T04:10:11.067Z] updated_at: '2026-01-31T22:04:42.725+00:00'
[2026-08-19T04:10:11.067Z] },
[2026-08-19T04:10:11.067Z] error: undefined
[2026-08-19T04:10:11.067Z] }
[2026-08-19T04:10:11.067Z] [API /pomodoro/get-settings] Sessions response: { count: 19, error: undefined }
[2026-08-19T04:10:11.067Z] [API /pomodoro/get-settings] Returning settings with 19 sessions
[2026-08-19T04:10:11.068Z] GET /api/pomodoro/get-settings 200 in 766ms
[2026-08-19T04:11:11.008Z] [API /pomodoro/get-settings] Starting request...
[2026-08-19T04:11:11.210Z] [API /pomodoro/get-settings] User authenticated: 57fc7b0a-5ba0-42fb-ad0c-f15ee32c6df3
[2026-08-19T04:11:11.403Z] [API /pomodoro/get-settings] Categories response: {
[2026-08-19T04:11:11.403Z] count: 3,
[2026-08-19T04:11:11.403Z] error: undefined,
[2026-08-19T04:11:11.403Z] data: [
[2026-08-19T04:11:11.403Z] {
[2026-08-19T04:11:11.403Z] id: '67040b77-248a-420d-8be2-5c5eca65ca8f',
[2026-08-19T04:11:11.403Z] user_id: '57fc7b0a-5ba0-42fb-ad0c-f15ee32c6df3',
[2026-08-19T04:11:11.403Z] name: 'Produzindo',
[2026-08-19T04:11:11.403Z] color: '#ff6600',
[2026-08-19T04:11:11.403Z] duration_minutes: 57,
[2026-08-19T04:11:11.403Z] created_at: '2026-01-19T22:01:03.082007+00:00'
[2026-08-19T04:11:11.403Z] },
[2026-08-19T04:11:11.403Z] {
[2026-08-19T04:11:11.403Z] id: '5e6728b1-cde5-4c8b-a296-116604eadee0',
[2026-08-19T04:11:11.403Z] user_id: '57fc7b0a-5ba0-42fb-ad0c-f15ee32c6df3',
[2026-08-19T04:11:11.403Z] name: 'Estudando',
[2026-08-19T04:11:11.403Z] color: '#002aff',
[2026-08-19T04:11:11.403Z] duration_minutes: 30,
[2026-08-19T04:11:11.403Z] created_at: '2026-01-19T22:01:03.284823+00:00'
[2026-08-19T04:11:11.403Z] },
[2026-08-19T04:11:11.403Z] {
[2026-08-19T04:11:11.403Z] id: '4ec39e04-b451-4c7a-845d-571dc624e600',
[2026-08-19T04:11:11.403Z] user_id: '57fc7b0a-5ba0-42fb-ad0c-f15ee32c6df3',
[2026-08-19T04:11:11.403Z] name: 'Conteúdos',
[2026-08-19T04:11:11.403Z] color: '#00d13f',
[2026-08-19T04:11:11.403Z] duration_minutes: 27,
[2026-08-19T04:11:11.403Z] created_at: '2026-01-19T22:01:03.486292+00:00'
[2026-08-19T04:11:11.403Z] }
[2026-08-19T04:11:11.403Z] ]
[2026-08-19T04:11:11.403Z] }
[2026-08-19T04:11:11.403Z] [API /pomodoro/get-settings] Settings response: {
[2026-08-19T04:11:11.403Z] data: {
[2026-08-19T04:11:11.403Z] id: '6729871f-4efa-4304-a753-1f7dd1859400',
[2026-08-19T04:11:11.403Z] user_id: '57fc7b0a-5ba0-42fb-ad0c-f15ee32c6df3',
[2026-08-19T04:11:11.403Z] short_break_minutes: 5,
[2026-08-19T04:11:11.403Z] long_break_minutes: 15,
[2026-08-19T04:11:11.403Z] cycles_until_long_break: 4,
[2026-08-19T04:11:11.403Z] updated_at: '2026-01-31T22:04:42.725+00:00'
[2026-08-19T04:11:11.403Z] },
[2026-08-19T04:11:11.403Z] error: undefined
[2026-08-19T04:11:11.403Z] }
[2026-08-19T04:11:11.403Z] [API /pomodoro/get-settings] Sessions response: { count: 19, error: undefined }
[2026-08-19T04:11:11.403Z] [API /pomodoro/get-settings] Returning settings with 19 sessions
[2026-08-19T04:11:11.404Z] GET /api/pomodoro/get-settings 200 in 662ms
[2026-08-19T04:11:20.279Z] [API /pomodoro/get-settings] Starting request...
[2026-08-19T04:11:20.466Z] [API /pomodoro/get-settings] User authenticated: 57fc7b0a-5ba0-42fb-ad0c-f15ee32c6df3
[2026-08-19T04:11:20.635Z] [API /pomodoro/get-settings] Categories response: {
[2026-08-19T04:11:20.635Z] count: 3,
[2026-08-19T04:11:20.635Z] error: undefined,
[2026-08-19T04:11:20.635Z] data: [
[2026-08-19T04:11:20.635Z] {
[2026-08-19T04:11:20.635Z] id: '67040b77-248a-420d-8be2-5c5eca65ca8f',
[2026-08-19T04:11:20.635Z] user_id: '57fc7b0a-5ba0-42fb-ad0c-f15ee32c6df3',
[2026-08-19T04:11:20.635Z] name: 'Produzindo',
[2026-08-19T04:11:20.635Z] color: '#ff6600',
[2026-08-19T04:11:20.635Z] duration_minutes: 57,
[2026-08-19T04:11:20.635Z] created_at: '2026-01-19T22:01:03.082007+00:00'
[2026-08-19T04:11:20.635Z] },
[2026-08-19T04:11:20.635Z] {
[2026-08-19T04:11:20.635Z] id: '5e6728b1-cde5-4c8b-a296-116604eadee0',
[2026-08-19T04:11:20.635Z] user_id: '57fc7b0a-5ba0-42fb-ad0c-f15ee32c6df3',
[2026-08-19T04:11:20.635Z] name: 'Estudando',
[2026-08-19T04:11:20.635Z] color: '#002aff',
[2026-08-19T04:11:20.635Z] duration_minutes: 30,
[2026-08-19T04:11:20.635Z] created_at: '2026-01-19T22:01:03.284823+00:00'
[2026-08-19T04:11:20.635Z] },
[2026-08-19T04:11:20.635Z] {
[2026-08-19T04:11:20.635Z] id: '4ec39e04-b451-4c7a-845d-571dc624e600',
[2026-08-19T04:11:20.635Z] user_id: '57fc7b0a-5ba0-42fb-ad0c-f15ee32c6df3',
[2026-08-19T04:11:20.635Z] name: 'Conteúdos',
[2026-08-19T04:11:20.635Z] color: '#00d13f',
[2026-08-19T04:11:20.635Z] duration_minutes: 27,
[2026-08-19T04:11:20.635Z] created_at: '2026-01-19T22:01:03.486292+00:00'
[2026-08-19T04:11:20.635Z] }
[2026-08-19T04:11:20.635Z] ]
[2026-08-19T04:11:20.635Z] }
[2026-08-19T04:11:20.635Z] [API /pomodoro/get-settings] Settings response: {
[2026-08-19T04:11:20.635Z] data: {
[2026-08-19T04:11:20.635Z] id: '6729871f-4efa-4304-a753-1f7dd1859400',
[2026-08-19T04:11:20.635Z] user_id: '57fc7b0a-5ba0-42fb-ad0c-f15ee32c6df3',
[2026-08-19T04:11:20.635Z] short_break_minutes: 5,
[2026-08-19T04:11:20.635Z] long_break_minutes: 15,
[2026-08-19T04:11:20.635Z] cycles_until_long_break: 4,
[2026-08-19T04:11:20.635Z] updated_at: '2026-01-31T22:04:42.725+00:00'
[2026-08-19T04:11:20.635Z] },
[2026-08-19T04:11:20.635Z] error: undefined
[2026-08-19T04:11:20.635Z] }
[2026-08-19T04:11:20.635Z] [API /pomodoro/get-settings] Sessions response: { count: 19, error: undefined }
[2026-08-19T04:11:20.635Z] [API /pomodoro/get-settings] Returning settings with 19 sessions
[2026-08-19T04:11:20.636Z] GET /api/pomodoro/get-settings 200 in 588ms
[2026-08-19T04:12:20.977Z] [API /pomodoro/get-settings] Starting request...
[2026-08-19T04:12:21.270Z] [API /pomodoro/get-settings] User authenticated: 57fc7b0a-5ba0-42fb-ad0c-f15ee32c6df3
[2026-08-19T04:12:21.465Z] [API /pomodoro/get-settings] Categories response: {
[2026-08-19T04:12:21.465Z] count: 3,
[2026-08-19T04:12:21.465Z] error: undefined,
[2026-08-19T04:12:21.465Z] data: [
[2026-08-19T04:12:21.465Z] {
[2026-08-19T04:12:21.465Z] id: '67040b77-248a-420d-8be2-5c5eca65ca8f',
[2026-08-19T04:12:21.465Z] user_id: '57fc7b0a-5ba0-42fb-ad0c-f15ee32c6df3',
[2026-08-19T04:12:21.465Z] name: 'Produzindo',
[2026-08-19T04:12:21.465Z] color: '#ff6600',
[2026-08-19T04:12:21.465Z] duration_minutes: 57,
[2026-08-19T04:12:21.465Z] created_at: '2026-01-19T22:01:03.082007+00:00'
[2026-08-19T04:12:21.465Z] },
[2026-08-19T04:12:21.465Z] {
[2026-08-19T04:12:21.465Z] id: '5e6728b1-cde5-4c8b-a296-116604eadee0',
[2026-08-19T04:12:21.465Z] user_id: '57fc7b0a-5ba0-42fb-ad0c-f15ee32c6df3',
[2026-08-19T04:12:21.465Z] name: 'Estudando',
[2026-08-19T04:12:21.465Z] color: '#002aff',
[2026-08-19T04:12:21.465Z] duration_minutes: 30,
[2026-08-19T04:12:21.465Z] created_at: '2026-01-19T22:01:03.284823+00:00'
[2026-08-19T04:12:21.465Z] },
[2026-08-19T04:12:21.465Z] {
[2026-08-19T04:12:21.465Z] id: '4ec39e04-b451-4c7a-845d-571dc624e600',
[2026-08-19T04:12:21.465Z] user_id: '57fc7b0a-5ba0-42fb-ad0c-f15ee32c6df3',
[2026-08-19T04:12:21.465Z] name: 'Conteúdos',
[2026-08-19T04:12:21.465Z] color: '#00d13f',
[2026-08-19T04:12:21.465Z] duration_minutes: 27,
[2026-08-19T04:12:21.465Z] created_at: '2026-01-19T22:01:03.486292+00:00'
[2026-08-19T04:12:21.465Z] }
[2026-08-19T04:12:21.465Z] ]
[2026-08-19T04:12:21.465Z] }
[2026-08-19T04:12:21.465Z] [API /pomodoro/get-settings] Settings response: {
[2026-08-19T04:12:21.465Z] data: {
[2026-08-19T04:12:21.465Z] id: '6729871f-4efa-4304-a753-1f7dd1859400',
[2026-08-19T04:12:21.465Z] user_id: '57fc7b0a-5ba0-42fb-ad0c-f15ee32c6df3',
[2026-08-19T04:12:21.465Z] short_break_minutes: 5,
[2026-08-19T04:12:21.465Z] long_break_minutes: 15,
[2026-08-19T04:12:21.465Z] cycles_until_long_break: 4,
[2026-08-19T04:12:21.465Z] updated_at: '2026-01-31T22:04:42.725+00:00'
[2026-08-19T04:12:21.465Z] },
[2026-08-19T04:12:21.465Z] error: undefined
[2026-08-19T04:12:21.465Z] }
[2026-08-19T04:12:21.465Z] [API /pomodoro/get-settings] Sessions response: { count: 19, error: undefined }
[2026-08-19T04:12:21.465Z] [API /pomodoro/get-settings] Returning settings with 19 sessions
[2026-08-19T04:12:21.466Z] GET /api/pomodoro/get-settings 200 in 763ms
[2026-08-19T04:13:20.957Z] [API /pomodoro/get-settings] Starting request...
[2026-08-19T04:13:21.154Z] @supabase/ssr: createServerClient was configured without the setAll cookie method, but the client needs to set cookies. This can lead to issues such as random logouts, early session termination or increased token refresh requests. If in NextJS, check your middleware.ts file, route handlers and server actions for correctness.
[2026-08-19T04:13:21.245Z] [API /pomodoro/get-settings] User authenticated: 57fc7b0a-5ba0-42fb-ad0c-f15ee32c6df3
[2026-08-19T04:13:21.499Z] [API /pomodoro/get-settings] Categories response: {
[2026-08-19T04:13:21.499Z] count: 3,
[2026-08-19T04:13:21.499Z] error: undefined,
[2026-08-19T04:13:21.499Z] data: [
[2026-08-19T04:13:21.499Z] {
[2026-08-19T04:13:21.499Z] id: '67040b77-248a-420d-8be2-5c5eca65ca8f',
[2026-08-19T04:13:21.499Z] user_id: '57fc7b0a-5ba0-42fb-ad0c-f15ee32c6df3',
[2026-08-19T04:13:21.499Z] name: 'Produzindo',
[2026-08-19T04:13:21.499Z] color: '#ff6600',
[2026-08-19T04:13:21.499Z] duration_minutes: 57,
[2026-08-19T04:13:21.499Z] created_at: '2026-01-19T22:01:03.082007+00:00'
[2026-08-19T04:13:21.499Z] },
[2026-08-19T04:13:21.499Z] {
[2026-08-19T04:13:21.499Z] id: '5e6728b1-cde5-4c8b-a296-116604eadee0',
[2026-08-19T04:13:21.499Z] user_id: '57fc7b0a-5ba0-42fb-ad0c-f15ee32c6df3',
[2026-08-19T04:13:21.499Z] name: 'Estudando',
[2026-08-19T04:13:21.499Z] color: '#002aff',
[2026-08-19T04:13:21.499Z] duration_minutes: 30,
[2026-08-19T04:13:21.499Z] created_at: '2026-01-19T22:01:03.284823+00:00'
[2026-08-19T04:13:21.499Z] },
[2026-08-19T04:13:21.499Z] {
[2026-08-19T04:13:21.499Z] id: '4ec39e04-b451-4c7a-845d-571dc624e600',
[2026-08-19T04:13:21.499Z] user_id: '57fc7b0a-5ba0-42fb-ad0c-f15ee32c6df3',
[2026-08-19T04:13:21.499Z] name: 'Conteúdos',
[2026-08-19T04:13:21.500Z] color: '#00d13f',
[2026-08-19T04:13:21.500Z] duration_minutes: 27,
[2026-08-19T04:13:21.500Z] created_at: '2026-01-19T22:01:03.486292+00:00'
[2026-08-19T04:13:21.500Z] }
[2026-08-19T04:13:21.500Z] ]
[2026-08-19T04:13:21.500Z] }
[2026-08-19T04:13:21.500Z] [API /pomodoro/get-settings] Settings response: {
[2026-08-19T04:13:21.500Z] data: {
[2026-08-19T04:13:21.500Z] id: '6729871f-4efa-4304-a753-1f7dd1859400',
[2026-08-19T04:13:21.500Z] user_id: '57fc7b0a-5ba0-42fb-ad0c-f15ee32c6df3',
[2026-08-19T04:13:21.500Z] short_break_minutes: 5,
[2026-08-19T04:13:21.500Z] long_break_minutes: 15,
[2026-08-19T04:13:21.500Z] cycles_until_long_break: 4,
[2026-08-19T04:13:21.500Z] updated_at: '2026-01-31T22:04:42.725+00:00'
[2026-08-19T04:13:21.500Z] },
[2026-08-19T04:13:21.500Z] error: undefined
[2026-08-19T04:13:21.500Z] }
[2026-08-19T04:13:21.500Z] [API /pomodoro/get-settings] Sessions response: { count: 19, error: undefined }
[2026-08-19T04:13:21.500Z] [API /pomodoro/get-settings] Returning settings with 19 sessions
[2026-08-19T04:13:21.500Z] GET /api/pomodoro/get-settings 200 in 817ms
[2026-08-19T04:14:21.944Z] [API /pomodoro/get-settings] Starting request...
[2026-08-19T04:14:22.167Z] [API /pomodoro/get-settings] User authenticated: 57fc7b0a-5ba0-42fb-ad0c-f15ee32c6df3
[2026-08-19T04:14:22.358Z] [API /pomodoro/get-settings] Categories response: {
[2026-08-19T04:14:22.358Z] count: 3,
[2026-08-19T04:14:22.358Z] error: undefined,
[2026-08-19T04:14:22.358Z] data: [
[2026-08-19T04:14:22.358Z] {
[2026-08-19T04:14:22.358Z] id: '67040b77-248a-420d-8be2-5c5eca65ca8f',
[2026-08-19T04:14:22.358Z] user_id: '57fc7b0a-5ba0-42fb-ad0c-f15ee32c6df3',
[2026-08-19T04:14:22.358Z] name: 'Produzindo',
[2026-08-19T04:14:22.358Z] color: '#ff6600',
[2026-08-19T04:14:22.358Z] duration_minutes: 57,
[2026-08-19T04:14:22.358Z] created_at: '2026-01-19T22:01:03.082007+00:00'
[2026-08-19T04:14:22.358Z] },
[2026-08-19T04:14:22.358Z] {
[2026-08-19T04:14:22.358Z] id: '5e6728b1-cde5-4c8b-a296-116604eadee0',
[2026-08-19T04:14:22.358Z] user_id: '57fc7b0a-5ba0-42fb-ad0c-f15ee32c6df3',
[2026-08-19T04:14:22.358Z] name: 'Estudando',
[2026-08-19T04:14:22.358Z] color: '#002aff',
[2026-08-19T04:14:22.358Z] duration_minutes: 30,
[2026-08-19T04:14:22.358Z] created_at: '2026-01-19T22:01:03.284823+00:00'
[2026-08-19T04:14:22.358Z] },
[2026-08-19T04:14:22.358Z] {
[2026-08-19T04:14:22.358Z] id: '4ec39e04-b451-4c7a-845d-571dc624e600',
[2026-08-19T04:14:22.358Z] user_id: '57fc7b0a-5ba0-42fb-ad0c-f15ee32c6df3',
[2026-08-19T04:14:22.358Z] name: 'Conteúdos',
[2026-08-19T04:14:22.358Z] color: '#00d13f',
[2026-08-19T04:14:22.358Z] duration_minutes: 27,
[2026-08-19T04:14:22.358Z] created_at: '2026-01-19T22:01:03.486292+00:00'
[2026-08-19T04:14:22.358Z] }
[2026-08-19T04:14:22.358Z] ]
[2026-08-19T04:14:22.358Z] }
[2026-08-19T04:14:22.358Z] [API /pomodoro/get-settings] Settings response: {
[2026-08-19T04:14:22.358Z] data: {
[2026-08-19T04:14:22.358Z] id: '6729871f-4efa-4304-a753-1f7dd1859400',
[2026-08-19T04:14:22.358Z] user_id: '57fc7b0a-5ba0-42fb-ad0c-f15ee32c6df3',
[2026-08-19T04:14:22.358Z] short_break_minutes: 5,
[2026-08-19T04:14:22.358Z] long_break_minutes: 15,
[2026-08-19T04:14:22.358Z] cycles_until_long_break: 4,
[2026-08-19T04:14:22.358Z] updated_at: '2026-01-31T22:04:42.725+00:00'
[2026-08-19T04:14:22.358Z] },
[2026-08-19T04:14:22.358Z] error: undefined
[2026-08-19T04:14:22.358Z] }
[2026-08-19T04:14:22.358Z] [API /pomodoro/get-settings] Sessions response: { count: 19, error: undefined }
[2026-08-19T04:14:22.358Z] [API /pomodoro/get-settings] Returning settings with 19 sessions
[2026-08-19T04:14:22.359Z] GET /api/pomodoro/get-settings 200 in 678ms
[2026-08-19T04:15:21.944Z] [API /pomodoro/get-settings] Starting request...
[2026-08-19T04:15:22.263Z] [API /pomodoro/get-settings] User authenticated: 57fc7b0a-5ba0-42fb-ad0c-f15ee32c6df3
[2026-08-19T04:15:22.466Z] [API /pomodoro/get-settings] Categories response: {
[2026-08-19T04:15:22.466Z] count: 3,
[2026-08-19T04:15:22.466Z] error: undefined,
[2026-08-19T04:15:22.466Z] data: [
[2026-08-19T04:15:22.466Z] {
[2026-08-19T04:15:22.466Z] id: '67040b77-248a-420d-8be2-5c5eca65ca8f',
[2026-08-19T04:15:22.466Z] user_id: '57fc7b0a-5ba0-42fb-ad0c-f15ee32c6df3',
[2026-08-19T04:15:22.466Z] name: 'Produzindo',
[2026-08-19T04:15:22.467Z] color: '#ff6600',
[2026-08-19T04:15:22.467Z] duration_minutes: 57,
[2026-08-19T04:15:22.467Z] created_at: '2026-01-19T22:01:03.082007+00:00'
[2026-08-19T04:15:22.467Z] },
[2026-08-19T04:15:22.467Z] {
[2026-08-19T04:15:22.467Z] id: '5e6728b1-cde5-4c8b-a296-116604eadee0',
[2026-08-19T04:15:22.467Z] user_id: '57fc7b0a-5ba0-42fb-ad0c-f15ee32c6df3',
[2026-08-19T04:15:22.467Z] name: 'Estudando',
[2026-08-19T04:15:22.467Z] color: '#002aff',
[2026-08-19T04:15:22.467Z] duration_minutes: 30,
[2026-08-19T04:15:22.467Z] created_at: '2026-01-19T22:01:03.284823+00:00'
[2026-08-19T04:15:22.467Z] },
[2026-08-19T04:15:22.467Z] {
[2026-08-19T04:15:22.467Z] id: '4ec39e04-b451-4c7a-845d-571dc624e600',
[2026-08-19T04:15:22.467Z] user_id: '57fc7b0a-5ba0-42fb-ad0c-f15ee32c6df3',
[2026-08-19T04:15:22.467Z] name: 'Conteúdos',
[2026-08-19T04:15:22.467Z] color: '#00d13f',
[2026-08-19T04:15:22.467Z] duration_minutes: 27,
[2026-08-19T04:15:22.467Z] created_at: '2026-01-19T22:01:03.486292+00:00'
[2026-08-19T04:15:22.467Z] }
[2026-08-19T04:15:22.467Z] ]
[2026-08-19T04:15:22.467Z] }
[2026-08-19T04:15:22.467Z] [API /pomodoro/get-settings] Settings response: {
[2026-08-19T04:15:22.467Z] data: {
[2026-08-19T04:15:22.467Z] id: '6729871f-4efa-4304-a753-1f7dd1859400',
[2026-08-19T04:15:22.467Z] user_id: '57fc7b0a-5ba0-42fb-ad0c-f15ee32c6df3',
[2026-08-19T04:15:22.467Z] short_break_minutes: 5,
[2026-08-19T04:15:22.467Z] long_break_minutes: 15,
[2026-08-19T04:15:22.467Z] cycles_until_long_break: 4,
[2026-08-19T04:15:22.467Z] updated_at: '2026-01-31T22:04:42.725+00:00'
[2026-08-19T04:15:22.467Z] },
[2026-08-19T04:15:22.467Z] error: undefined
[2026-08-19T04:15:22.467Z] }
[2026-08-19T04:15:22.467Z] [API /pomodoro/get-settings] Sessions response: { count: 19, error: undefined }
[2026-08-19T04:15:22.467Z] [API /pomodoro/get-settings] Returning settings with 19 sessions
[2026-08-19T04:15:22.468Z] GET /api/pomodoro/get-settings 200 in 782ms
[2026-08-19T04:16:21.970Z] [API /pomodoro/get-settings] Starting request...
[2026-08-19T04:16:22.172Z] [API /pomodoro/get-settings] User authenticated: 57fc7b0a-5ba0-42fb-ad0c-f15ee32c6df3
[2026-08-19T04:16:22.365Z] [API /pomodoro/get-settings] Categories response: {
[2026-08-19T04:16:22.365Z] count: 3,
[2026-08-19T04:16:22.365Z] error: undefined,
[2026-08-19T04:16:22.365Z] data: [
[2026-08-19T04:16:22.365Z] {
[2026-08-19T04:16:22.365Z] id: '67040b77-248a-420d-8be2-5c5eca65ca8f',
[2026-08-19T04:16:22.365Z] user_id: '57fc7b0a-5ba0-42fb-ad0c-f15ee32c6df3',
[2026-08-19T04:16:22.365Z] name: 'Produzindo',
[2026-08-19T04:16:22.365Z] color: '#ff6600',
[2026-08-19T04:16:22.365Z] duration_minutes: 57,
[2026-08-19T04:16:22.365Z] created_at: '2026-01-19T22:01:03.082007+00:00'
[2026-08-19T04:16:22.365Z] },
[2026-08-19T04:16:22.365Z] {
[2026-08-19T04:16:22.365Z] id: '5e6728b1-cde5-4c8b-a296-116604eadee0',
[2026-08-19T04:16:22.365Z] user_id: '57fc7b0a-5ba0-42fb-ad0c-f15ee32c6df3',
[2026-08-19T04:16:22.365Z] name: 'Estudando',
[2026-08-19T04:16:22.365Z] color: '#002aff',
[2026-08-19T04:16:22.365Z] duration_minutes: 30,
[2026-08-19T04:16:22.365Z] created_at: '2026-01-19T22:01:03.284823+00:00'
[2026-08-19T04:16:22.365Z] },
[2026-08-19T04:16:22.365Z] {
[2026-08-19T04:16:22.365Z] id: '4ec39e04-b451-4c7a-845d-571dc624e600',
[2026-08-19T04:16:22.365Z] user_id: '57fc7b0a-5ba0-42fb-ad0c-f15ee32c6df3',
[2026-08-19T04:16:22.365Z] name: 'Conteúdos',
[2026-08-19T04:16:22.365Z] color: '#00d13f',
[2026-08-19T04:16:22.365Z] duration_minutes: 27,
[2026-08-19T04:16:22.365Z] created_at: '2026-01-19T22:01:03.486292+00:00'
[2026-08-19T04:16:22.365Z] }
[2026-08-19T04:16:22.365Z] ]
[2026-08-19T04:16:22.365Z] }
[2026-08-19T04:16:22.365Z] [API /pomodoro/get-settings] Settings response: {
[2026-08-19T04:16:22.365Z] data: {
[2026-08-19T04:16:22.365Z] id: '6729871f-4efa-4304-a753-1f7dd1859400',
[2026-08-19T04:16:22.365Z] user_id: '57fc7b0a-5ba0-42fb-ad0c-f15ee32c6df3',
[2026-08-19T04:16:22.365Z] short_break_minutes: 5,
[2026-08-19T04:16:22.365Z] long_break_minutes: 15,
[2026-08-19T04:16:22.365Z] cycles_until_long_break: 4,
[2026-08-19T04:16:22.365Z] updated_at: '2026-01-31T22:04:42.725+00:00'
[2026-08-19T04:16:22.365Z] },
[2026-08-19T04:16:22.365Z] error: undefined
[2026-08-19T04:16:22.365Z] }
[2026-08-19T04:16:22.365Z] [API /pomodoro/get-settings] Sessions response: { count: 19, error: undefined }
[2026-08-19T04:16:22.365Z] [API /pomodoro/get-settings] Returning settings with 19 sessions
[2026-08-19T04:16:22.366Z] GET /api/pomodoro/get-settings 200 in 671ms
[2026-08-19T04:17:21.990Z] [API /pomodoro/get-settings] Starting request...
[2026-08-19T04:17:22.166Z] [API /pomodoro/get-settings] User authenticated: 57fc7b0a-5ba0-42fb-ad0c-f15ee32c6df3
[2026-08-19T04:17:22.405Z] [API /pomodoro/get-settings] Categories response: {
[2026-08-19T04:17:22.405Z] count: 3,
[2026-08-19T04:17:22.405Z] error: undefined,
[2026-08-19T04:17:22.405Z] data: [
[2026-08-19T04:17:22.405Z] {
[2026-08-19T04:17:22.405Z] id: '67040b77-248a-420d-8be2-5c5eca65ca8f',
[2026-08-19T04:17:22.405Z] user_id: '57fc7b0a-5ba0-42fb-ad0c-f15ee32c6df3',
[2026-08-19T04:17:22.405Z] name: 'Produzindo',
[2026-08-19T04:17:22.405Z] color: '#ff6600',
[2026-08-19T04:17:22.406Z] duration_minutes: 57,
[2026-08-19T04:17:22.406Z] created_at: '2026-01-19T22:01:03.082007+00:00'
[2026-08-19T04:17:22.406Z] },
[2026-08-19T04:17:22.406Z] {
[2026-08-19T04:17:22.406Z] id: '5e6728b1-cde5-4c8b-a296-116604eadee0',
[2026-08-19T04:17:22.406Z] user_id: '57fc7b0a-5ba0-42fb-ad0c-f15ee32c6df3',
[2026-08-19T04:17:22.406Z] name: 'Estudando',
[2026-08-19T04:17:22.406Z] color: '#002aff',
[2026-08-19T04:17:22.406Z] duration_minutes: 30,
[2026-08-19T04:17:22.406Z] created_at: '2026-01-19T22:01:03.284823+00:00'
[2026-08-19T04:17:22.406Z] },
[2026-08-19T04:17:22.406Z] {
[2026-08-19T04:17:22.406Z] id: '4ec39e04-b451-4c7a-845d-571dc624e600',
[2026-08-19T04:17:22.406Z] user_id: '57fc7b0a-5ba0-42fb-ad0c-f15ee32c6df3',
[2026-08-19T04:17:22.406Z] name: 'Conteúdos',
[2026-08-19T04:17:22.406Z] color: '#00d13f',
[2026-08-19T04:17:22.406Z] duration_minutes: 27,
[2026-08-19T04:17:22.406Z] created_at: '2026-01-19T22:01:03.486292+00:00'
[2026-08-19T04:17:22.406Z] }
[2026-08-19T04:17:22.406Z] ]
[2026-08-19T04:17:22.406Z] }
[2026-08-19T04:17:22.406Z] [API /pomodoro/get-settings] Settings response: {
[2026-08-19T04:17:22.406Z] data: {
[2026-08-19T04:17:22.406Z] id: '6729871f-4efa-4304-a753-1f7dd1859400',
[2026-08-19T04:17:22.406Z] user_id: '57fc7b0a-5ba0-42fb-ad0c-f15ee32c6df3',
[2026-08-19T04:17:22.406Z] short_break_minutes: 5,
[2026-08-19T04:17:22.406Z] long_break_minutes: 15,
[2026-08-19T04:17:22.406Z] cycles_until_long_break: 4,
[2026-08-19T04:17:22.406Z] updated_at: '2026-01-31T22:04:42.725+00:00'
[2026-08-19T04:17:22.406Z] },
[2026-08-19T04:17:22.406Z] error: undefined
[2026-08-19T04:17:22.406Z] }
[2026-08-19T04:17:22.406Z] [API /pomodoro/get-settings] Sessions response: { count: 19, error: undefined }
[2026-08-19T04:17:22.406Z] [API /pomodoro/get-settings] Returning settings with 19 sessions
[2026-08-19T04:17:22.407Z] GET /api/pomodoro/get-settings 200 in 683ms
[2026-08-19T04:18:21.959Z] [API /pomodoro/get-settings] Starting request...
[2026-08-19T04:18:22.168Z] [API /pomodoro/get-settings] User authenticated: 57fc7b0a-5ba0-42fb-ad0c-f15ee32c6df3
[2026-08-19T04:18:22.385Z] [API /pomodoro/get-settings] Categories response: {
[2026-08-19T04:18:22.385Z] count: 3,
[2026-08-19T04:18:22.385Z] error: undefined,
[2026-08-19T04:18:22.385Z] data: [
[2026-08-19T04:18:22.385Z] {
[2026-08-19T04:18:22.385Z] id: '67040b77-248a-420d-8be2-5c5eca65ca8f',
[2026-08-19T04:18:22.385Z] user_id: '57fc7b0a-5ba0-42fb-ad0c-f15ee32c6df3',
[2026-08-19T04:18:22.385Z] name: 'Produzindo',
[2026-08-19T04:18:22.385Z] color: '#ff6600',
[2026-08-19T04:18:22.385Z] duration_minutes: 57,
[2026-08-19T04:18:22.385Z] created_at: '2026-01-19T22:01:03.082007+00:00'
[2026-08-19T04:18:22.385Z] },
[2026-08-19T04:18:22.385Z] {
[2026-08-19T04:18:22.385Z] id: '5e6728b1-cde5-4c8b-a296-116604eadee0',
[2026-08-19T04:18:22.385Z] user_id: '57fc7b0a-5ba0-42fb-ad0c-f15ee32c6df3',
[2026-08-19T04:18:22.385Z] name: 'Estudando',
[2026-08-19T04:18:22.385Z] color: '#002aff',
[2026-08-19T04:18:22.386Z] duration_minutes: 30,
[2026-08-19T04:18:22.386Z] created_at: '2026-01-19T22:01:03.284823+00:00'
[2026-08-19T04:18:22.386Z] },
[2026-08-19T04:18:22.386Z] {
[2026-08-19T04:18:22.386Z] id: '4ec39e04-b451-4c7a-845d-571dc624e600',
[2026-08-19T04:18:22.386Z] user_id: '57fc7b0a-5ba0-42fb-ad0c-f15ee32c6df3',
[2026-08-19T04:18:22.386Z] name: 'Conteúdos',
[2026-08-19T04:18:22.386Z] color: '#00d13f',
[2026-08-19T04:18:22.386Z] duration_minutes: 27,
[2026-08-19T04:18:22.386Z] created_at: '2026-01-19T22:01:03.486292+00:00'
[2026-08-19T04:18:22.386Z] }
[2026-08-19T04:18:22.386Z] ]
[2026-08-19T04:18:22.386Z] }
[2026-08-19T04:18:22.386Z] [API /pomodoro/get-settings] Settings response: {
[2026-08-19T04:18:22.386Z] data: {
[2026-08-19T04:18:22.386Z] id: '6729871f-4efa-4304-a753-1f7dd1859400',
[2026-08-19T04:18:22.386Z] user_id: '57fc7b0a-5ba0-42fb-ad0c-f15ee32c6df3',
[2026-08-19T04:18:22.386Z] short_break_minutes: 5,
[2026-08-19T04:18:22.386Z] long_break_minutes: 15,
[2026-08-19T04:18:22.386Z] cycles_until_long_break: 4,
[2026-08-19T04:18:22.386Z] updated_at: '2026-01-31T22:04:42.725+00:00'
[2026-08-19T04:18:22.386Z] },
[2026-08-19T04:18:22.386Z] error: undefined
[2026-08-19T04:18:22.386Z] }
[2026-08-19T04:18:22.386Z] [API /pomodoro/get-settings] Sessions response: { count: 19, error: undefined }
[2026-08-19T04:18:22.386Z] [API /pomodoro/get-settings] Returning settings with 19 sessions
[2026-08-19T04:18:22.387Z] GET /api/pomodoro/get-settings 200 in 701ms
[2026-08-19T04:19:21.951Z] [API /pomodoro/get-settings] Starting request...
[2026-08-19T04:19:22.131Z] [API /pomodoro/get-settings] User authenticated: 57fc7b0a-5ba0-42fb-ad0c-f15ee32c6df3
[2026-08-19T04:19:22.334Z] [API /pomodoro/get-settings] Categories response: {
[2026-08-19T04:19:22.334Z] count: 3,
[2026-08-19T04:19:22.334Z] error: undefined,
[2026-08-19T04:19:22.334Z] data: [
[2026-08-19T04:19:22.334Z] {
[2026-08-19T04:19:22.334Z] id: '67040b77-248a-420d-8be2-5c5eca65ca8f',
[2026-08-19T04:19:22.334Z] user_id: '57fc7b0a-5ba0-42fb-ad0c-f15ee32c6df3',
[2026-08-19T04:19:22.334Z] name: 'Produzindo',
[2026-08-19T04:19:22.334Z] color: '#ff6600',
[2026-08-19T04:19:22.334Z] duration_minutes: 57,
[2026-08-19T04:19:22.334Z] created_at: '2026-01-19T22:01:03.082007+00:00'
[2026-08-19T04:19:22.334Z] },
[2026-08-19T04:19:22.334Z] {
[2026-08-19T04:19:22.334Z] id: '5e6728b1-cde5-4c8b-a296-116604eadee0',
[2026-08-19T04:19:22.334Z] user_id: '57fc7b0a-5ba0-42fb-ad0c-f15ee32c6df3',
[2026-08-19T04:19:22.335Z] name: 'Estudando',
[2026-08-19T04:19:22.335Z] color: '#002aff',
[2026-08-19T04:19:22.335Z] duration_minutes: 30,
[2026-08-19T04:19:22.335Z] created_at: '2026-01-19T22:01:03.284823+00:00'
[2026-08-19T04:19:22.335Z] },
[2026-08-19T04:19:22.335Z] {
[2026-08-19T04:19:22.335Z] id: '4ec39e04-b451-4c7a-845d-571dc624e600',
[2026-08-19T04:19:22.335Z] user_id: '57fc7b0a-5ba0-42fb-ad0c-f15ee32c6df3',
[2026-08-19T04:19:22.335Z] name: 'Conteúdos',
[2026-08-19T04:19:22.335Z] color: '#00d13f',
[2026-08-19T04:19:22.335Z] duration_minutes: 27,
[2026-08-19T04:19:22.335Z] created_at: '2026-01-19T22:01:03.486292+00:00'
[2026-08-19T04:19:22.335Z] }
[2026-08-19T04:19:22.335Z] ]
[2026-08-19T04:19:22.335Z] }
[2026-08-19T04:19:22.335Z] [API /pomodoro/get-settings] Settings response: {
[2026-08-19T04:19:22.335Z] data: {
[2026-08-19T04:19:22.335Z] id: '6729871f-4efa-4304-a753-1f7dd1859400',
[2026-08-19T04:19:22.335Z] user_id: '57fc7b0a-5ba0-42fb-ad0c-f15ee32c6df3',
[2026-08-19T04:19:22.335Z] short_break_minutes: 5,
[2026-08-19T04:19:22.335Z] long_break_minutes: 15,
[2026-08-19T04:19:22.335Z] cycles_until_long_break: 4,
[2026-08-19T04:19:22.335Z] updated_at: '2026-01-31T22:04:42.725+00:00'
[2026-08-19T04:19:22.335Z] },
[2026-08-19T04:19:22.335Z] error: undefined
[2026-08-19T04:19:22.335Z] }
[2026-08-19T04:19:22.335Z] [API /pomodoro/get-settings] Sessions response: { count: 19, error: undefined }
[2026-08-19T04:19:22.335Z] [API /pomodoro/get-settings] Returning settings with 19 sessions
[2026-08-19T04:19:22.335Z] GET /api/pomodoro/get-settings 200 in 658ms
[2026-08-19T04:20:54.968Z] [API /pomodoro/get-settings] Starting request...
[2026-08-19T04:20:55.268Z] [API /pomodoro/get-settings] User authenticated: 57fc7b0a-5ba0-42fb-ad0c-f15ee32c6df3
[2026-08-19T04:20:55.451Z] [API /pomodoro/get-settings] Categories response: {
[2026-08-19T04:20:55.451Z] count: 3,
[2026-08-19T04:20:55.451Z] error: undefined,
[2026-08-19T04:20:55.451Z] data: [
[2026-08-19T04:20:55.451Z] {
[2026-08-19T04:20:55.451Z] id: '67040b77-248a-420d-8be2-5c5eca65ca8f',
[2026-08-19T04:20:55.451Z] user_id: '57fc7b0a-5ba0-42fb-ad0c-f15ee32c6df3',
[2026-08-19T04:20:55.451Z] name: 'Produzindo',
[2026-08-19T04:20:55.451Z] color: '#ff6600',
[2026-08-19T04:20:55.451Z] duration_minutes: 57,
[2026-08-19T04:20:55.451Z] created_at: '2026-01-19T22:01:03.082007+00:00'
[2026-08-19T04:20:55.451Z] },
[2026-08-19T04:20:55.451Z] {
[2026-08-19T04:20:55.451Z] id: '5e6728b1-cde5-4c8b-a296-116604eadee0',
[2026-08-19T04:20:55.451Z] user_id: '57fc7b0a-5ba0-42fb-ad0c-f15ee32c6df3',
[2026-08-19T04:20:55.451Z] name: 'Estudando',
[2026-08-19T04:20:55.451Z] color: '#002aff',
[2026-08-19T04:20:55.451Z] duration_minutes: 30,
[2026-08-19T04:20:55.451Z] created_at: '2026-01-19T22:01:03.284823+00:00'
[2026-08-19T04:20:55.451Z] },
[2026-08-19T04:20:55.451Z] {
[2026-08-19T04:20:55.451Z] id: '4ec39e04-b451-4c7a-845d-571dc624e600',
[2026-08-19T04:20:55.451Z] user_id: '57fc7b0a-5ba0-42fb-ad0c-f15ee32c6df3',
[2026-08-19T04:20:55.451Z] name: 'Conteúdos',
[2026-08-19T04:20:55.451Z] color: '#00d13f',
[2026-08-19T04:20:55.451Z] duration_minutes: 27,
[2026-08-19T04:20:55.451Z] created_at: '2026-01-19T22:01:03.486292+00:00'
[2026-08-19T04:20:55.451Z] }
[2026-08-19T04:20:55.451Z] ]
[2026-08-19T04:20:55.451Z] }
[2026-08-19T04:20:55.451Z] [API /pomodoro/get-settings] Settings response: {
[2026-08-19T04:20:55.451Z] data: {
[2026-08-19T04:20:55.451Z] id: '6729871f-4efa-4304-a753-1f7dd1859400',
[2026-08-19T04:20:55.451Z] user_id: '57fc7b0a-5ba0-42fb-ad0c-f15ee32c6df3',
[2026-08-19T04:20:55.451Z] short_break_minutes: 5,
[2026-08-19T04:20:55.451Z] long_break_minutes: 15,
[2026-08-19T04:20:55.451Z] cycles_until_long_break: 4,
[2026-08-19T04:20:55.451Z] updated_at: '2026-01-31T22:04:42.725+00:00'
[2026-08-19T04:20:55.451Z] },
[2026-08-19T04:20:55.451Z] error: undefined
[2026-08-19T04:20:55.451Z] }
[2026-08-19T04:20:55.451Z] [API /pomodoro/get-settings] Sessions response: { count: 19, error: undefined }
[2026-08-19T04:20:55.451Z] [API /pomodoro/get-settings] Returning settings with 19 sessions
[2026-08-19T04:20:55.452Z] GET /api/pomodoro/get-settings 200 in 757ms
[2026-08-19T04:21:54.963Z] [API /pomodoro/get-settings] Starting request...
[2026-08-19T04:21:55.513Z] [API /pomodoro/get-settings] User authenticated: 57fc7b0a-5ba0-42fb-ad0c-f15ee32c6df3
[2026-08-19T04:21:55.800Z] [API /pomodoro/get-settings] Categories response: {
[2026-08-19T04:21:55.800Z] count: 3,
[2026-08-19T04:21:55.800Z] error: undefined,
[2026-08-19T04:21:55.800Z] data: [
[2026-08-19T04:21:55.800Z] {
[2026-08-19T04:21:55.800Z] id: '67040b77-248a-420d-8be2-5c5eca65ca8f',
[2026-08-19T04:21:55.800Z] user_id: '57fc7b0a-5ba0-42fb-ad0c-f15ee32c6df3',
[2026-08-19T04:21:55.800Z] name: 'Produzindo',
[2026-08-19T04:21:55.800Z] color: '#ff6600',
[2026-08-19T04:21:55.800Z] duration_minutes: 57,
[2026-08-19T04:21:55.800Z] created_at: '2026-01-19T22:01:03.082007+00:00'
[2026-08-19T04:21:55.800Z] },
[2026-08-19T04:21:55.800Z] {
[2026-08-19T04:21:55.800Z] id: '5e6728b1-cde5-4c8b-a296-116604eadee0',
[2026-08-19T04:21:55.800Z] user_id: '57fc7b0a-5ba0-42fb-ad0c-f15ee32c6df3',
[2026-08-19T04:21:55.800Z] name: 'Estudando',
[2026-08-19T04:21:55.800Z] color: '#002aff',
[2026-08-19T04:21:55.800Z] duration_minutes: 30,
[2026-08-19T04:21:55.800Z] created_at: '2026-01-19T22:01:03.284823+00:00'
[2026-08-19T04:21:55.800Z] },
[2026-08-19T04:21:55.800Z] {
[2026-08-19T04:21:55.800Z] id: '4ec39e04-b451-4c7a-845d-571dc624e600',
[2026-08-19T04:21:55.800Z] user_id: '57fc7b0a-5ba0-42fb-ad0c-f15ee32c6df3',
[2026-08-19T04:21:55.800Z] name: 'Conteúdos',
[2026-08-19T04:21:55.800Z] color: '#00d13f',
[2026-08-19T04:21:55.800Z] duration_minutes: 27,
[2026-08-19T04:21:55.800Z] created_at: '2026-01-19T22:01:03.486292+00:00'
[2026-08-19T04:21:55.800Z] }
[2026-08-19T04:21:55.800Z] ]
[2026-08-19T04:21:55.800Z] }
[2026-08-19T04:21:55.800Z] [API /pomodoro/get-settings] Settings response: {
[2026-08-19T04:21:55.800Z] data: {
[2026-08-19T04:21:55.800Z] id: '6729871f-4efa-4304-a753-1f7dd1859400',
[2026-08-19T04:21:55.800Z] user_id: '57fc7b0a-5ba0-42fb-ad0c-f15ee32c6df3',
[2026-08-19T04:21:55.800Z] short_break_minutes: 5,
[2026-08-19T04:21:55.800Z] long_break_minutes: 15,
[2026-08-19T04:21:55.800Z] cycles_until_long_break: 4,
[2026-08-19T04:21:55.800Z] updated_at: '2026-01-31T22:04:42.725+00:00'
[2026-08-19T04:21:55.800Z] },
[2026-08-19T04:21:55.800Z] error: undefined
[2026-08-19T04:21:55.800Z] }
[2026-08-19T04:21:55.800Z] [API /pomodoro/get-settings] Sessions response: { count: 19, error: undefined }
[2026-08-19T04:21:55.800Z] [API /pomodoro/get-settings] Returning settings with 19 sessions
[2026-08-19T04:21:55.801Z] GET /api/pomodoro/get-settings 200 in 1096ms
[2026-08-19T04:22:55.559Z] [API /pomodoro/get-settings] Starting request...
[2026-08-19T04:22:55.813Z] [API /pomodoro/get-settings] User authenticated: 57fc7b0a-5ba0-42fb-ad0c-f15ee32c6df3
[2026-08-19T04:22:56.031Z] [API /pomodoro/get-settings] Categories response: {
[2026-08-19T04:22:56.031Z] count: 3,
[2026-08-19T04:22:56.031Z] error: undefined,
[2026-08-19T04:22:56.031Z] data: [
[2026-08-19T04:22:56.031Z] {
[2026-08-19T04:22:56.031Z] id: '67040b77-248a-420d-8be2-5c5eca65ca8f',
[2026-08-19T04:22:56.031Z] user_id: '57fc7b0a-5ba0-42fb-ad0c-f15ee32c6df3',
[2026-08-19T04:22:56.031Z] name: 'Produzindo',
[2026-08-19T04:22:56.031Z] color: '#ff6600',
[2026-08-19T04:22:56.031Z] duration_minutes: 57,
[2026-08-19T04:22:56.031Z] created_at: '2026-01-19T22:01:03.082007+00:00'
[2026-08-19T04:22:56.031Z] },
[2026-08-19T04:22:56.031Z] {
[2026-08-19T04:22:56.031Z] id: '5e6728b1-cde5-4c8b-a296-116604eadee0',
[2026-08-19T04:22:56.031Z] user_id: '57fc7b0a-5ba0-42fb-ad0c-f15ee32c6df3',
[2026-08-19T04:22:56.031Z] name: 'Estudando',
[2026-08-19T04:22:56.031Z] color: '#002aff',
[2026-08-19T04:22:56.031Z] duration_minutes: 30,
[2026-08-19T04:22:56.031Z] created_at: '2026-01-19T22:01:03.284823+00:00'
[2026-08-19T04:22:56.031Z] },
[2026-08-19T04:22:56.031Z] {
[2026-08-19T04:22:56.031Z] id: '4ec39e04-b451-4c7a-845d-571dc624e600',
[2026-08-19T04:22:56.031Z] user_id: '57fc7b0a-5ba0-42fb-ad0c-f15ee32c6df3',
[2026-08-19T04:22:56.031Z] name: 'Conteúdos',
[2026-08-19T04:22:56.031Z] color: '#00d13f',
[2026-08-19T04:22:56.031Z] duration_minutes: 27,
[2026-08-19T04:22:56.031Z] created_at: '2026-01-19T22:01:03.486292+00:00'
[2026-08-19T04:22:56.031Z] }
[2026-08-19T04:22:56.031Z] ]
[2026-08-19T04:22:56.031Z] }
[2026-08-19T04:22:56.031Z] [API /pomodoro/get-settings] Settings response: {
[2026-08-19T04:22:56.031Z] data: {
[2026-08-19T04:22:56.031Z] id: '6729871f-4efa-4304-a753-1f7dd1859400',
[2026-08-19T04:22:56.031Z] user_id: '57fc7b0a-5ba0-42fb-ad0c-f15ee32c6df3',
[2026-08-19T04:22:56.031Z] short_break_minutes: 5,
[2026-08-19T04:22:56.031Z] long_break_minutes: 15,
[2026-08-19T04:22:56.031Z] cycles_until_long_break: 4,
[2026-08-19T04:22:56.031Z] updated_at: '2026-01-31T22:04:42.725+00:00'
[2026-08-19T04:22:56.031Z] },
[2026-08-19T04:22:56.031Z] error: undefined
[2026-08-19T04:22:56.031Z] }
[2026-08-19T04:22:56.031Z] [API /pomodoro/get-settings] Sessions response: { count: 19, error: undefined }
[2026-08-19T04:22:56.031Z] [API /pomodoro/get-settings] Returning settings with 19 sessions
[2026-08-19T04:22:56.033Z] GET /api/pomodoro/get-settings 200 in 744ms
[2026-08-19T04:28:31.867Z] [API /pomodoro/get-settings] Starting request...
[2026-08-19T04:28:32.113Z] [API /pomodoro/get-settings] User authenticated: 57fc7b0a-5ba0-42fb-ad0c-f15ee32c6df3
[2026-08-19T04:28:32.373Z] [API /pomodoro/get-settings] Categories response: {
[2026-08-19T04:28:32.374Z] count: 3,
[2026-08-19T04:28:32.374Z] error: undefined,
[2026-08-19T04:28:32.374Z] data: [
[2026-08-19T04:28:32.374Z] {
[2026-08-19T04:28:32.374Z] id: '67040b77-248a-420d-8be2-5c5eca65ca8f',
[2026-08-19T04:28:32.374Z] user_id: '57fc7b0a-5ba0-42fb-ad0c-f15ee32c6df3',
[2026-08-19T04:28:32.374Z] name: 'Produzindo',
[2026-08-19T04:28:32.374Z] color: '#ff6600',
[2026-08-19T04:28:32.374Z] duration_minutes: 57,
[2026-08-19T04:28:32.374Z] created_at: '2026-01-19T22:01:03.082007+00:00'
[2026-08-19T04:28:32.374Z] },
[2026-08-19T04:28:32.374Z] {
[2026-08-19T04:28:32.374Z] id: '5e6728b1-cde5-4c8b-a296-116604eadee0',
[2026-08-19T04:28:32.374Z] user_id: '57fc7b0a-5ba0-42fb-ad0c-f15ee32c6df3',
[2026-08-19T04:28:32.374Z] name: 'Estudando',
[2026-08-19T04:28:32.374Z] color: '#002aff',
[2026-08-19T04:28:32.374Z] duration_minutes: 30,
[2026-08-19T04:28:32.374Z] created_at: '2026-01-19T22:01:03.284823+00:00'
[2026-08-19T04:28:32.374Z] },
[2026-08-19T04:28:32.374Z] {
[2026-08-19T04:28:32.374Z] id: '4ec39e04-b451-4c7a-845d-571dc624e600',
[2026-08-19T04:28:32.374Z] user_id: '57fc7b0a-5ba0-42fb-ad0c-f15ee32c6df3',
[2026-08-19T04:28:32.374Z] name: 'Conteúdos',
[2026-08-19T04:28:32.374Z] color: '#00d13f',
[2026-08-19T04:28:32.374Z] duration_minutes: 27,
[2026-08-19T04:28:32.374Z] created_at: '2026-01-19T22:01:03.486292+00:00'
[2026-08-19T04:28:32.374Z] }
[2026-08-19T04:28:32.374Z] ]
[2026-08-19T04:28:32.374Z] }
[2026-08-19T04:28:32.374Z] [API /pomodoro/get-settings] Settings response: {
[2026-08-19T04:28:32.374Z] data: {
[2026-08-19T04:28:32.374Z] id: '6729871f-4efa-4304-a753-1f7dd1859400',
[2026-08-19T04:28:32.374Z] user_id: '57fc7b0a-5ba0-42fb-ad0c-f15ee32c6df3',
[2026-08-19T04:28:32.374Z] short_break_minutes: 5,
[2026-08-19T04:28:32.374Z] long_break_minutes: 15,
[2026-08-19T04:28:32.374Z] cycles_until_long_break: 4,
[2026-08-19T04:28:32.374Z] updated_at: '2026-01-31T22:04:42.725+00:00'
[2026-08-19T04:28:32.374Z] },
[2026-08-19T04:28:32.374Z] error: undefined
[2026-08-19T04:28:32.374Z] }
[2026-08-19T04:28:32.374Z] [API /pomodoro/get-settings] Sessions response: { count: 19, error: undefined }
[2026-08-19T04:28:32.374Z] [API /pomodoro/get-settings] Returning settings with 19 sessions
[2026-08-19T04:28:32.375Z] GET /api/pomodoro/get-settings 200 in 781ms
[2026-08-19T05:00:56.182Z] [API /pomodoro/get-settings] Starting request...
[2026-08-19T05:00:56.602Z] [API /pomodoro/get-settings] User authenticated: 57fc7b0a-5ba0-42fb-ad0c-f15ee32c6df3
[2026-08-19T05:00:56.862Z] [API /pomodoro/get-settings] Categories response: {
[2026-08-19T05:00:56.862Z] count: 3,
[2026-08-19T05:00:56.862Z] error: undefined,
[2026-08-19T05:00:56.862Z] data: [
[2026-08-19T05:00:56.862Z] {
[2026-08-19T05:00:56.862Z] id: '67040b77-248a-420d-8be2-5c5eca65ca8f',
[2026-08-19T05:00:56.862Z] user_id: '57fc7b0a-5ba0-42fb-ad0c-f15ee32c6df3',
[2026-08-19T05:00:56.862Z] name: 'Produzindo',
[2026-08-19T05:00:56.862Z] color: '#ff6600',
[2026-08-19T05:00:56.862Z] duration_minutes: 57,
[2026-08-19T05:00:56.862Z] created_at: '2026-01-19T22:01:03.082007+00:00'
[2026-08-19T05:00:56.862Z] },
[2026-08-19T05:00:56.862Z] {
[2026-08-19T05:00:56.862Z] id: '5e6728b1-cde5-4c8b-a296-116604eadee0',
[2026-08-19T05:00:56.862Z] user_id: '57fc7b0a-5ba0-42fb-ad0c-f15ee32c6df3',
[2026-08-19T05:00:56.862Z] name: 'Estudando',
[2026-08-19T05:00:56.862Z] color: '#002aff',
[2026-08-19T05:00:56.862Z] duration_minutes: 30,
[2026-08-19T05:00:56.862Z] created_at: '2026-01-19T22:01:03.284823+00:00'
[2026-08-19T05:00:56.862Z] },
[2026-08-19T05:00:56.862Z] {
[2026-08-19T05:00:56.862Z] id: '4ec39e04-b451-4c7a-845d-571dc624e600',
[2026-08-19T05:00:56.862Z] user_id: '57fc7b0a-5ba0-42fb-ad0c-f15ee32c6df3',
[2026-08-19T05:00:56.862Z] name: 'Conteúdos',
[2026-08-19T05:00:56.862Z] color: '#00d13f',
[2026-08-19T05:00:56.862Z] duration_minutes: 27,
[2026-08-19T05:00:56.862Z] created_at: '2026-01-19T22:01:03.486292+00:00'
[2026-08-19T05:00:56.862Z] }
[2026-08-19T05:00:56.862Z] ]
[2026-08-19T05:00:56.862Z] }
[2026-08-19T05:00:56.862Z] [API /pomodoro/get-settings] Settings response: {
[2026-08-19T05:00:56.862Z] data: {
[2026-08-19T05:00:56.862Z] id: '6729871f-4efa-4304-a753-1f7dd1859400',
[2026-08-19T05:00:56.862Z] user_id: '57fc7b0a-5ba0-42fb-ad0c-f15ee32c6df3',
[2026-08-19T05:00:56.862Z] short_break_minutes: 5,
[2026-08-19T05:00:56.862Z] long_break_minutes: 15,
[2026-08-19T05:00:56.862Z] cycles_until_long_break: 4,
[2026-08-19T05:00:56.863Z] updated_at: '2026-01-31T22:04:42.725+00:00'
[2026-08-19T05:00:56.863Z] },
[2026-08-19T05:00:56.863Z] error: undefined
[2026-08-19T05:00:56.863Z] }
[2026-08-19T05:00:56.863Z] [API /pomodoro/get-settings] Sessions response: { count: 19, error: undefined }
[2026-08-19T05:00:56.863Z] [API /pomodoro/get-settings] Returning settings with 19 sessions
[2026-08-19T05:00:56.865Z] GET /api/pomodoro/get-settings 200 in 957ms
[2026-08-19T05:17:21.044Z] [API /pomodoro/get-settings] Starting request...
[2026-08-19T05:17:21.479Z] @supabase/ssr: createServerClient was configured without the setAll cookie method, but the client needs to set cookies. This can lead to issues such as random logouts, early session termination or increased token refresh requests. If in NextJS, check your middleware.ts file, route handlers and server actions for correctness.
[2026-08-19T05:17:21.558Z] [API /pomodoro/get-settings] User authenticated: 57fc7b0a-5ba0-42fb-ad0c-f15ee32c6df3
[2026-08-19T05:17:22.146Z] [API /pomodoro/get-settings] Categories response: {
[2026-08-19T05:17:22.146Z] count: 3,
[2026-08-19T05:17:22.146Z] error: undefined,
[2026-08-19T05:17:22.146Z] data: [
[2026-08-19T05:17:22.146Z] {
[2026-08-19T05:17:22.146Z] id: '67040b77-248a-420d-8be2-5c5eca65ca8f',
[2026-08-19T05:17:22.146Z] user_id: '57fc7b0a-5ba0-42fb-ad0c-f15ee32c6df3',
[2026-08-19T05:17:22.147Z] name: 'Produzindo',
[2026-08-19T05:17:22.147Z] color: '#ff6600',
[2026-08-19T05:17:22.147Z] duration_minutes: 57,
[2026-08-19T05:17:22.147Z] created_at: '2026-01-19T22:01:03.082007+00:00'
[2026-08-19T05:17:22.147Z] },
[2026-08-19T05:17:22.147Z] {
[2026-08-19T05:17:22.147Z] id: '5e6728b1-cde5-4c8b-a296-116604eadee0',
[2026-08-19T05:17:22.147Z] user_id: '57fc7b0a-5ba0-42fb-ad0c-f15ee32c6df3',
[2026-08-19T05:17:22.147Z] name: 'Estudando',
[2026-08-19T05:17:22.147Z] color: '#002aff',
[2026-08-19T05:17:22.147Z] duration_minutes: 30,
[2026-08-19T05:17:22.147Z] created_at: '2026-01-19T22:01:03.284823+00:00'
[2026-08-19T05:17:22.147Z] },
[2026-08-19T05:17:22.147Z] {
[2026-08-19T05:17:22.147Z] id: '4ec39e04-b451-4c7a-845d-571dc624e600',
[2026-08-19T05:17:22.147Z] user_id: '57fc7b0a-5ba0-42fb-ad0c-f15ee32c6df3',
[2026-08-19T05:17:22.147Z] name: 'Conteúdos',
[2026-08-19T05:17:22.147Z] color: '#00d13f',
[2026-08-19T05:17:22.147Z] duration_minutes: 27,
[2026-08-19T05:17:22.147Z] created_at: '2026-01-19T22:01:03.486292+00:00'
[2026-08-19T05:17:22.147Z] }
[2026-08-19T05:17:22.147Z] ]
[2026-08-19T05:17:22.147Z] }
[2026-08-19T05:17:22.147Z] [API /pomodoro/get-settings] Settings response: {
[2026-08-19T05:17:22.147Z] data: {
[2026-08-19T05:17:22.147Z] id: '6729871f-4efa-4304-a753-1f7dd1859400',
[2026-08-19T05:17:22.147Z] user_id: '57fc7b0a-5ba0-42fb-ad0c-f15ee32c6df3',
[2026-08-19T05:17:22.147Z] short_break_minutes: 5,
[2026-08-19T05:17:22.147Z] long_break_minutes: 15,
[2026-08-19T05:17:22.147Z] cycles_until_long_break: 4,
[2026-08-19T05:17:22.147Z] updated_at: '2026-01-31T22:04:42.725+00:00'
[2026-08-19T05:17:22.147Z] },
[2026-08-19T05:17:22.148Z] error: undefined
[2026-08-19T05:17:22.148Z] }
[2026-08-19T05:17:22.148Z] [API /pomodoro/get-settings] Sessions response: { count: 19, error: undefined }
[2026-08-19T05:17:22.148Z] [API /pomodoro/get-settings] Returning settings with 19 sessions
[2026-08-19T05:17:22.148Z] GET /api/pomodoro/get-settings 200 in 1382ms
[2026-08-19T15:52:58.078Z] Starting dev server with command: pnpm run dev
[2026-08-19T15:52:58.784Z] $ next dev --turbopack
[2026-08-19T15:53:02.549Z] ▲ Next.js 15.5.7 (Turbopack)
[2026-08-19T15:53:02.550Z] - Local:        http://localhost:3000
[2026-08-19T15:53:02.550Z] - Network:      http://169.254.0.21:3000
[2026-08-19T15:53:02.550Z] ✓ Starting...
[2026-08-19T15:53:03.800Z] ✓ Ready in 1727ms
[2026-08-19T15:53:04.316Z] ○ Compiling / ...
[2026-08-19T15:53:12.887Z] ✓ Compiled / in 9.1s
[2026-08-19T15:53:13.756Z] [PomodoroTimer] Initial categoryDurations from settings: { produtividade: 25, estudos: 50, descanso: 15 }
[2026-08-19T15:53:13.819Z] HEAD /?from_webdev=1 200 in 4281ms
[2026-08-19T15:53:13.898Z] [PomodoroTimer] Initial categoryDurations from settings: { produtividade: 25, estudos: 50, descanso: 15 }
[2026-08-19T15:53:13.964Z] [PomodoroTimer] Initial categoryDurations from settings: { produtividade: 25, estudos: 50, descanso: 15 }
[2026-08-19T15:53:13.996Z] HEAD /?from_webdev=1 200 in 10183ms
[2026-08-19T15:53:14.072Z] [PomodoroTimer] Initial categoryDurations from settings: { produtividade: 25, estudos: 50, descanso: 15 }
[2026-08-19T15:53:14.103Z] HEAD /?from_webdev=1 200 in 9560ms
[2026-08-19T15:53:14.131Z] [PomodoroTimer] Initial categoryDurations from settings: { produtividade: 25, estudos: 50, descanso: 15 }
[2026-08-19T15:53:14.163Z] HEAD /?from_webdev=1 200 in 7623ms
[2026-08-19T15:53:14.226Z] [PomodoroTimer] Initial categoryDurations from settings: { produtividade: 25, estudos: 50, descanso: 15 }
[2026-08-19T15:53:14.259Z] HEAD /?from_webdev=1 200 in 5714ms
[2026-08-19T15:53:14.325Z] [PomodoroTimer] Initial categoryDurations from settings: { produtividade: 25, estudos: 50, descanso: 15 }
[2026-08-19T15:53:14.358Z] HEAD /?from_webdev=1 200 in 6815ms
[2026-08-19T15:53:14.383Z] [PomodoroTimer] Initial categoryDurations from settings: { produtividade: 25, estudos: 50, descanso: 15 }
[2026-08-19T15:53:14.408Z] HEAD /?from_webdev=1 200 in 2868ms
[2026-08-19T15:53:14.461Z] [PomodoroTimer] Initial categoryDurations from settings: { produtividade: 25, estudos: 50, descanso: 15 }
[2026-08-19T15:53:14.491Z] HEAD /?from_webdev=1 200 in 3951ms
[2026-08-19T15:53:14.537Z] [PomodoroTimer] Initial categoryDurations from settings: { produtividade: 25, estudos: 50, descanso: 15 }
[2026-08-19T15:53:14.564Z] HEAD /?from_webdev=1 200 in 9017ms
[2026-08-19T15:53:14.631Z] [PomodoroTimer] Initial categoryDurations from settings: { produtividade: 25, estudos: 50, descanso: 15 }
[2026-08-19T15:53:14.655Z] HEAD / 200 in 1807ms
[2026-08-19T15:53:14.677Z] [PomodoroTimer] Initial categoryDurations from settings: { produtividade: 25, estudos: 50, descanso: 15 }
[2026-08-19T15:53:14.705Z] HEAD /?from_webdev=1 200 in 2164ms
[2026-08-19T15:53:14.748Z] [PomodoroTimer] Initial categoryDurations from settings: { produtividade: 25, estudos: 50, descanso: 15 }
[2026-08-19T15:53:14.773Z] HEAD /?from_webdev=1 200 in 10961ms
[2026-08-19T15:53:14.869Z] [PomodoroTimer] Initial categoryDurations from settings: { produtividade: 25, estudos: 50, descanso: 15 }
[2026-08-19T15:53:14.895Z] HEAD /?from_webdev=1 200 in 701ms
[2026-08-19T15:53:14.901Z] GET /?from_webdev=1 200 in 119ms
[2026-08-19T15:53:14.946Z] [PomodoroTimer] Initial categoryDurations from settings: { produtividade: 25, estudos: 50, descanso: 15 }
[2026-08-19T15:53:15.071Z] [PomodoroTimer] Initial categoryDurations from settings: { produtividade: 25, estudos: 50, descanso: 15 }
[2026-08-19T15:53:15.103Z] GET /?from_webdev=1 200 in 128ms
[2026-08-19T15:53:15.157Z] [PomodoroTimer] Initial categoryDurations from settings: { produtividade: 25, estudos: 50, descanso: 15 }
[2026-08-19T15:53:15.283Z] [PomodoroTimer] Initial categoryDurations from settings: { produtividade: 25, estudos: 50, descanso: 15 }
[2026-08-19T15:53:15.323Z] GET /?from_webdev=1 200 in 217ms
[2026-08-19T15:53:15.633Z] [PomodoroTimer] Initial categoryDurations from settings: { produtividade: 25, estudos: 50, descanso: 15 }
[2026-08-19T15:53:15.673Z] GET /?from_webdev=1 200 in 115ms
[2026-08-19T15:53:20.563Z] ⚠ Blocked cross-origin request from 3000-ih0lty215c9qdqm3to6te-a91e88fb.us4.manus.computer to /_next/* resource. To allow this, configure "allowedDevOrigins" in next.config
[2026-08-19T15:53:20.563Z] Read more: https://nextjs.org/docs/app/api-reference/config/next-config-js/allowedDevOrigins
[2026-08-19T15:53:39.193Z] ○ Compiling /api/pomodoro/get-settings ...
[2026-08-19T15:53:39.243Z] ✓ Compiled /api/pomodoro/get-settings in 551ms
[2026-08-19T15:53:39.610Z] [API /pomodoro/get-settings] Starting request...
[2026-08-19T15:53:40.059Z] [API /pomodoro/get-settings] User authenticated: 57fc7b0a-5ba0-42fb-ad0c-f15ee32c6df3
[2026-08-19T15:53:40.321Z] [API /pomodoro/get-settings] Categories response: {
[2026-08-19T15:53:40.321Z] count: 3,
[2026-08-19T15:53:40.321Z] error: undefined,
[2026-08-19T15:53:40.321Z] data: [
[2026-08-19T15:53:40.321Z] {
[2026-08-19T15:53:40.321Z] id: '67040b77-248a-420d-8be2-5c5eca65ca8f',
[2026-08-19T15:53:40.321Z] user_id: '57fc7b0a-5ba0-42fb-ad0c-f15ee32c6df3',
[2026-08-19T15:53:40.321Z] name: 'Produzindo',
[2026-08-19T15:53:40.321Z] color: '#ff6600',
[2026-08-19T15:53:40.321Z] duration_minutes: 57,
[2026-08-19T15:53:40.321Z] created_at: '2026-01-19T22:01:03.082007+00:00'
[2026-08-19T15:53:40.321Z] },
[2026-08-19T15:53:40.321Z] {
[2026-08-19T15:53:40.321Z] id: '5e6728b1-cde5-4c8b-a296-116604eadee0',
[2026-08-19T15:53:40.321Z] user_id: '57fc7b0a-5ba0-42fb-ad0c-f15ee32c6df3',
[2026-08-19T15:53:40.321Z] name: 'Estudando',
[2026-08-19T15:53:40.321Z] color: '#002aff',
[2026-08-19T15:53:40.321Z] duration_minutes: 30,
[2026-08-19T15:53:40.321Z] created_at: '2026-01-19T22:01:03.284823+00:00'
[2026-08-19T15:53:40.321Z] },
[2026-08-19T15:53:40.321Z] {
[2026-08-19T15:53:40.321Z] id: '4ec39e04-b451-4c7a-845d-571dc624e600',
[2026-08-19T15:53:40.321Z] user_id: '57fc7b0a-5ba0-42fb-ad0c-f15ee32c6df3',
[2026-08-19T15:53:40.322Z] name: 'Conteúdos',
[2026-08-19T15:53:40.322Z] color: '#00d13f',
[2026-08-19T15:53:40.322Z] duration_minutes: 27,
[2026-08-19T15:53:40.322Z] created_at: '2026-01-19T22:01:03.486292+00:00'
[2026-08-19T15:53:40.322Z] }
[2026-08-19T15:53:40.322Z] ]
[2026-08-19T15:53:40.322Z] }
[2026-08-19T15:53:40.322Z] [API /pomodoro/get-settings] Settings response: {
[2026-08-19T15:53:40.322Z] data: {
[2026-08-19T15:53:40.322Z] id: '6729871f-4efa-4304-a753-1f7dd1859400',
[2026-08-19T15:53:40.322Z] user_id: '57fc7b0a-5ba0-42fb-ad0c-f15ee32c6df3',
[2026-08-19T15:53:40.322Z] short_break_minutes: 5,
[2026-08-19T15:53:40.322Z] long_break_minutes: 15,
[2026-08-19T15:53:40.322Z] cycles_until_long_break: 4,
[2026-08-19T15:53:40.322Z] updated_at: '2026-01-31T22:04:42.725+00:00'
[2026-08-19T15:53:40.322Z] },
[2026-08-19T15:53:40.322Z] error: undefined
[2026-08-19T15:53:40.322Z] }
[2026-08-19T15:53:40.322Z] [API /pomodoro/get-settings] Sessions response: { count: 19, error: undefined }
[2026-08-19T15:53:40.322Z] [API /pomodoro/get-settings] Returning settings with 19 sessions
[2026-08-19T15:53:40.327Z] GET /api/pomodoro/get-settings 200 in 1640ms
[2026-08-19T15:53:45.660Z] [API /pomodoro/get-settings] Starting request...
[2026-08-19T15:53:45.884Z] [API /pomodoro/get-settings] User authenticated: 57fc7b0a-5ba0-42fb-ad0c-f15ee32c6df3
[2026-08-19T15:53:46.068Z] [API /pomodoro/get-settings] Categories response: {
[2026-08-19T15:53:46.068Z] count: 3,
[2026-08-19T15:53:46.068Z] error: undefined,
[2026-08-19T15:53:46.068Z] data: [
[2026-08-19T15:53:46.068Z] {
[2026-08-19T15:53:46.068Z] id: '67040b77-248a-420d-8be2-5c5eca65ca8f',
[2026-08-19T15:53:46.068Z] user_id: '57fc7b0a-5ba0-42fb-ad0c-f15ee32c6df3',
[2026-08-19T15:53:46.068Z] name: 'Produzindo',
[2026-08-19T15:53:46.068Z] color: '#ff6600',
[2026-08-19T15:53:46.068Z] duration_minutes: 57,
[2026-08-19T15:53:46.069Z] created_at: '2026-01-19T22:01:03.082007+00:00'
[2026-08-19T15:53:46.069Z] },
[2026-08-19T15:53:46.069Z] {
[2026-08-19T15:53:46.069Z] id: '5e6728b1-cde5-4c8b-a296-116604eadee0',
[2026-08-19T15:53:46.069Z] user_id: '57fc7b0a-5ba0-42fb-ad0c-f15ee32c6df3',
[2026-08-19T15:53:46.069Z] name: 'Estudando',
[2026-08-19T15:53:46.069Z] color: '#002aff',
[2026-08-19T15:53:46.069Z] duration_minutes: 30,
[2026-08-19T15:53:46.069Z] created_at: '2026-01-19T22:01:03.284823+00:00'
[2026-08-19T15:53:46.069Z] },
[2026-08-19T15:53:46.069Z] {
[2026-08-19T15:53:46.069Z] id: '4ec39e04-b451-4c7a-845d-571dc624e600',
[2026-08-19T15:53:46.069Z] user_id: '57fc7b0a-5ba0-42fb-ad0c-f15ee32c6df3',
[2026-08-19T15:53:46.069Z] name: 'Conteúdos',
[2026-08-19T15:53:46.069Z] color: '#00d13f',
[2026-08-19T15:53:46.069Z] duration_minutes: 27,
[2026-08-19T15:53:46.069Z] created_at: '2026-01-19T22:01:03.486292+00:00'
[2026-08-19T15:53:46.069Z] }
[2026-08-19T15:53:46.069Z] ]
[2026-08-19T15:53:46.069Z] }
[2026-08-19T15:53:46.069Z] [API /pomodoro/get-settings] Settings response: {
[2026-08-19T15:53:46.069Z] data: {
[2026-08-19T15:53:46.069Z] id: '6729871f-4efa-4304-a753-1f7dd1859400',
[2026-08-19T15:53:46.069Z] user_id: '57fc7b0a-5ba0-42fb-ad0c-f15ee32c6df3',
[2026-08-19T15:53:46.069Z] short_break_minutes: 5,
[2026-08-19T15:53:46.069Z] long_break_minutes: 15,
[2026-08-19T15:53:46.069Z] cycles_until_long_break: 4,
[2026-08-19T15:53:46.069Z] updated_at: '2026-01-31T22:04:42.725+00:00'
[2026-08-19T15:53:46.069Z] },
[2026-08-19T15:53:46.069Z] error: undefined
[2026-08-19T15:53:46.069Z] }
[2026-08-19T15:53:46.069Z] [API /pomodoro/get-settings] Sessions response: { count: 19, error: undefined }
[2026-08-19T15:53:46.069Z] [API /pomodoro/get-settings] Returning settings with 19 sessions
[2026-08-19T15:53:46.070Z] GET /api/pomodoro/get-settings 200 in 655ms
[2026-08-19T15:53:48.446Z] [API /pomodoro/get-settings] Starting request...
[2026-08-19T15:53:48.515Z] [API /pomodoro/get-settings] User authenticated: 57fc7b0a-5ba0-42fb-ad0c-f15ee32c6df3
[2026-08-19T15:53:48.578Z] [API /pomodoro/get-settings] Categories response: {
[2026-08-19T15:53:48.579Z] count: 3,
[2026-08-19T15:53:48.579Z] error: undefined,
[2026-08-19T15:53:48.579Z] data: [
[2026-08-19T15:53:48.579Z] {
[2026-08-19T15:53:48.579Z] id: '67040b77-248a-420d-8be2-5c5eca65ca8f',
[2026-08-19T15:53:48.579Z] user_id: '57fc7b0a-5ba0-42fb-ad0c-f15ee32c6df3',
[2026-08-19T15:53:48.579Z] name: 'Produzindo',
[2026-08-19T15:53:48.579Z] color: '#ff6600',
[2026-08-19T15:53:48.579Z] duration_minutes: 57,
[2026-08-19T15:53:48.579Z] created_at: '2026-01-19T22:01:03.082007+00:00'
[2026-08-19T15:53:48.579Z] },
[2026-08-19T15:53:48.579Z] {
[2026-08-19T15:53:48.579Z] id: '5e6728b1-cde5-4c8b-a296-116604eadee0',
[2026-08-19T15:53:48.579Z] user_id: '57fc7b0a-5ba0-42fb-ad0c-f15ee32c6df3',
[2026-08-19T15:53:48.579Z] name: 'Estudando',
[2026-08-19T15:53:48.579Z] color: '#002aff',
[2026-08-19T15:53:48.579Z] duration_minutes: 30,
[2026-08-19T15:53:48.579Z] created_at: '2026-01-19T22:01:03.284823+00:00'
[2026-08-19T15:53:48.579Z] },
[2026-08-19T15:53:48.579Z] {
[2026-08-19T15:53:48.579Z] id: '4ec39e04-b451-4c7a-845d-571dc624e600',
[2026-08-19T15:53:48.579Z] user_id: '57fc7b0a-5ba0-42fb-ad0c-f15ee32c6df3',
[2026-08-19T15:53:48.579Z] name: 'Conteúdos',
[2026-08-19T15:53:48.579Z] color: '#00d13f',
[2026-08-19T15:53:48.579Z] duration_minutes: 27,
[2026-08-19T15:53:48.579Z] created_at: '2026-01-19T22:01:03.486292+00:00'
[2026-08-19T15:53:48.579Z] }
[2026-08-19T15:53:48.579Z] ]
[2026-08-19T15:53:48.579Z] }
[2026-08-19T15:53:48.579Z] [API /pomodoro/get-settings] Settings response: {
[2026-08-19T15:53:48.579Z] data: {
[2026-08-19T15:53:48.579Z] id: '6729871f-4efa-4304-a753-1f7dd1859400',
[2026-08-19T15:53:48.579Z] user_id: '57fc7b0a-5ba0-42fb-ad0c-f15ee32c6df3',
[2026-08-19T15:53:48.579Z] short_break_minutes: 5,
[2026-08-19T15:53:48.579Z] long_break_minutes: 15,
[2026-08-19T15:53:48.579Z] cycles_until_long_break: 4,
[2026-08-19T15:53:48.579Z] updated_at: '2026-01-31T22:04:42.725+00:00'
[2026-08-19T15:53:48.579Z] },
[2026-08-19T15:53:48.579Z] error: undefined
[2026-08-19T15:53:48.579Z] }
[2026-08-19T15:53:48.579Z] [API /pomodoro/get-settings] Sessions response: { count: 19, error: undefined }
[2026-08-19T15:53:48.579Z] [API /pomodoro/get-settings] Returning settings with 19 sessions
[2026-08-19T15:53:48.580Z] GET /api/pomodoro/get-settings 200 in 385ms
[2026-08-19T15:54:21.866Z] [API /pomodoro/get-settings] Starting request...
[2026-08-19T15:54:22.213Z] [API /pomodoro/get-settings] User authenticated: 57fc7b0a-5ba0-42fb-ad0c-f15ee32c6df3
[2026-08-19T15:54:22.418Z] [API /pomodoro/get-settings] Categories response: {
[2026-08-19T15:54:22.418Z] count: 3,
[2026-08-19T15:54:22.418Z] error: undefined,
[2026-08-19T15:54:22.418Z] data: [
[2026-08-19T15:54:22.418Z] {
[2026-08-19T15:54:22.418Z] id: '67040b77-248a-420d-8be2-5c5eca65ca8f',
[2026-08-19T15:54:22.418Z] user_id: '57fc7b0a-5ba0-42fb-ad0c-f15ee32c6df3',
[2026-08-19T15:54:22.418Z] name: 'Produzindo',
[2026-08-19T15:54:22.418Z] color: '#ff6600',
[2026-08-19T15:54:22.418Z] duration_minutes: 57,
[2026-08-19T15:54:22.418Z] created_at: '2026-01-19T22:01:03.082007+00:00'
[2026-08-19T15:54:22.418Z] },
[2026-08-19T15:54:22.418Z] {
[2026-08-19T15:54:22.418Z] id: '5e6728b1-cde5-4c8b-a296-116604eadee0',
[2026-08-19T15:54:22.418Z] user_id: '57fc7b0a-5ba0-42fb-ad0c-f15ee32c6df3',
[2026-08-19T15:54:22.418Z] name: 'Estudando',
[2026-08-19T15:54:22.418Z] color: '#002aff',
[2026-08-19T15:54:22.418Z] duration_minutes: 30,
[2026-08-19T15:54:22.418Z] created_at: '2026-01-19T22:01:03.284823+00:00'
[2026-08-19T15:54:22.418Z] },
[2026-08-19T15:54:22.418Z] {
[2026-08-19T15:54:22.418Z] id: '4ec39e04-b451-4c7a-845d-571dc624e600',
[2026-08-19T15:54:22.418Z] user_id: '57fc7b0a-5ba0-42fb-ad0c-f15ee32c6df3',
[2026-08-19T15:54:22.418Z] name: 'Conteúdos',
[2026-08-19T15:54:22.418Z] color: '#00d13f',
[2026-08-19T15:54:22.418Z] duration_minutes: 27,
[2026-08-19T15:54:22.418Z] created_at: '2026-01-19T22:01:03.486292+00:00'
[2026-08-19T15:54:22.418Z] }
[2026-08-19T15:54:22.418Z] ]
[2026-08-19T15:54:22.418Z] }
[2026-08-19T15:54:22.418Z] [API /pomodoro/get-settings] Settings response: {
[2026-08-19T15:54:22.418Z] data: {
[2026-08-19T15:54:22.418Z] id: '6729871f-4efa-4304-a753-1f7dd1859400',
[2026-08-19T15:54:22.418Z] user_id: '57fc7b0a-5ba0-42fb-ad0c-f15ee32c6df3',
[2026-08-19T15:54:22.418Z] short_break_minutes: 5,
[2026-08-19T15:54:22.418Z] long_break_minutes: 15,
[2026-08-19T15:54:22.418Z] cycles_until_long_break: 4,
[2026-08-19T15:54:22.418Z] updated_at: '2026-01-31T22:04:42.725+00:00'
[2026-08-19T15:54:22.418Z] },
[2026-08-19T15:54:22.418Z] error: undefined
[2026-08-19T15:54:22.418Z] }
[2026-08-19T15:54:22.418Z] [API /pomodoro/get-settings] Sessions response: { count: 19, error: undefined }
[2026-08-19T15:54:22.418Z] [API /pomodoro/get-settings] Returning settings with 19 sessions
[2026-08-19T15:54:22.419Z] GET /api/pomodoro/get-settings 200 in 793ms
[2026-08-19T15:54:33.751Z] [API /pomodoro/get-settings] Starting request...
[2026-08-19T15:54:33.892Z] [API /pomodoro/get-settings] User authenticated: 57fc7b0a-5ba0-42fb-ad0c-f15ee32c6df3
[2026-08-19T15:54:34.036Z] [API /pomodoro/get-settings] Categories response: {
[2026-08-19T15:54:34.036Z] count: 3,
[2026-08-19T15:54:34.036Z] error: undefined,
[2026-08-19T15:54:34.036Z] data: [
[2026-08-19T15:54:34.036Z] {
[2026-08-19T15:54:34.036Z] id: '67040b77-248a-420d-8be2-5c5eca65ca8f',
[2026-08-19T15:54:34.036Z] user_id: '57fc7b0a-5ba0-42fb-ad0c-f15ee32c6df3',
[2026-08-19T15:54:34.036Z] name: 'Produzindo',
[2026-08-19T15:54:34.036Z] color: '#ff6600',
[2026-08-19T15:54:34.036Z] duration_minutes: 57,
[2026-08-19T15:54:34.036Z] created_at: '2026-01-19T22:01:03.082007+00:00'
[2026-08-19T15:54:34.036Z] },
[2026-08-19T15:54:34.037Z] {
[2026-08-19T15:54:34.037Z] id: '5e6728b1-cde5-4c8b-a296-116604eadee0',
[2026-08-19T15:54:34.037Z] user_id: '57fc7b0a-5ba0-42fb-ad0c-f15ee32c6df3',
[2026-08-19T15:54:34.037Z] name: 'Estudando',
[2026-08-19T15:54:34.037Z] color: '#002aff',
[2026-08-19T15:54:34.037Z] duration_minutes: 30,
[2026-08-19T15:54:34.037Z] created_at: '2026-01-19T22:01:03.284823+00:00'
[2026-08-19T15:54:34.037Z] },
[2026-08-19T15:54:34.037Z] {
[2026-08-19T15:54:34.037Z] id: '4ec39e04-b451-4c7a-845d-571dc624e600',
[2026-08-19T15:54:34.037Z] user_id: '57fc7b0a-5ba0-42fb-ad0c-f15ee32c6df3',
[2026-08-19T15:54:34.037Z] name: 'Conteúdos',
[2026-08-19T15:54:34.037Z] color: '#00d13f',
[2026-08-19T15:54:34.037Z] duration_minutes: 27,
[2026-08-19T15:54:34.037Z] created_at: '2026-01-19T22:01:03.486292+00:00'
[2026-08-19T15:54:34.037Z] }
[2026-08-19T15:54:34.037Z] ]
[2026-08-19T15:54:34.037Z] }
[2026-08-19T15:54:34.037Z] [API /pomodoro/get-settings] Settings response: {
[2026-08-19T15:54:34.037Z] data: {
[2026-08-19T15:54:34.037Z] id: '6729871f-4efa-4304-a753-1f7dd1859400',
[2026-08-19T15:54:34.037Z] user_id: '57fc7b0a-5ba0-42fb-ad0c-f15ee32c6df3',
[2026-08-19T15:54:34.037Z] short_break_minutes: 5,
[2026-08-19T15:54:34.037Z] long_break_minutes: 15,
[2026-08-19T15:54:34.037Z] cycles_until_long_break: 4,
[2026-08-19T15:54:34.037Z] updated_at: '2026-01-31T22:04:42.725+00:00'
[2026-08-19T15:54:34.037Z] },
[2026-08-19T15:54:34.037Z] error: undefined
[2026-08-19T15:54:34.037Z] }
[2026-08-19T15:54:34.037Z] [API /pomodoro/get-settings] Sessions response: { count: 19, error: undefined }
[2026-08-19T15:54:34.037Z] [API /pomodoro/get-settings] Returning settings with 19 sessions
[2026-08-19T15:54:34.038Z] GET /api/pomodoro/get-settings 200 in 524ms
[2026-08-19T15:55:33.797Z] [API /pomodoro/get-settings] Starting request...
[2026-08-19T15:55:33.972Z] [API /pomodoro/get-settings] User authenticated: 57fc7b0a-5ba0-42fb-ad0c-f15ee32c6df3
[2026-08-19T15:55:34.172Z] [API /pomodoro/get-settings] Categories response: {
[2026-08-19T15:55:34.172Z] count: 3,
[2026-08-19T15:55:34.172Z] error: undefined,
[2026-08-19T15:55:34.172Z] data: [
[2026-08-19T15:55:34.172Z] {
[2026-08-19T15:55:34.172Z] id: '67040b77-248a-420d-8be2-5c5eca65ca8f',
[2026-08-19T15:55:34.172Z] user_id: '57fc7b0a-5ba0-42fb-ad0c-f15ee32c6df3',
[2026-08-19T15:55:34.172Z] name: 'Produzindo',
[2026-08-19T15:55:34.172Z] color: '#ff6600',
[2026-08-19T15:55:34.172Z] duration_minutes: 57,
[2026-08-19T15:55:34.172Z] created_at: '2026-01-19T22:01:03.082007+00:00'
[2026-08-19T15:55:34.172Z] },
[2026-08-19T15:55:34.172Z] {
[2026-08-19T15:55:34.172Z] id: '5e6728b1-cde5-4c8b-a296-116604eadee0',
[2026-08-19T15:55:34.172Z] user_id: '57fc7b0a-5ba0-42fb-ad0c-f15ee32c6df3',
[2026-08-19T15:55:34.172Z] name: 'Estudando',
[2026-08-19T15:55:34.172Z] color: '#002aff',
[2026-08-19T15:55:34.172Z] duration_minutes: 30,
[2026-08-19T15:55:34.172Z] created_at: '2026-01-19T22:01:03.284823+00:00'
[2026-08-19T15:55:34.172Z] },
[2026-08-19T15:55:34.172Z] {
[2026-08-19T15:55:34.172Z] id: '4ec39e04-b451-4c7a-845d-571dc624e600',
[2026-08-19T15:55:34.172Z] user_id: '57fc7b0a-5ba0-42fb-ad0c-f15ee32c6df3',
[2026-08-19T15:55:34.172Z] name: 'Conteúdos',
[2026-08-19T15:55:34.172Z] color: '#00d13f',
[2026-08-19T15:55:34.173Z] duration_minutes: 27,
[2026-08-19T15:55:34.173Z] created_at: '2026-01-19T22:01:03.486292+00:00'
[2026-08-19T15:55:34.173Z] }
[2026-08-19T15:55:34.173Z] ]
[2026-08-19T15:55:34.173Z] }
[2026-08-19T15:55:34.173Z] [API /pomodoro/get-settings] Settings response: {
[2026-08-19T15:55:34.173Z] data: {
[2026-08-19T15:55:34.173Z] id: '6729871f-4efa-4304-a753-1f7dd1859400',
[2026-08-19T15:55:34.173Z] user_id: '57fc7b0a-5ba0-42fb-ad0c-f15ee32c6df3',
[2026-08-19T15:55:34.173Z] short_break_minutes: 5,
[2026-08-19T15:55:34.173Z] long_break_minutes: 15,
[2026-08-19T15:55:34.173Z] cycles_until_long_break: 4,
[2026-08-19T15:55:34.173Z] updated_at: '2026-01-31T22:04:42.725+00:00'
[2026-08-19T15:55:34.173Z] },
[2026-08-19T15:55:34.173Z] error: undefined
[2026-08-19T15:55:34.173Z] }
[2026-08-19T15:55:34.173Z] [API /pomodoro/get-settings] Sessions response: { count: 19, error: undefined }
[2026-08-19T15:55:34.173Z] [API /pomodoro/get-settings] Returning settings with 19 sessions
[2026-08-19T15:55:34.173Z] GET /api/pomodoro/get-settings 200 in 621ms
[2026-08-19T15:56:33.796Z] [API /pomodoro/get-settings] Starting request...
[2026-08-19T15:56:33.970Z] [API /pomodoro/get-settings] User authenticated: 57fc7b0a-5ba0-42fb-ad0c-f15ee32c6df3
[2026-08-19T15:56:34.138Z] [API /pomodoro/get-settings] Categories response: {
[2026-08-19T15:56:34.138Z] count: 3,
[2026-08-19T15:56:34.138Z] error: undefined,
[2026-08-19T15:56:34.138Z] data: [
[2026-08-19T15:56:34.138Z] {
[2026-08-19T15:56:34.138Z] id: '67040b77-248a-420d-8be2-5c5eca65ca8f',
[2026-08-19T15:56:34.138Z] user_id: '57fc7b0a-5ba0-42fb-ad0c-f15ee32c6df3',
[2026-08-19T15:56:34.138Z] name: 'Produzindo',
[2026-08-19T15:56:34.138Z] color: '#ff6600',
[2026-08-19T15:56:34.138Z] duration_minutes: 57,
[2026-08-19T15:56:34.138Z] created_at: '2026-01-19T22:01:03.082007+00:00'
[2026-08-19T15:56:34.138Z] },
[2026-08-19T15:56:34.138Z] {
[2026-08-19T15:56:34.138Z] id: '5e6728b1-cde5-4c8b-a296-116604eadee0',
[2026-08-19T15:56:34.138Z] user_id: '57fc7b0a-5ba0-42fb-ad0c-f15ee32c6df3',
[2026-08-19T15:56:34.138Z] name: 'Estudando',
[2026-08-19T15:56:34.138Z] color: '#002aff',
[2026-08-19T15:56:34.138Z] duration_minutes: 30,
[2026-08-19T15:56:34.138Z] created_at: '2026-01-19T22:01:03.284823+00:00'
[2026-08-19T15:56:34.138Z] },
[2026-08-19T15:56:34.138Z] {
[2026-08-19T15:56:34.138Z] id: '4ec39e04-b451-4c7a-845d-571dc624e600',
[2026-08-19T15:56:34.138Z] user_id: '57fc7b0a-5ba0-42fb-ad0c-f15ee32c6df3',
[2026-08-19T15:56:34.138Z] name: 'Conteúdos',
[2026-08-19T15:56:34.138Z] color: '#00d13f',
[2026-08-19T15:56:34.138Z] duration_minutes: 27,
[2026-08-19T15:56:34.138Z] created_at: '2026-01-19T22:01:03.486292+00:00'
[2026-08-19T15:56:34.138Z] }
[2026-08-19T15:56:34.138Z] ]
[2026-08-19T15:56:34.138Z] }
[2026-08-19T15:56:34.138Z] [API /pomodoro/get-settings] Settings response: {
[2026-08-19T15:56:34.138Z] data: {
[2026-08-19T15:56:34.138Z] id: '6729871f-4efa-4304-a753-1f7dd1859400',
[2026-08-19T15:56:34.138Z] user_id: '57fc7b0a-5ba0-42fb-ad0c-f15ee32c6df3',
[2026-08-19T15:56:34.138Z] short_break_minutes: 5,
[2026-08-19T15:56:34.138Z] long_break_minutes: 15,
[2026-08-19T15:56:34.138Z] cycles_until_long_break: 4,
[2026-08-19T15:56:34.138Z] updated_at: '2026-01-31T22:04:42.725+00:00'
[2026-08-19T15:56:34.138Z] },
[2026-08-19T15:56:34.138Z] error: undefined
[2026-08-19T15:56:34.138Z] }
[2026-08-19T15:56:34.138Z] [API /pomodoro/get-settings] Sessions response: { count: 19, error: undefined }
[2026-08-19T15:56:34.138Z] [API /pomodoro/get-settings] Returning settings with 19 sessions
[2026-08-19T15:56:34.139Z] GET /api/pomodoro/get-settings 200 in 586ms
[2026-08-19T15:57:33.793Z] [API /pomodoro/get-settings] Starting request...
[2026-08-19T15:57:34.060Z] [API /pomodoro/get-settings] User authenticated: 57fc7b0a-5ba0-42fb-ad0c-f15ee32c6df3
[2026-08-19T15:57:34.269Z] [API /pomodoro/get-settings] Categories response: {
[2026-08-19T15:57:34.269Z] count: 3,
[2026-08-19T15:57:34.269Z] error: undefined,
[2026-08-19T15:57:34.269Z] data: [
[2026-08-19T15:57:34.269Z] {
[2026-08-19T15:57:34.269Z] id: '67040b77-248a-420d-8be2-5c5eca65ca8f',
[2026-08-19T15:57:34.269Z] user_id: '57fc7b0a-5ba0-42fb-ad0c-f15ee32c6df3',
[2026-08-19T15:57:34.269Z] name: 'Produzindo',
[2026-08-19T15:57:34.269Z] color: '#ff6600',
[2026-08-19T15:57:34.269Z] duration_minutes: 57,
[2026-08-19T15:57:34.269Z] created_at: '2026-01-19T22:01:03.082007+00:00'
[2026-08-19T15:57:34.269Z] },
[2026-08-19T15:57:34.269Z] {
[2026-08-19T15:57:34.269Z] id: '5e6728b1-cde5-4c8b-a296-116604eadee0',
[2026-08-19T15:57:34.269Z] user_id: '57fc7b0a-5ba0-42fb-ad0c-f15ee32c6df3',
[2026-08-19T15:57:34.269Z] name: 'Estudando',
[2026-08-19T15:57:34.269Z] color: '#002aff',
[2026-08-19T15:57:34.269Z] duration_minutes: 30,
[2026-08-19T15:57:34.269Z] created_at: '2026-01-19T22:01:03.284823+00:00'
[2026-08-19T15:57:34.269Z] },
[2026-08-19T15:57:34.269Z] {
[2026-08-19T15:57:34.269Z] id: '4ec39e04-b451-4c7a-845d-571dc624e600',
[2026-08-19T15:57:34.269Z] user_id: '57fc7b0a-5ba0-42fb-ad0c-f15ee32c6df3',
[2026-08-19T15:57:34.269Z] name: 'Conteúdos',
[2026-08-19T15:57:34.269Z] color: '#00d13f',
[2026-08-19T15:57:34.269Z] duration_minutes: 27,
[2026-08-19T15:57:34.269Z] created_at: '2026-01-19T22:01:03.486292+00:00'
[2026-08-19T15:57:34.269Z] }
[2026-08-19T15:57:34.269Z] ]
[2026-08-19T15:57:34.270Z] }
[2026-08-19T15:57:34.270Z] [API /pomodoro/get-settings] Settings response: {
[2026-08-19T15:57:34.270Z] data: {
[2026-08-19T15:57:34.270Z] id: '6729871f-4efa-4304-a753-1f7dd1859400',
[2026-08-19T15:57:34.270Z] user_id: '57fc7b0a-5ba0-42fb-ad0c-f15ee32c6df3',
[2026-08-19T15:57:34.270Z] short_break_minutes: 5,
[2026-08-19T15:57:34.270Z] long_break_minutes: 15,
[2026-08-19T15:57:34.270Z] cycles_until_long_break: 4,
[2026-08-19T15:57:34.270Z] updated_at: '2026-01-31T22:04:42.725+00:00'
[2026-08-19T15:57:34.270Z] },
[2026-08-19T15:57:34.270Z] error: undefined
[2026-08-19T15:57:34.270Z] }
[2026-08-19T15:57:34.270Z] [API /pomodoro/get-settings] Sessions response: { count: 19, error: undefined }
[2026-08-19T15:57:34.270Z] [API /pomodoro/get-settings] Returning settings with 19 sessions
[2026-08-19T15:57:34.271Z] GET /api/pomodoro/get-settings 200 in 715ms
[2026-08-19T15:58:33.797Z] [API /pomodoro/get-settings] Starting request...
[2026-08-19T15:58:33.957Z] [API /pomodoro/get-settings] User authenticated: 57fc7b0a-5ba0-42fb-ad0c-f15ee32c6df3
[2026-08-19T15:58:34.102Z] [API /pomodoro/get-settings] Categories response: {
[2026-08-19T15:58:34.102Z] count: 3,
[2026-08-19T15:58:34.102Z] error: undefined,
[2026-08-19T15:58:34.102Z] data: [
[2026-08-19T15:58:34.102Z] {
[2026-08-19T15:58:34.102Z] id: '67040b77-248a-420d-8be2-5c5eca65ca8f',
[2026-08-19T15:58:34.102Z] user_id: '57fc7b0a-5ba0-42fb-ad0c-f15ee32c6df3',
[2026-08-19T15:58:34.102Z] name: 'Produzindo',
[2026-08-19T15:58:34.102Z] color: '#ff6600',
[2026-08-19T15:58:34.102Z] duration_minutes: 57,
[2026-08-19T15:58:34.102Z] created_at: '2026-01-19T22:01:03.082007+00:00'
[2026-08-19T15:58:34.102Z] },
[2026-08-19T15:58:34.102Z] {
[2026-08-19T15:58:34.102Z] id: '5e6728b1-cde5-4c8b-a296-116604eadee0',
[2026-08-19T15:58:34.102Z] user_id: '57fc7b0a-5ba0-42fb-ad0c-f15ee32c6df3',
[2026-08-19T15:58:34.102Z] name: 'Estudando',
[2026-08-19T15:58:34.102Z] color: '#002aff',
[2026-08-19T15:58:34.102Z] duration_minutes: 30,
[2026-08-19T15:58:34.102Z] created_at: '2026-01-19T22:01:03.284823+00:00'
[2026-08-19T15:58:34.102Z] },
[2026-08-19T15:58:34.102Z] {
[2026-08-19T15:58:34.102Z] id: '4ec39e04-b451-4c7a-845d-571dc624e600',
[2026-08-19T15:58:34.102Z] user_id: '57fc7b0a-5ba0-42fb-ad0c-f15ee32c6df3',
[2026-08-19T15:58:34.102Z] name: 'Conteúdos',
[2026-08-19T15:58:34.102Z] color: '#00d13f',
[2026-08-19T15:58:34.102Z] duration_minutes: 27,
[2026-08-19T15:58:34.102Z] created_at: '2026-01-19T22:01:03.486292+00:00'
[2026-08-19T15:58:34.102Z] }
[2026-08-19T15:58:34.102Z] ]
[2026-08-19T15:58:34.102Z] }
[2026-08-19T15:58:34.102Z] [API /pomodoro/get-settings] Settings response: {
[2026-08-19T15:58:34.102Z] data: {
[2026-08-19T15:58:34.102Z] id: '6729871f-4efa-4304-a753-1f7dd1859400',
[2026-08-19T15:58:34.102Z] user_id: '57fc7b0a-5ba0-42fb-ad0c-f15ee32c6df3',
[2026-08-19T15:58:34.102Z] short_break_minutes: 5,
[2026-08-19T15:58:34.102Z] long_break_minutes: 15,
[2026-08-19T15:58:34.102Z] cycles_until_long_break: 4,
[2026-08-19T15:58:34.102Z] updated_at: '2026-01-31T22:04:42.725+00:00'
[2026-08-19T15:58:34.102Z] },
[2026-08-19T15:58:34.102Z] error: undefined
[2026-08-19T15:58:34.102Z] }
[2026-08-19T15:58:34.102Z] [API /pomodoro/get-settings] Sessions response: { count: 19, error: undefined }
[2026-08-19T15:58:34.102Z] [API /pomodoro/get-settings] Returning settings with 19 sessions
[2026-08-19T15:58:34.103Z] GET /api/pomodoro/get-settings 200 in 553ms
[2026-08-19T15:59:10.298Z] [API /pomodoro/get-settings] Starting request...
[2026-08-19T15:59:10.450Z] [API /pomodoro/get-settings] User authenticated: 57fc7b0a-5ba0-42fb-ad0c-f15ee32c6df3
[2026-08-19T15:59:10.625Z] [API /pomodoro/get-settings] Categories response: {
[2026-08-19T15:59:10.625Z] count: 3,
[2026-08-19T15:59:10.625Z] error: undefined,
[2026-08-19T15:59:10.625Z] data: [
[2026-08-19T15:59:10.625Z] {
[2026-08-19T15:59:10.625Z] id: '67040b77-248a-420d-8be2-5c5eca65ca8f',
[2026-08-19T15:59:10.625Z] user_id: '57fc7b0a-5ba0-42fb-ad0c-f15ee32c6df3',
[2026-08-19T15:59:10.625Z] name: 'Produzindo',
[2026-08-19T15:59:10.625Z] color: '#ff6600',
[2026-08-19T15:59:10.625Z] duration_minutes: 57,
[2026-08-19T15:59:10.625Z] created_at: '2026-01-19T22:01:03.082007+00:00'
[2026-08-19T15:59:10.625Z] },
[2026-08-19T15:59:10.625Z] {
[2026-08-19T15:59:10.625Z] id: '5e6728b1-cde5-4c8b-a296-116604eadee0',
[2026-08-19T15:59:10.625Z] user_id: '57fc7b0a-5ba0-42fb-ad0c-f15ee32c6df3',
[2026-08-19T15:59:10.625Z] name: 'Estudando',
[2026-08-19T15:59:10.625Z] color: '#002aff',
[2026-08-19T15:59:10.625Z] duration_minutes: 30,
[2026-08-19T15:59:10.625Z] created_at: '2026-01-19T22:01:03.284823+00:00'
[2026-08-19T15:59:10.625Z] },
[2026-08-19T15:59:10.625Z] {
[2026-08-19T15:59:10.625Z] id: '4ec39e04-b451-4c7a-845d-571dc624e600',
[2026-08-19T15:59:10.625Z] user_id: '57fc7b0a-5ba0-42fb-ad0c-f15ee32c6df3',
[2026-08-19T15:59:10.625Z] name: 'Conteúdos',
[2026-08-19T15:59:10.625Z] color: '#00d13f',
[2026-08-19T15:59:10.625Z] duration_minutes: 27,
[2026-08-19T15:59:10.625Z] created_at: '2026-01-19T22:01:03.486292+00:00'
[2026-08-19T15:59:10.625Z] }
[2026-08-19T15:59:10.625Z] ]
[2026-08-19T15:59:10.625Z] }
[2026-08-19T15:59:10.625Z] [API /pomodoro/get-settings] Settings response: {
[2026-08-19T15:59:10.625Z] data: {
[2026-08-19T15:59:10.625Z] id: '6729871f-4efa-4304-a753-1f7dd1859400',
[2026-08-19T15:59:10.625Z] user_id: '57fc7b0a-5ba0-42fb-ad0c-f15ee32c6df3',
[2026-08-19T15:59:10.625Z] short_break_minutes: 5,
[2026-08-19T15:59:10.625Z] long_break_minutes: 15,
[2026-08-19T15:59:10.625Z] cycles_until_long_break: 4,
[2026-08-19T15:59:10.625Z] updated_at: '2026-01-31T22:04:42.725+00:00'
[2026-08-19T15:59:10.625Z] },
[2026-08-19T15:59:10.625Z] error: undefined
[2026-08-19T15:59:10.625Z] }
[2026-08-19T15:59:10.625Z] [API /pomodoro/get-settings] Sessions response: { count: 19, error: undefined }
[2026-08-19T15:59:10.625Z] [API /pomodoro/get-settings] Returning settings with 19 sessions
[2026-08-19T15:59:10.626Z] GET /api/pomodoro/get-settings 200 in 575ms
[2026-08-19T16:00:00.147Z] [API /pomodoro/get-settings] Starting request...
[2026-08-19T16:00:00.313Z] [API /pomodoro/get-settings] User authenticated: 57fc7b0a-5ba0-42fb-ad0c-f15ee32c6df3
[2026-08-19T16:00:00.544Z] [API /pomodoro/get-settings] Categories response: {
[2026-08-19T16:00:00.544Z] count: 3,
[2026-08-19T16:00:00.544Z] error: undefined,
[2026-08-19T16:00:00.544Z] data: [
[2026-08-19T16:00:00.544Z] {
[2026-08-19T16:00:00.544Z] id: '67040b77-248a-420d-8be2-5c5eca65ca8f',
[2026-08-19T16:00:00.544Z] user_id: '57fc7b0a-5ba0-42fb-ad0c-f15ee32c6df3',
[2026-08-19T16:00:00.544Z] name: 'Produzindo',
[2026-08-19T16:00:00.544Z] color: '#ff6600',
[2026-08-19T16:00:00.544Z] duration_minutes: 57,
[2026-08-19T16:00:00.544Z] created_at: '2026-01-19T22:01:03.082007+00:00'
[2026-08-19T16:00:00.544Z] },
[2026-08-19T16:00:00.544Z] {
[2026-08-19T16:00:00.544Z] id: '5e6728b1-cde5-4c8b-a296-116604eadee0',
[2026-08-19T16:00:00.544Z] user_id: '57fc7b0a-5ba0-42fb-ad0c-f15ee32c6df3',
[2026-08-19T16:00:00.544Z] name: 'Estudando',
[2026-08-19T16:00:00.544Z] color: '#002aff',
[2026-08-19T16:00:00.544Z] duration_minutes: 30,
[2026-08-19T16:00:00.544Z] created_at: '2026-01-19T22:01:03.284823+00:00'
[2026-08-19T16:00:00.544Z] },
[2026-08-19T16:00:00.544Z] {
[2026-08-19T16:00:00.544Z] id: '4ec39e04-b451-4c7a-845d-571dc624e600',
[2026-08-19T16:00:00.544Z] user_id: '57fc7b0a-5ba0-42fb-ad0c-f15ee32c6df3',
[2026-08-19T16:00:00.544Z] name: 'Conteúdos',
[2026-08-19T16:00:00.544Z] color: '#00d13f',
[2026-08-19T16:00:00.544Z] duration_minutes: 27,
[2026-08-19T16:00:00.544Z] created_at: '2026-01-19T22:01:03.486292+00:00'
[2026-08-19T16:00:00.544Z] }
[2026-08-19T16:00:00.544Z] ]
[2026-08-19T16:00:00.544Z] }
[2026-08-19T16:00:00.544Z] [API /pomodoro/get-settings] Settings response: {
[2026-08-19T16:00:00.544Z] data: {
[2026-08-19T16:00:00.544Z] id: '6729871f-4efa-4304-a753-1f7dd1859400',
[2026-08-19T16:00:00.544Z] user_id: '57fc7b0a-5ba0-42fb-ad0c-f15ee32c6df3',
[2026-08-19T16:00:00.544Z] short_break_minutes: 5,
[2026-08-19T16:00:00.544Z] long_break_minutes: 15,
[2026-08-19T16:00:00.544Z] cycles_until_long_break: 4,
[2026-08-19T16:00:00.544Z] updated_at: '2026-01-31T22:04:42.725+00:00'
[2026-08-19T16:00:00.544Z] },
[2026-08-19T16:00:00.544Z] error: undefined
[2026-08-19T16:00:00.544Z] }
[2026-08-19T16:00:00.544Z] [API /pomodoro/get-settings] Sessions response: { count: 19, error: undefined }
[2026-08-19T16:00:00.544Z] [API /pomodoro/get-settings] Returning settings with 19 sessions
[2026-08-19T16:00:00.546Z] GET /api/pomodoro/get-settings 200 in 640ms
[2026-08-19T16:01:00.800Z] [API /pomodoro/get-settings] Starting request...
[2026-08-19T16:01:00.972Z] [API /pomodoro/get-settings] User authenticated: 57fc7b0a-5ba0-42fb-ad0c-f15ee32c6df3
[2026-08-19T16:01:01.130Z] [API /pomodoro/get-settings] Categories response: {
[2026-08-19T16:01:01.130Z] count: 3,
[2026-08-19T16:01:01.130Z] error: undefined,
[2026-08-19T16:01:01.130Z] data: [
[2026-08-19T16:01:01.130Z] {
[2026-08-19T16:01:01.130Z] id: '67040b77-248a-420d-8be2-5c5eca65ca8f',
[2026-08-19T16:01:01.130Z] user_id: '57fc7b0a-5ba0-42fb-ad0c-f15ee32c6df3',
[2026-08-19T16:01:01.130Z] name: 'Produzindo',
[2026-08-19T16:01:01.130Z] color: '#ff6600',
[2026-08-19T16:01:01.130Z] duration_minutes: 57,
[2026-08-19T16:01:01.130Z] created_at: '2026-01-19T22:01:03.082007+00:00'
[2026-08-19T16:01:01.130Z] },
[2026-08-19T16:01:01.130Z] {
[2026-08-19T16:01:01.130Z] id: '5e6728b1-cde5-4c8b-a296-116604eadee0',
[2026-08-19T16:01:01.130Z] user_id: '57fc7b0a-5ba0-42fb-ad0c-f15ee32c6df3',
[2026-08-19T16:01:01.130Z] name: 'Estudando',
[2026-08-19T16:01:01.130Z] color: '#002aff',
[2026-08-19T16:01:01.130Z] duration_minutes: 30,
[2026-08-19T16:01:01.130Z] created_at: '2026-01-19T22:01:03.284823+00:00'
[2026-08-19T16:01:01.130Z] },
[2026-08-19T16:01:01.130Z] {
[2026-08-19T16:01:01.130Z] id: '4ec39e04-b451-4c7a-845d-571dc624e600',
[2026-08-19T16:01:01.130Z] user_id: '57fc7b0a-5ba0-42fb-ad0c-f15ee32c6df3',
[2026-08-19T16:01:01.130Z] name: 'Conteúdos',
[2026-08-19T16:01:01.130Z] color: '#00d13f',
[2026-08-19T16:01:01.130Z] duration_minutes: 27,
[2026-08-19T16:01:01.130Z] created_at: '2026-01-19T22:01:03.486292+00:00'
[2026-08-19T16:01:01.130Z] }
[2026-08-19T16:01:01.130Z] ]
[2026-08-19T16:01:01.130Z] }
[2026-08-19T16:01:01.130Z] [API /pomodoro/get-settings] Settings response: {
[2026-08-19T16:01:01.130Z] data: {
[2026-08-19T16:01:01.130Z] id: '6729871f-4efa-4304-a753-1f7dd1859400',
[2026-08-19T16:01:01.130Z] user_id: '57fc7b0a-5ba0-42fb-ad0c-f15ee32c6df3',
[2026-08-19T16:01:01.130Z] short_break_minutes: 5,
[2026-08-19T16:01:01.130Z] long_break_minutes: 15,
[2026-08-19T16:01:01.130Z] cycles_until_long_break: 4,
[2026-08-19T16:01:01.130Z] updated_at: '2026-01-31T22:04:42.725+00:00'
[2026-08-19T16:01:01.130Z] },
[2026-08-19T16:01:01.130Z] error: undefined
[2026-08-19T16:01:01.130Z] }
[2026-08-19T16:01:01.130Z] [API /pomodoro/get-settings] Sessions response: { count: 19, error: undefined }
[2026-08-19T16:01:01.130Z] [API /pomodoro/get-settings] Returning settings with 19 sessions
[2026-08-19T16:01:01.132Z] GET /api/pomodoro/get-settings 200 in 584ms
[2026-08-19T16:01:16.310Z] [API /pomodoro/get-settings] Starting request...
[2026-08-19T16:01:16.599Z] [API /pomodoro/get-settings] User authenticated: 57fc7b0a-5ba0-42fb-ad0c-f15ee32c6df3
[2026-08-19T16:01:16.743Z] [API /pomodoro/get-settings] Categories response: {
[2026-08-19T16:01:16.743Z] count: 3,
[2026-08-19T16:01:16.743Z] error: undefined,
[2026-08-19T16:01:16.743Z] data: [
[2026-08-19T16:01:16.743Z] {
[2026-08-19T16:01:16.743Z] id: '67040b77-248a-420d-8be2-5c5eca65ca8f',
[2026-08-19T16:01:16.743Z] user_id: '57fc7b0a-5ba0-42fb-ad0c-f15ee32c6df3',
[2026-08-19T16:01:16.743Z] name: 'Produzindo',
[2026-08-19T16:01:16.743Z] color: '#ff6600',
[2026-08-19T16:01:16.743Z] duration_minutes: 57,
[2026-08-19T16:01:16.743Z] created_at: '2026-01-19T22:01:03.082007+00:00'
[2026-08-19T16:01:16.743Z] },
[2026-08-19T16:01:16.744Z] {
[2026-08-19T16:01:16.744Z] id: '5e6728b1-cde5-4c8b-a296-116604eadee0',
[2026-08-19T16:01:16.744Z] user_id: '57fc7b0a-5ba0-42fb-ad0c-f15ee32c6df3',
[2026-08-19T16:01:16.744Z] name: 'Estudando',
[2026-08-19T16:01:16.744Z] color: '#002aff',
[2026-08-19T16:01:16.744Z] duration_minutes: 30,
[2026-08-19T16:01:16.744Z] created_at: '2026-01-19T22:01:03.284823+00:00'
[2026-08-19T16:01:16.744Z] },
[2026-08-19T16:01:16.744Z] {
[2026-08-19T16:01:16.744Z] id: '4ec39e04-b451-4c7a-845d-571dc624e600',
[2026-08-19T16:01:16.744Z] user_id: '57fc7b0a-5ba0-42fb-ad0c-f15ee32c6df3',
[2026-08-19T16:01:16.744Z] name: 'Conteúdos',
[2026-08-19T16:01:16.744Z] color: '#00d13f',
[2026-08-19T16:01:16.744Z] duration_minutes: 27,
[2026-08-19T16:01:16.744Z] created_at: '2026-01-19T22:01:03.486292+00:00'
[2026-08-19T16:01:16.744Z] }
[2026-08-19T16:01:16.744Z] ]
[2026-08-19T16:01:16.744Z] }
[2026-08-19T16:01:16.744Z] [API /pomodoro/get-settings] Settings response: {
[2026-08-19T16:01:16.744Z] data: {
[2026-08-19T16:01:16.744Z] id: '6729871f-4efa-4304-a753-1f7dd1859400',
[2026-08-19T16:01:16.744Z] user_id: '57fc7b0a-5ba0-42fb-ad0c-f15ee32c6df3',
[2026-08-19T16:01:16.744Z] short_break_minutes: 5,
[2026-08-19T16:01:16.744Z] long_break_minutes: 15,
[2026-08-19T16:01:16.744Z] cycles_until_long_break: 4,
[2026-08-19T16:01:16.744Z] updated_at: '2026-01-31T22:04:42.725+00:00'
[2026-08-19T16:01:16.744Z] },
[2026-08-19T16:01:16.744Z] error: undefined
[2026-08-19T16:01:16.744Z] }
[2026-08-19T16:01:16.744Z] [API /pomodoro/get-settings] Sessions response: { count: 19, error: undefined }
[2026-08-19T16:01:16.744Z] [API /pomodoro/get-settings] Returning settings with 19 sessions
[2026-08-19T16:01:16.744Z] GET /api/pomodoro/get-settings 200 in 673ms
[2026-08-19T16:02:16.786Z] [API /pomodoro/get-settings] Starting request...
[2026-08-19T16:02:17.271Z] [API /pomodoro/get-settings] User authenticated: 57fc7b0a-5ba0-42fb-ad0c-f15ee32c6df3
[2026-08-19T16:02:17.426Z] [API /pomodoro/get-settings] Categories response: {
[2026-08-19T16:02:17.426Z] count: 3,
[2026-08-19T16:02:17.426Z] error: undefined,
[2026-08-19T16:02:17.426Z] data: [
[2026-08-19T16:02:17.426Z] {
[2026-08-19T16:02:17.426Z] id: '67040b77-248a-420d-8be2-5c5eca65ca8f',
[2026-08-19T16:02:17.426Z] user_id: '57fc7b0a-5ba0-42fb-ad0c-f15ee32c6df3',
[2026-08-19T16:02:17.426Z] name: 'Produzindo',
[2026-08-19T16:02:17.426Z] color: '#ff6600',
[2026-08-19T16:02:17.426Z] duration_minutes: 57,
[2026-08-19T16:02:17.426Z] created_at: '2026-01-19T22:01:03.082007+00:00'
[2026-08-19T16:02:17.426Z] },
[2026-08-19T16:02:17.426Z] {
[2026-08-19T16:02:17.426Z] id: '5e6728b1-cde5-4c8b-a296-116604eadee0',
[2026-08-19T16:02:17.426Z] user_id: '57fc7b0a-5ba0-42fb-ad0c-f15ee32c6df3',
[2026-08-19T16:02:17.426Z] name: 'Estudando',
[2026-08-19T16:02:17.426Z] color: '#002aff',
[2026-08-19T16:02:17.426Z] duration_minutes: 30,
[2026-08-19T16:02:17.426Z] created_at: '2026-01-19T22:01:03.284823+00:00'
[2026-08-19T16:02:17.426Z] },
[2026-08-19T16:02:17.426Z] {
[2026-08-19T16:02:17.426Z] id: '4ec39e04-b451-4c7a-845d-571dc624e600',
[2026-08-19T16:02:17.426Z] user_id: '57fc7b0a-5ba0-42fb-ad0c-f15ee32c6df3',
[2026-08-19T16:02:17.426Z] name: 'Conteúdos',
[2026-08-19T16:02:17.426Z] color: '#00d13f',
[2026-08-19T16:02:17.426Z] duration_minutes: 27,
[2026-08-19T16:02:17.426Z] created_at: '2026-01-19T22:01:03.486292+00:00'
[2026-08-19T16:02:17.426Z] }
[2026-08-19T16:02:17.426Z] ]
[2026-08-19T16:02:17.426Z] }
[2026-08-19T16:02:17.426Z] [API /pomodoro/get-settings] Settings response: {
[2026-08-19T16:02:17.426Z] data: {
[2026-08-19T16:02:17.426Z] id: '6729871f-4efa-4304-a753-1f7dd1859400',
[2026-08-19T16:02:17.426Z] user_id: '57fc7b0a-5ba0-42fb-ad0c-f15ee32c6df3',
[2026-08-19T16:02:17.426Z] short_break_minutes: 5,
[2026-08-19T16:02:17.426Z] long_break_minutes: 15,
[2026-08-19T16:02:17.426Z] cycles_until_long_break: 4,
[2026-08-19T16:02:17.426Z] updated_at: '2026-01-31T22:04:42.725+00:00'
[2026-08-19T16:02:17.426Z] },
[2026-08-19T16:02:17.426Z] error: undefined
[2026-08-19T16:02:17.426Z] }
[2026-08-19T16:02:17.426Z] [API /pomodoro/get-settings] Sessions response: { count: 19, error: undefined }
[2026-08-19T16:02:17.426Z] [API /pomodoro/get-settings] Returning settings with 19 sessions
[2026-08-19T16:02:17.427Z] GET /api/pomodoro/get-settings 200 in 879ms
[2026-08-19T16:03:16.791Z] [API /pomodoro/get-settings] Starting request...
[2026-08-19T16:03:16.932Z] [API /pomodoro/get-settings] User authenticated: 57fc7b0a-5ba0-42fb-ad0c-f15ee32c6df3
[2026-08-19T16:03:17.110Z] [API /pomodoro/get-settings] Categories response: {
[2026-08-19T16:03:17.110Z] count: 3,
[2026-08-19T16:03:17.110Z] error: undefined,
[2026-08-19T16:03:17.110Z] data: [
[2026-08-19T16:03:17.110Z] {
[2026-08-19T16:03:17.110Z] id: '67040b77-248a-420d-8be2-5c5eca65ca8f',
[2026-08-19T16:03:17.110Z] user_id: '57fc7b0a-5ba0-42fb-ad0c-f15ee32c6df3',
[2026-08-19T16:03:17.111Z] name: 'Produzindo',
[2026-08-19T16:03:17.111Z] color: '#ff6600',
[2026-08-19T16:03:17.111Z] duration_minutes: 57,
[2026-08-19T16:03:17.111Z] created_at: '2026-01-19T22:01:03.082007+00:00'
[2026-08-19T16:03:17.111Z] },
[2026-08-19T16:03:17.111Z] {
[2026-08-19T16:03:17.111Z] id: '5e6728b1-cde5-4c8b-a296-116604eadee0',
[2026-08-19T16:03:17.111Z] user_id: '57fc7b0a-5ba0-42fb-ad0c-f15ee32c6df3',
[2026-08-19T16:03:17.111Z] name: 'Estudando',
[2026-08-19T16:03:17.111Z] color: '#002aff',
[2026-08-19T16:03:17.111Z] duration_minutes: 30,
[2026-08-19T16:03:17.111Z] created_at: '2026-01-19T22:01:03.284823+00:00'
[2026-08-19T16:03:17.111Z] },
[2026-08-19T16:03:17.111Z] {
[2026-08-19T16:03:17.111Z] id: '4ec39e04-b451-4c7a-845d-571dc624e600',
[2026-08-19T16:03:17.111Z] user_id: '57fc7b0a-5ba0-42fb-ad0c-f15ee32c6df3',
[2026-08-19T16:03:17.111Z] name: 'Conteúdos',
[2026-08-19T16:03:17.111Z] color: '#00d13f',
[2026-08-19T16:03:17.111Z] duration_minutes: 27,
[2026-08-19T16:03:17.111Z] created_at: '2026-01-19T22:01:03.486292+00:00'
[2026-08-19T16:03:17.111Z] }
[2026-08-19T16:03:17.111Z] ]
[2026-08-19T16:03:17.111Z] }
[2026-08-19T16:03:17.111Z] [API /pomodoro/get-settings] Settings response: {
[2026-08-19T16:03:17.111Z] data: {
[2026-08-19T16:03:17.111Z] id: '6729871f-4efa-4304-a753-1f7dd1859400',
[2026-08-19T16:03:17.111Z] user_id: '57fc7b0a-5ba0-42fb-ad0c-f15ee32c6df3',
[2026-08-19T16:03:17.111Z] short_break_minutes: 5,
[2026-08-19T16:03:17.111Z] long_break_minutes: 15,
[2026-08-19T16:03:17.111Z] cycles_until_long_break: 4,
[2026-08-19T16:03:17.111Z] updated_at: '2026-01-31T22:04:42.725+00:00'
[2026-08-19T16:03:17.111Z] },
[2026-08-19T16:03:17.111Z] error: undefined
[2026-08-19T16:03:17.111Z] }
[2026-08-19T16:03:17.111Z] [API /pomodoro/get-settings] Sessions response: { count: 19, error: undefined }
[2026-08-19T16:03:17.111Z] [API /pomodoro/get-settings] Returning settings with 19 sessions
[2026-08-19T16:03:17.112Z] GET /api/pomodoro/get-settings 200 in 563ms
[2026-08-19T16:03:20.752Z] [API /pomodoro/get-settings] Starting request...
[2026-08-19T16:03:20.826Z] [API /pomodoro/get-settings] User authenticated: 57fc7b0a-5ba0-42fb-ad0c-f15ee32c6df3
[2026-08-19T16:03:20.976Z] [API /pomodoro/get-settings] Categories response: {
[2026-08-19T16:03:20.976Z] count: 3,
[2026-08-19T16:03:20.976Z] error: undefined,
[2026-08-19T16:03:20.976Z] data: [
[2026-08-19T16:03:20.976Z] {
[2026-08-19T16:03:20.976Z] id: '67040b77-248a-420d-8be2-5c5eca65ca8f',
[2026-08-19T16:03:20.976Z] user_id: '57fc7b0a-5ba0-42fb-ad0c-f15ee32c6df3',
[2026-08-19T16:03:20.976Z] name: 'Produzindo',
[2026-08-19T16:03:20.976Z] color: '#ff6600',
[2026-08-19T16:03:20.976Z] duration_minutes: 57,
[2026-08-19T16:03:20.976Z] created_at: '2026-01-19T22:01:03.082007+00:00'
[2026-08-19T16:03:20.976Z] },
[2026-08-19T16:03:20.976Z] {
[2026-08-19T16:03:20.976Z] id: '5e6728b1-cde5-4c8b-a296-116604eadee0',
[2026-08-19T16:03:20.976Z] user_id: '57fc7b0a-5ba0-42fb-ad0c-f15ee32c6df3',
[2026-08-19T16:03:20.976Z] name: 'Estudando',
[2026-08-19T16:03:20.976Z] color: '#002aff',
[2026-08-19T16:03:20.976Z] duration_minutes: 30,
[2026-08-19T16:03:20.976Z] created_at: '2026-01-19T22:01:03.284823+00:00'
[2026-08-19T16:03:20.976Z] },
[2026-08-19T16:03:20.976Z] {
[2026-08-19T16:03:20.976Z] id: '4ec39e04-b451-4c7a-845d-571dc624e600',
[2026-08-19T16:03:20.976Z] user_id: '57fc7b0a-5ba0-42fb-ad0c-f15ee32c6df3',
[2026-08-19T16:03:20.976Z] name: 'Conteúdos',
[2026-08-19T16:03:20.976Z] color: '#00d13f',
[2026-08-19T16:03:20.976Z] duration_minutes: 27,
[2026-08-19T16:03:20.976Z] created_at: '2026-01-19T22:01:03.486292+00:00'
[2026-08-19T16:03:20.976Z] }
[2026-08-19T16:03:20.976Z] ]
[2026-08-19T16:03:20.976Z] }
[2026-08-19T16:03:20.976Z] [API /pomodoro/get-settings] Settings response: {
[2026-08-19T16:03:20.976Z] data: {
[2026-08-19T16:03:20.976Z] id: '6729871f-4efa-4304-a753-1f7dd1859400',
[2026-08-19T16:03:20.976Z] user_id: '57fc7b0a-5ba0-42fb-ad0c-f15ee32c6df3',
[2026-08-19T16:03:20.976Z] short_break_minutes: 5,
[2026-08-19T16:03:20.976Z] long_break_minutes: 15,
[2026-08-19T16:03:20.976Z] cycles_until_long_break: 4,
[2026-08-19T16:03:20.976Z] updated_at: '2026-01-31T22:04:42.725+00:00'
[2026-08-19T16:03:20.976Z] },
[2026-08-19T16:03:20.976Z] error: undefined
[2026-08-19T16:03:20.976Z] }
[2026-08-19T16:03:20.976Z] [API /pomodoro/get-settings] Sessions response: { count: 19, error: undefined }
[2026-08-19T16:03:20.976Z] [API /pomodoro/get-settings] Returning settings with 19 sessions
[2026-08-19T16:03:20.978Z] GET /api/pomodoro/get-settings 200 in 475ms
[2026-08-19T16:04:20.843Z] [API /pomodoro/get-settings] Starting request...
[2026-08-19T16:04:21.161Z] [API /pomodoro/get-settings] User authenticated: 57fc7b0a-5ba0-42fb-ad0c-f15ee32c6df3
[2026-08-19T16:04:21.332Z] [API /pomodoro/get-settings] Categories response: {
[2026-08-19T16:04:21.332Z] count: 3,
[2026-08-19T16:04:21.332Z] error: undefined,
[2026-08-19T16:04:21.332Z] data: [
[2026-08-19T16:04:21.332Z] {
[2026-08-19T16:04:21.332Z] id: '67040b77-248a-420d-8be2-5c5eca65ca8f',
[2026-08-19T16:04:21.333Z] user_id: '57fc7b0a-5ba0-42fb-ad0c-f15ee32c6df3',
[2026-08-19T16:04:21.333Z] name: 'Produzindo',
[2026-08-19T16:04:21.333Z] color: '#ff6600',
[2026-08-19T16:04:21.333Z] duration_minutes: 57,
[2026-08-19T16:04:21.333Z] created_at: '2026-01-19T22:01:03.082007+00:00'
[2026-08-19T16:04:21.333Z] },
[2026-08-19T16:04:21.333Z] {
[2026-08-19T16:04:21.333Z] id: '5e6728b1-cde5-4c8b-a296-116604eadee0',
[2026-08-19T16:04:21.333Z] user_id: '57fc7b0a-5ba0-42fb-ad0c-f15ee32c6df3',
[2026-08-19T16:04:21.333Z] name: 'Estudando',
[2026-08-19T16:04:21.333Z] color: '#002aff',
[2026-08-19T16:04:21.333Z] duration_minutes: 30,
[2026-08-19T16:04:21.333Z] created_at: '2026-01-19T22:01:03.284823+00:00'
[2026-08-19T16:04:21.333Z] },
[2026-08-19T16:04:21.333Z] {
[2026-08-19T16:04:21.333Z] id: '4ec39e04-b451-4c7a-845d-571dc624e600',
[2026-08-19T16:04:21.333Z] user_id: '57fc7b0a-5ba0-42fb-ad0c-f15ee32c6df3',
[2026-08-19T16:04:21.333Z] name: 'Conteúdos',
[2026-08-19T16:04:21.333Z] color: '#00d13f',
[2026-08-19T16:04:21.333Z] duration_minutes: 27,
[2026-08-19T16:04:21.333Z] created_at: '2026-01-19T22:01:03.486292+00:00'
[2026-08-19T16:04:21.333Z] }
[2026-08-19T16:04:21.333Z] ]
[2026-08-19T16:04:21.333Z] }
[2026-08-19T16:04:21.333Z] [API /pomodoro/get-settings] Settings response: {
[2026-08-19T16:04:21.333Z] data: {
[2026-08-19T16:04:21.333Z] id: '6729871f-4efa-4304-a753-1f7dd1859400',
[2026-08-19T16:04:21.333Z] user_id: '57fc7b0a-5ba0-42fb-ad0c-f15ee32c6df3',
[2026-08-19T16:04:21.333Z] short_break_minutes: 5,
[2026-08-19T16:04:21.333Z] long_break_minutes: 15,
[2026-08-19T16:04:21.333Z] cycles_until_long_break: 4,
[2026-08-19T16:04:21.333Z] updated_at: '2026-01-31T22:04:42.725+00:00'
[2026-08-19T16:04:21.333Z] },
[2026-08-19T16:04:21.333Z] error: undefined
[2026-08-19T16:04:21.333Z] }
[2026-08-19T16:04:21.333Z] [API /pomodoro/get-settings] Sessions response: { count: 19, error: undefined }
[2026-08-19T16:04:21.333Z] [API /pomodoro/get-settings] Returning settings with 19 sessions
[2026-08-19T16:04:21.334Z] GET /api/pomodoro/get-settings 200 in 730ms
[2026-08-19T16:05:20.803Z] [API /pomodoro/get-settings] Starting request...
[2026-08-19T16:05:20.975Z] [API /pomodoro/get-settings] User authenticated: 57fc7b0a-5ba0-42fb-ad0c-f15ee32c6df3
[2026-08-19T16:05:21.178Z] [API /pomodoro/get-settings] Categories response: {
[2026-08-19T16:05:21.178Z] count: 3,
[2026-08-19T16:05:21.178Z] error: undefined,
[2026-08-19T16:05:21.178Z] data: [
[2026-08-19T16:05:21.178Z] {
[2026-08-19T16:05:21.178Z] id: '67040b77-248a-420d-8be2-5c5eca65ca8f',
[2026-08-19T16:05:21.178Z] user_id: '57fc7b0a-5ba0-42fb-ad0c-f15ee32c6df3',
[2026-08-19T16:05:21.178Z] name: 'Produzindo',
[2026-08-19T16:05:21.178Z] color: '#ff6600',
[2026-08-19T16:05:21.178Z] duration_minutes: 57,
[2026-08-19T16:05:21.178Z] created_at: '2026-01-19T22:01:03.082007+00:00'
[2026-08-19T16:05:21.178Z] },
[2026-08-19T16:05:21.178Z] {
[2026-08-19T16:05:21.178Z] id: '5e6728b1-cde5-4c8b-a296-116604eadee0',
[2026-08-19T16:05:21.178Z] user_id: '57fc7b0a-5ba0-42fb-ad0c-f15ee32c6df3',
[2026-08-19T16:05:21.178Z] name: 'Estudando',
[2026-08-19T16:05:21.178Z] color: '#002aff',
[2026-08-19T16:05:21.178Z] duration_minutes: 30,
[2026-08-19T16:05:21.178Z] created_at: '2026-01-19T22:01:03.284823+00:00'
[2026-08-19T16:05:21.178Z] },
[2026-08-19T16:05:21.178Z] {
[2026-08-19T16:05:21.178Z] id: '4ec39e04-b451-4c7a-845d-571dc624e600',
[2026-08-19T16:05:21.178Z] user_id: '57fc7b0a-5ba0-42fb-ad0c-f15ee32c6df3',
[2026-08-19T16:05:21.178Z] name: 'Conteúdos',
[2026-08-19T16:05:21.178Z] color: '#00d13f',
[2026-08-19T16:05:21.178Z] duration_minutes: 27,
[2026-08-19T16:05:21.178Z] created_at: '2026-01-19T22:01:03.486292+00:00'
[2026-08-19T16:05:21.178Z] }
[2026-08-19T16:05:21.178Z] ]
[2026-08-19T16:05:21.178Z] }
[2026-08-19T16:05:21.178Z] [API /pomodoro/get-settings] Settings response: {
[2026-08-19T16:05:21.178Z] data: {
[2026-08-19T16:05:21.179Z] id: '6729871f-4efa-4304-a753-1f7dd1859400',
[2026-08-19T16:05:21.179Z] user_id: '57fc7b0a-5ba0-42fb-ad0c-f15ee32c6df3',
[2026-08-19T16:05:21.179Z] short_break_minutes: 5,
[2026-08-19T16:05:21.179Z] long_break_minutes: 15,
[2026-08-19T16:05:21.179Z] cycles_until_long_break: 4,
[2026-08-19T16:05:21.179Z] updated_at: '2026-01-31T22:04:42.725+00:00'
[2026-08-19T16:05:21.179Z] },
[2026-08-19T16:05:21.179Z] error: undefined
[2026-08-19T16:05:21.179Z] }
[2026-08-19T16:05:21.179Z] [API /pomodoro/get-settings] Sessions response: { count: 19, error: undefined }
[2026-08-19T16:05:21.179Z] [API /pomodoro/get-settings] Returning settings with 19 sessions
[2026-08-19T16:05:21.180Z] GET /api/pomodoro/get-settings 200 in 627ms
[2026-08-19T16:05:43.342Z] [PomodoroTimer] Initial categoryDurations from settings: { produtividade: 25, estudos: 50, descanso: 15 }
[2026-08-19T16:05:43.390Z] GET /?from_webdev=1 200 in 166ms
[2026-08-19T16:05:48.821Z] [PomodoroTimer] Initial categoryDurations from settings: { produtividade: 25, estudos: 50, descanso: 15 }
[2026-08-19T16:05:48.861Z] HEAD / 200 in 129ms
[2026-08-19T16:05:49.660Z] [PomodoroTimer] Initial categoryDurations from settings: { produtividade: 25, estudos: 50, descanso: 15 }
[2026-08-19T16:05:49.705Z] GET /?from_webdev=1 200 in 139ms
[2026-08-19T16:06:20.808Z] [API /pomodoro/get-settings] Starting request...
[2026-08-19T16:06:21.002Z] [API /pomodoro/get-settings] User authenticated: 57fc7b0a-5ba0-42fb-ad0c-f15ee32c6df3
[2026-08-19T16:06:21.171Z] [API /pomodoro/get-settings] Categories response: {
[2026-08-19T16:06:21.171Z] count: 3,
[2026-08-19T16:06:21.171Z] error: undefined,
[2026-08-19T16:06:21.171Z] data: [
[2026-08-19T16:06:21.171Z] {
[2026-08-19T16:06:21.171Z] id: '67040b77-248a-420d-8be2-5c5eca65ca8f',
[2026-08-19T16:06:21.171Z] user_id: '57fc7b0a-5ba0-42fb-ad0c-f15ee32c6df3',
[2026-08-19T16:06:21.171Z] name: 'Produzindo',
[2026-08-19T16:06:21.171Z] color: '#ff6600',
[2026-08-19T16:06:21.171Z] duration_minutes: 57,
[2026-08-19T16:06:21.171Z] created_at: '2026-01-19T22:01:03.082007+00:00'
[2026-08-19T16:06:21.171Z] },
[2026-08-19T16:06:21.171Z] {
[2026-08-19T16:06:21.171Z] id: '5e6728b1-cde5-4c8b-a296-116604eadee0',
[2026-08-19T16:06:21.171Z] user_id: '57fc7b0a-5ba0-42fb-ad0c-f15ee32c6df3',
[2026-08-19T16:06:21.171Z] name: 'Estudando',
[2026-08-19T16:06:21.171Z] color: '#002aff',
[2026-08-19T16:06:21.171Z] duration_minutes: 30,
[2026-08-19T16:06:21.171Z] created_at: '2026-01-19T22:01:03.284823+00:00'
[2026-08-19T16:06:21.171Z] },
[2026-08-19T16:06:21.171Z] {
[2026-08-19T16:06:21.171Z] id: '4ec39e04-b451-4c7a-845d-571dc624e600',
[2026-08-19T16:06:21.171Z] user_id: '57fc7b0a-5ba0-42fb-ad0c-f15ee32c6df3',
[2026-08-19T16:06:21.171Z] name: 'Conteúdos',
[2026-08-19T16:06:21.171Z] color: '#00d13f',
[2026-08-19T16:06:21.171Z] duration_minutes: 27,
[2026-08-19T16:06:21.171Z] created_at: '2026-01-19T22:01:03.486292+00:00'
[2026-08-19T16:06:21.171Z] }
[2026-08-19T16:06:21.171Z] ]
[2026-08-19T16:06:21.171Z] }
[2026-08-19T16:06:21.171Z] [API /pomodoro/get-settings] Settings response: {
[2026-08-19T16:06:21.171Z] data: {
[2026-08-19T16:06:21.171Z] id: '6729871f-4efa-4304-a753-1f7dd1859400',
[2026-08-19T16:06:21.171Z] user_id: '57fc7b0a-5ba0-42fb-ad0c-f15ee32c6df3',
[2026-08-19T16:06:21.171Z] short_break_minutes: 5,
[2026-08-19T16:06:21.171Z] long_break_minutes: 15,
[2026-08-19T16:06:21.171Z] cycles_until_long_break: 4,
[2026-08-19T16:06:21.171Z] updated_at: '2026-01-31T22:04:42.725+00:00'
[2026-08-19T16:06:21.171Z] },
[2026-08-19T16:06:21.171Z] error: undefined
[2026-08-19T16:06:21.171Z] }
[2026-08-19T16:06:21.171Z] [API /pomodoro/get-settings] Sessions response: { count: 19, error: undefined }
[2026-08-19T16:06:21.171Z] [API /pomodoro/get-settings] Returning settings with 19 sessions
[2026-08-19T16:06:21.173Z] GET /api/pomodoro/get-settings 200 in 613ms
[2026-08-19T16:07:20.794Z] [API /pomodoro/get-settings] Starting request...
[2026-08-19T16:07:20.939Z] [API /pomodoro/get-settings] User authenticated: 57fc7b0a-5ba0-42fb-ad0c-f15ee32c6df3
[2026-08-19T16:07:21.087Z] [API /pomodoro/get-settings] Categories response: {
[2026-08-19T16:07:21.088Z] count: 3,
[2026-08-19T16:07:21.088Z] error: undefined,
[2026-08-19T16:07:21.088Z] data: [
[2026-08-19T16:07:21.088Z] {
[2026-08-19T16:07:21.088Z] id: '67040b77-248a-420d-8be2-5c5eca65ca8f',
[2026-08-19T16:07:21.088Z] user_id: '57fc7b0a-5ba0-42fb-ad0c-f15ee32c6df3',
[2026-08-19T16:07:21.088Z] name: 'Produzindo',
[2026-08-19T16:07:21.088Z] color: '#ff6600',
[2026-08-19T16:07:21.088Z] duration_minutes: 57,
[2026-08-19T16:07:21.088Z] created_at: '2026-01-19T22:01:03.082007+00:00'
[2026-08-19T16:07:21.088Z] },
[2026-08-19T16:07:21.088Z] {
[2026-08-19T16:07:21.088Z] id: '5e6728b1-cde5-4c8b-a296-116604eadee0',
[2026-08-19T16:07:21.088Z] user_id: '57fc7b0a-5ba0-42fb-ad0c-f15ee32c6df3',
[2026-08-19T16:07:21.088Z] name: 'Estudando',
[2026-08-19T16:07:21.088Z] color: '#002aff',
[2026-08-19T16:07:21.088Z] duration_minutes: 30,
[2026-08-19T16:07:21.088Z] created_at: '2026-01-19T22:01:03.284823+00:00'
[2026-08-19T16:07:21.088Z] },
[2026-08-19T16:07:21.088Z] {
[2026-08-19T16:07:21.088Z] id: '4ec39e04-b451-4c7a-845d-571dc624e600',
[2026-08-19T16:07:21.088Z] user_id: '57fc7b0a-5ba0-42fb-ad0c-f15ee32c6df3',
[2026-08-19T16:07:21.088Z] name: 'Conteúdos',
[2026-08-19T16:07:21.088Z] color: '#00d13f',
[2026-08-19T16:07:21.088Z] duration_minutes: 27,
[2026-08-19T16:07:21.088Z] created_at: '2026-01-19T22:01:03.486292+00:00'
[2026-08-19T16:07:21.088Z] }
[2026-08-19T16:07:21.088Z] ]
[2026-08-19T16:07:21.088Z] }
[2026-08-19T16:07:21.088Z] [API /pomodoro/get-settings] Settings response: {
[2026-08-19T16:07:21.088Z] data: {
[2026-08-19T16:07:21.088Z] id: '6729871f-4efa-4304-a753-1f7dd1859400',
[2026-08-19T16:07:21.088Z] user_id: '57fc7b0a-5ba0-42fb-ad0c-f15ee32c6df3',
[2026-08-19T16:07:21.088Z] short_break_minutes: 5,
[2026-08-19T16:07:21.088Z] long_break_minutes: 15,
[2026-08-19T16:07:21.088Z] cycles_until_long_break: 4,
[2026-08-19T16:07:21.088Z] updated_at: '2026-01-31T22:04:42.725+00:00'
[2026-08-19T16:07:21.088Z] },
[2026-08-19T16:07:21.088Z] error: undefined
[2026-08-19T16:07:21.088Z] }
[2026-08-19T16:07:21.088Z] [API /pomodoro/get-settings] Sessions response: { count: 19, error: undefined }
[2026-08-19T16:07:21.088Z] [API /pomodoro/get-settings] Returning settings with 19 sessions
[2026-08-19T16:07:21.089Z] GET /api/pomodoro/get-settings 200 in 530ms
[2026-08-19T16:08:20.826Z] [API /pomodoro/get-settings] Starting request...
[2026-08-19T16:08:21.083Z] [API /pomodoro/get-settings] User authenticated: 57fc7b0a-5ba0-42fb-ad0c-f15ee32c6df3
[2026-08-19T16:08:21.236Z] [API /pomodoro/get-settings] Categories response: {
[2026-08-19T16:08:21.236Z] count: 3,
[2026-08-19T16:08:21.236Z] error: undefined,
[2026-08-19T16:08:21.236Z] data: [
[2026-08-19T16:08:21.236Z] {
[2026-08-19T16:08:21.236Z] id: '67040b77-248a-420d-8be2-5c5eca65ca8f',
[2026-08-19T16:08:21.236Z] user_id: '57fc7b0a-5ba0-42fb-ad0c-f15ee32c6df3',
[2026-08-19T16:08:21.236Z] name: 'Produzindo',
[2026-08-19T16:08:21.236Z] color: '#ff6600',
[2026-08-19T16:08:21.236Z] duration_minutes: 57,
[2026-08-19T16:08:21.236Z] created_at: '2026-01-19T22:01:03.082007+00:00'
[2026-08-19T16:08:21.236Z] },
[2026-08-19T16:08:21.236Z] {
[2026-08-19T16:08:21.236Z] id: '5e6728b1-cde5-4c8b-a296-116604eadee0',
[2026-08-19T16:08:21.236Z] user_id: '57fc7b0a-5ba0-42fb-ad0c-f15ee32c6df3',
[2026-08-19T16:08:21.236Z] name: 'Estudando',
[2026-08-19T16:08:21.236Z] color: '#002aff',
[2026-08-19T16:08:21.236Z] duration_minutes: 30,
[2026-08-19T16:08:21.236Z] created_at: '2026-01-19T22:01:03.284823+00:00'
[2026-08-19T16:08:21.236Z] },
[2026-08-19T16:08:21.236Z] {
[2026-08-19T16:08:21.236Z] id: '4ec39e04-b451-4c7a-845d-571dc624e600',
[2026-08-19T16:08:21.236Z] user_id: '57fc7b0a-5ba0-42fb-ad0c-f15ee32c6df3',
[2026-08-19T16:08:21.236Z] name: 'Conteúdos',
[2026-08-19T16:08:21.236Z] color: '#00d13f',
[2026-08-19T16:08:21.236Z] duration_minutes: 27,
[2026-08-19T16:08:21.236Z] created_at: '2026-01-19T22:01:03.486292+00:00'
[2026-08-19T16:08:21.236Z] }
[2026-08-19T16:08:21.236Z] ]
[2026-08-19T16:08:21.236Z] }
[2026-08-19T16:08:21.236Z] [API /pomodoro/get-settings] Settings response: {
[2026-08-19T16:08:21.236Z] data: {
[2026-08-19T16:08:21.236Z] id: '6729871f-4efa-4304-a753-1f7dd1859400',
[2026-08-19T16:08:21.236Z] user_id: '57fc7b0a-5ba0-42fb-ad0c-f15ee32c6df3',
[2026-08-19T16:08:21.236Z] short_break_minutes: 5,
[2026-08-19T16:08:21.236Z] long_break_minutes: 15,
[2026-08-19T16:08:21.236Z] cycles_until_long_break: 4,
[2026-08-19T16:08:21.236Z] updated_at: '2026-01-31T22:04:42.725+00:00'
[2026-08-19T16:08:21.236Z] },
[2026-08-19T16:08:21.236Z] error: undefined
[2026-08-19T16:08:21.236Z] }
[2026-08-19T16:08:21.236Z] [API /pomodoro/get-settings] Sessions response: { count: 19, error: undefined }
[2026-08-19T16:08:21.236Z] [API /pomodoro/get-settings] Returning settings with 19 sessions
[2026-08-19T16:08:21.237Z] GET /api/pomodoro/get-settings 200 in 675ms
[2026-08-19T16:09:17.445Z] [PomodoroTimer] Initial categoryDurations from settings: { produtividade: 25, estudos: 50, descanso: 15 }
[2026-08-19T16:09:17.516Z] GET /?from_webdev=1 200 in 827ms
[2026-08-19T16:09:20.795Z] [API /pomodoro/get-settings] Starting request...
[2026-08-19T16:09:20.958Z] [API /pomodoro/get-settings] User authenticated: 57fc7b0a-5ba0-42fb-ad0c-f15ee32c6df3
[2026-08-19T16:09:21.185Z] [API /pomodoro/get-settings] Categories response: {
[2026-08-19T16:09:21.185Z] count: 3,
[2026-08-19T16:09:21.185Z] error: undefined,
[2026-08-19T16:09:21.185Z] data: [
[2026-08-19T16:09:21.185Z] {
[2026-08-19T16:09:21.185Z] id: '67040b77-248a-420d-8be2-5c5eca65ca8f',
[2026-08-19T16:09:21.185Z] user_id: '57fc7b0a-5ba0-42fb-ad0c-f15ee32c6df3',
[2026-08-19T16:09:21.185Z] name: 'Produzindo',
[2026-08-19T16:09:21.185Z] color: '#ff6600',
[2026-08-19T16:09:21.185Z] duration_minutes: 57,
[2026-08-19T16:09:21.185Z] created_at: '2026-01-19T22:01:03.082007+00:00'
[2026-08-19T16:09:21.185Z] },
[2026-08-19T16:09:21.185Z] {
[2026-08-19T16:09:21.185Z] id: '5e6728b1-cde5-4c8b-a296-116604eadee0',
[2026-08-19T16:09:21.185Z] user_id: '57fc7b0a-5ba0-42fb-ad0c-f15ee32c6df3',
[2026-08-19T16:09:21.185Z] name: 'Estudando',
[2026-08-19T16:09:21.185Z] color: '#002aff',
[2026-08-19T16:09:21.185Z] duration_minutes: 30,
[2026-08-19T16:09:21.185Z] created_at: '2026-01-19T22:01:03.284823+00:00'
[2026-08-19T16:09:21.185Z] },
[2026-08-19T16:09:21.185Z] {
[2026-08-19T16:09:21.185Z] id: '4ec39e04-b451-4c7a-845d-571dc624e600',
[2026-08-19T16:09:21.185Z] user_id: '57fc7b0a-5ba0-42fb-ad0c-f15ee32c6df3',
[2026-08-19T16:09:21.185Z] name: 'Conteúdos',
[2026-08-19T16:09:21.185Z] color: '#00d13f',
[2026-08-19T16:09:21.185Z] duration_minutes: 27,
[2026-08-19T16:09:21.185Z] created_at: '2026-01-19T22:01:03.486292+00:00'
[2026-08-19T16:09:21.185Z] }
[2026-08-19T16:09:21.185Z] ]
[2026-08-19T16:09:21.185Z] }
[2026-08-19T16:09:21.185Z] [API /pomodoro/get-settings] Settings response: {
[2026-08-19T16:09:21.185Z] data: {
[2026-08-19T16:09:21.185Z] id: '6729871f-4efa-4304-a753-1f7dd1859400',
[2026-08-19T16:09:21.185Z] user_id: '57fc7b0a-5ba0-42fb-ad0c-f15ee32c6df3',
[2026-08-19T16:09:21.185Z] short_break_minutes: 5,
[2026-08-19T16:09:21.185Z] long_break_minutes: 15,
[2026-08-19T16:09:21.185Z] cycles_until_long_break: 4,
[2026-08-19T16:09:21.185Z] updated_at: '2026-01-31T22:04:42.725+00:00'
[2026-08-19T16:09:21.185Z] },
[2026-08-19T16:09:21.185Z] error: undefined
[2026-08-19T16:09:21.185Z] }
[2026-08-19T16:09:21.185Z] [API /pomodoro/get-settings] Sessions response: { count: 19, error: undefined }
[2026-08-19T16:09:21.185Z] [API /pomodoro/get-settings] Returning settings with 19 sessions
[2026-08-19T16:09:21.186Z] GET /api/pomodoro/get-settings 200 in 633ms
[2026-08-19T16:09:22.401Z] [PomodoroTimer] Initial categoryDurations from settings: { produtividade: 25, estudos: 50, descanso: 15 }
[2026-08-19T16:09:22.433Z] HEAD / 200 in 115ms
[2026-08-19T16:09:24.262Z] [PomodoroTimer] Initial categoryDurations from settings: { produtividade: 25, estudos: 50, descanso: 15 }
[2026-08-19T16:09:24.315Z] GET /?from_webdev=1 200 in 745ms
[2026-08-19T16:09:24.391Z] [PomodoroTimer] Initial categoryDurations from settings: { produtividade: 25, estudos: 50, descanso: 15 }
[2026-08-19T16:09:24.436Z] GET /?from_webdev=1 200 in 118ms
[2026-08-19T16:09:29.145Z] [PomodoroTimer] Initial categoryDurations from settings: { produtividade: 25, estudos: 50, descanso: 15 }
[2026-08-19T16:09:29.177Z] HEAD / 200 in 112ms
[2026-08-19T16:09:30.641Z] [PomodoroTimer] Initial categoryDurations from settings: { produtividade: 25, estudos: 50, descanso: 15 }
[2026-08-19T16:09:30.687Z] GET /?from_webdev=1 200 in 125ms
[2026-08-19T16:10:15.616Z] [PomodoroTimer] Initial categoryDurations from settings: { produtividade: 25, estudos: 50, descanso: 15 }
[2026-08-19T16:10:15.685Z] GET /?from_webdev=1 200 in 790ms
[2026-08-19T16:10:20.617Z] [PomodoroTimer] Initial categoryDurations from settings: { produtividade: 25, estudos: 50, descanso: 15 }
[2026-08-19T16:10:20.649Z] HEAD / 200 in 123ms
[2026-08-19T16:10:21.637Z] [PomodoroTimer] Initial categoryDurations from settings: { produtividade: 25, estudos: 50, descanso: 15 }
[2026-08-19T16:10:21.685Z] GET /?from_webdev=1 200 in 131ms
[2026-08-19T16:10:30.829Z] [API /pomodoro/get-settings] Starting request...
[2026-08-19T16:10:31.248Z] @supabase/ssr: createServerClient was configured without the setAll cookie method, but the client needs to set cookies. This can lead to issues such as random logouts, early session termination or increased token refresh requests. If in NextJS, check your middleware.ts file, route handlers and server actions for correctness.
[2026-08-19T16:10:31.319Z] [API /pomodoro/get-settings] User authenticated: 57fc7b0a-5ba0-42fb-ad0c-f15ee32c6df3
[2026-08-19T16:10:31.897Z] [API /pomodoro/get-settings] Categories response: {
[2026-08-19T16:10:31.897Z] count: 3,
[2026-08-19T16:10:31.897Z] error: undefined,
[2026-08-19T16:10:31.897Z] data: [
[2026-08-19T16:10:31.897Z] {
[2026-08-19T16:10:31.897Z] id: '67040b77-248a-420d-8be2-5c5eca65ca8f',
[2026-08-19T16:10:31.897Z] user_id: '57fc7b0a-5ba0-42fb-ad0c-f15ee32c6df3',
[2026-08-19T16:10:31.897Z] name: 'Produzindo',
[2026-08-19T16:10:31.897Z] color: '#ff6600',
[2026-08-19T16:10:31.897Z] duration_minutes: 57,
[2026-08-19T16:10:31.897Z] created_at: '2026-01-19T22:01:03.082007+00:00'
[2026-08-19T16:10:31.898Z] },
[2026-08-19T16:10:31.898Z] {
[2026-08-19T16:10:31.898Z] id: '5e6728b1-cde5-4c8b-a296-116604eadee0',
[2026-08-19T16:10:31.898Z] user_id: '57fc7b0a-5ba0-42fb-ad0c-f15ee32c6df3',
[2026-08-19T16:10:31.898Z] name: 'Estudando',
[2026-08-19T16:10:31.898Z] color: '#002aff',
[2026-08-19T16:10:31.898Z] duration_minutes: 30,
[2026-08-19T16:10:31.898Z] created_at: '2026-01-19T22:01:03.284823+00:00'
[2026-08-19T16:10:31.898Z] },
[2026-08-19T16:10:31.898Z] {
[2026-08-19T16:10:31.898Z] id: '4ec39e04-b451-4c7a-845d-571dc624e600',
[2026-08-19T16:10:31.898Z] user_id: '57fc7b0a-5ba0-42fb-ad0c-f15ee32c6df3',
[2026-08-19T16:10:31.898Z] name: 'Conteúdos',
[2026-08-19T16:10:31.898Z] color: '#00d13f',
[2026-08-19T16:10:31.898Z] duration_minutes: 27,
[2026-08-19T16:10:31.898Z] created_at: '2026-01-19T22:01:03.486292+00:00'
[2026-08-19T16:10:31.898Z] }
[2026-08-19T16:10:31.898Z] ]
[2026-08-19T16:10:31.898Z] }
[2026-08-19T16:10:31.898Z] [API /pomodoro/get-settings] Settings response: {
[2026-08-19T16:10:31.898Z] data: {
[2026-08-19T16:10:31.898Z] id: '6729871f-4efa-4304-a753-1f7dd1859400',
[2026-08-19T16:10:31.898Z] user_id: '57fc7b0a-5ba0-42fb-ad0c-f15ee32c6df3',
[2026-08-19T16:10:31.898Z] short_break_minutes: 5,
[2026-08-19T16:10:31.898Z] long_break_minutes: 15,
[2026-08-19T16:10:31.898Z] cycles_until_long_break: 4,
[2026-08-19T16:10:31.898Z] updated_at: '2026-01-31T22:04:42.725+00:00'
[2026-08-19T16:10:31.898Z] },
[2026-08-19T16:10:31.898Z] error: undefined
[2026-08-19T16:10:31.898Z] }
[2026-08-19T16:10:31.898Z] [API /pomodoro/get-settings] Sessions response: { count: 19, error: undefined }
[2026-08-19T16:10:31.898Z] [API /pomodoro/get-settings] Returning settings with 19 sessions
[2026-08-19T16:10:31.899Z] GET /api/pomodoro/get-settings 200 in 1317ms
[2026-08-19T16:11:13.759Z] [PomodoroTimer] Initial categoryDurations from settings: { produtividade: 25, estudos: 50, descanso: 15 }
[2026-08-19T16:11:13.805Z] GET /?from_webdev=1 200 in 145ms
[2026-08-19T16:11:18.936Z] [PomodoroTimer] Initial categoryDurations from settings: { produtividade: 25, estudos: 50, descanso: 15 }
[2026-08-19T16:11:18.968Z] HEAD / 200 in 120ms
[2026-08-19T16:11:19.628Z] [PomodoroTimer] Initial categoryDurations from settings: { produtividade: 25, estudos: 50, descanso: 15 }
[2026-08-19T16:11:19.677Z] GET /?from_webdev=1 200 in 131ms
[2026-08-19T16:11:20.736Z] [PomodoroTimer] Initial categoryDurations from settings: { produtividade: 25, estudos: 50, descanso: 15 }
[2026-08-19T16:11:20.785Z] GET /?from_webdev=1 200 in 155ms
[2026-08-19T16:11:25.392Z] [PomodoroTimer] Initial categoryDurations from settings: { produtividade: 25, estudos: 50, descanso: 15 }
[2026-08-19T16:11:25.418Z] HEAD / 200 in 101ms
[2026-08-19T16:11:26.643Z] [PomodoroTimer] Initial categoryDurations from settings: { produtividade: 25, estudos: 50, descanso: 15 }
[2026-08-19T16:11:26.686Z] GET /?from_webdev=1 200 in 123ms
[2026-08-19T16:11:31.812Z] [API /pomodoro/get-settings] Starting request...
[2026-08-19T16:11:31.984Z] [API /pomodoro/get-settings] User authenticated: 57fc7b0a-5ba0-42fb-ad0c-f15ee32c6df3
[2026-08-19T16:11:32.179Z] [API /pomodoro/get-settings] Categories response: {
[2026-08-19T16:11:32.179Z] count: 3,
[2026-08-19T16:11:32.179Z] error: undefined,
[2026-08-19T16:11:32.179Z] data: [
[2026-08-19T16:11:32.179Z] {
[2026-08-19T16:11:32.179Z] id: '67040b77-248a-420d-8be2-5c5eca65ca8f',
[2026-08-19T16:11:32.179Z] user_id: '57fc7b0a-5ba0-42fb-ad0c-f15ee32c6df3',
[2026-08-19T16:11:32.179Z] name: 'Produzindo',
[2026-08-19T16:11:32.179Z] color: '#ff6600',
[2026-08-19T16:11:32.179Z] duration_minutes: 57,
[2026-08-19T16:11:32.179Z] created_at: '2026-01-19T22:01:03.082007+00:00'
[2026-08-19T16:11:32.179Z] },
[2026-08-19T16:11:32.179Z] {
[2026-08-19T16:11:32.179Z] id: '5e6728b1-cde5-4c8b-a296-116604eadee0',
[2026-08-19T16:11:32.179Z] user_id: '57fc7b0a-5ba0-42fb-ad0c-f15ee32c6df3',
[2026-08-19T16:11:32.179Z] name: 'Estudando',
[2026-08-19T16:11:32.179Z] color: '#002aff',
[2026-08-19T16:11:32.179Z] duration_minutes: 30,
[2026-08-19T16:11:32.179Z] created_at: '2026-01-19T22:01:03.284823+00:00'
[2026-08-19T16:11:32.179Z] },
[2026-08-19T16:11:32.179Z] {
[2026-08-19T16:11:32.179Z] id: '4ec39e04-b451-4c7a-845d-571dc624e600',
[2026-08-19T16:11:32.179Z] user_id: '57fc7b0a-5ba0-42fb-ad0c-f15ee32c6df3',
[2026-08-19T16:11:32.179Z] name: 'Conteúdos',
[2026-08-19T16:11:32.179Z] color: '#00d13f',
[2026-08-19T16:11:32.179Z] duration_minutes: 27,
[2026-08-19T16:11:32.179Z] created_at: '2026-01-19T22:01:03.486292+00:00'
[2026-08-19T16:11:32.179Z] }
[2026-08-19T16:11:32.179Z] ]
[2026-08-19T16:11:32.179Z] }
[2026-08-19T16:11:32.179Z] [API /pomodoro/get-settings] Settings response: {
[2026-08-19T16:11:32.179Z] data: {
[2026-08-19T16:11:32.179Z] id: '6729871f-4efa-4304-a753-1f7dd1859400',
[2026-08-19T16:11:32.179Z] user_id: '57fc7b0a-5ba0-42fb-ad0c-f15ee32c6df3',
[2026-08-19T16:11:32.179Z] short_break_minutes: 5,
[2026-08-19T16:11:32.179Z] long_break_minutes: 15,
[2026-08-19T16:11:32.179Z] cycles_until_long_break: 4,
[2026-08-19T16:11:32.179Z] updated_at: '2026-01-31T22:04:42.725+00:00'
[2026-08-19T16:11:32.179Z] },
[2026-08-19T16:11:32.179Z] error: undefined
[2026-08-19T16:11:32.179Z] }
[2026-08-19T16:11:32.179Z] [API /pomodoro/get-settings] Sessions response: { count: 19, error: undefined }
[2026-08-19T16:11:32.179Z] [API /pomodoro/get-settings] Returning settings with 19 sessions
[2026-08-19T16:11:32.180Z] GET /api/pomodoro/get-settings 200 in 627ms
[2026-08-19T16:11:55.436Z] [PomodoroTimer] Initial categoryDurations from settings: { produtividade: 25, estudos: 50, descanso: 15 }
[2026-08-19T16:11:55.481Z] GET /?from_webdev=1 200 in 145ms
[2026-08-19T16:12:00.119Z] [PomodoroTimer] Initial categoryDurations from settings: { produtividade: 25, estudos: 50, descanso: 15 }
[2026-08-19T16:12:00.145Z] HEAD / 200 in 105ms
[2026-08-19T16:12:02.052Z] [PomodoroTimer] Initial categoryDurations from settings: { produtividade: 25, estudos: 50, descanso: 15 }
[2026-08-19T16:12:02.092Z] GET /?from_webdev=1 200 in 116ms
[2026-08-19T16:12:02.617Z] [PomodoroTimer] Initial categoryDurations from settings: { produtividade: 25, estudos: 50, descanso: 15 }
[2026-08-19T16:12:02.652Z] GET /?from_webdev=1 200 in 105ms
[2026-08-19T16:12:21.435Z] [PomodoroTimer] Initial categoryDurations from settings: { produtividade: 25, estudos: 50, descanso: 15 }
[2026-08-19T16:12:21.476Z] GET /?from_webdev=1 200 in 126ms
[2026-08-19T16:12:25.804Z] [PomodoroTimer] Initial categoryDurations from settings: { produtividade: 25, estudos: 50, descanso: 15 }
[2026-08-19T16:12:25.832Z] HEAD / 200 in 109ms
[2026-08-19T16:12:26.635Z] [PomodoroTimer] Initial categoryDurations from settings: { produtividade: 25, estudos: 50, descanso: 15 }
[2026-08-19T16:12:26.674Z] GET /?from_webdev=1 200 in 112ms
[2026-08-19T16:12:31.813Z] [API /pomodoro/get-settings] Starting request...
[2026-08-19T16:12:32.065Z] [API /pomodoro/get-settings] User authenticated: 57fc7b0a-5ba0-42fb-ad0c-f15ee32c6df3
[2026-08-19T16:12:32.232Z] [API /pomodoro/get-settings] Categories response: {
[2026-08-19T16:12:32.232Z] count: 3,
[2026-08-19T16:12:32.232Z] error: undefined,
[2026-08-19T16:12:32.232Z] data: [
[2026-08-19T16:12:32.232Z] {
[2026-08-19T16:12:32.232Z] id: '67040b77-248a-420d-8be2-5c5eca65ca8f',
[2026-08-19T16:12:32.232Z] user_id: '57fc7b0a-5ba0-42fb-ad0c-f15ee32c6df3',
[2026-08-19T16:12:32.232Z] name: 'Produzindo',
[2026-08-19T16:12:32.232Z] color: '#ff6600',
[2026-08-19T16:12:32.232Z] duration_minutes: 57,
[2026-08-19T16:12:32.232Z] created_at: '2026-01-19T22:01:03.082007+00:00'
[2026-08-19T16:12:32.232Z] },
[2026-08-19T16:12:32.232Z] {
[2026-08-19T16:12:32.232Z] id: '5e6728b1-cde5-4c8b-a296-116604eadee0',
[2026-08-19T16:12:32.232Z] user_id: '57fc7b0a-5ba0-42fb-ad0c-f15ee32c6df3',
[2026-08-19T16:12:32.232Z] name: 'Estudando',
[2026-08-19T16:12:32.232Z] color: '#002aff',
[2026-08-19T16:12:32.232Z] duration_minutes: 30,
[2026-08-19T16:12:32.232Z] created_at: '2026-01-19T22:01:03.284823+00:00'
[2026-08-19T16:12:32.232Z] },
[2026-08-19T16:12:32.232Z] {
[2026-08-19T16:12:32.232Z] id: '4ec39e04-b451-4c7a-845d-571dc624e600',
[2026-08-19T16:12:32.232Z] user_id: '57fc7b0a-5ba0-42fb-ad0c-f15ee32c6df3',
[2026-08-19T16:12:32.232Z] name: 'Conteúdos',
[2026-08-19T16:12:32.232Z] color: '#00d13f',
[2026-08-19T16:12:32.232Z] duration_minutes: 27,
[2026-08-19T16:12:32.232Z] created_at: '2026-01-19T22:01:03.486292+00:00'
[2026-08-19T16:12:32.232Z] }
[2026-08-19T16:12:32.232Z] ]
[2026-08-19T16:12:32.232Z] }
[2026-08-19T16:12:32.232Z] [API /pomodoro/get-settings] Settings response: {
[2026-08-19T16:12:32.232Z] data: {
[2026-08-19T16:12:32.232Z] id: '6729871f-4efa-4304-a753-1f7dd1859400',
[2026-08-19T16:12:32.232Z] user_id: '57fc7b0a-5ba0-42fb-ad0c-f15ee32c6df3',
[2026-08-19T16:12:32.232Z] short_break_minutes: 5,
[2026-08-19T16:12:32.232Z] long_break_minutes: 15,
[2026-08-19T16:12:32.232Z] cycles_until_long_break: 4,
[2026-08-19T16:12:32.232Z] updated_at: '2026-01-31T22:04:42.725+00:00'
[2026-08-19T16:12:32.232Z] },
[2026-08-19T16:12:32.232Z] error: undefined
[2026-08-19T16:12:32.232Z] }
[2026-08-19T16:12:32.232Z] [API /pomodoro/get-settings] Sessions response: { count: 19, error: undefined }
[2026-08-19T16:12:32.232Z] [API /pomodoro/get-settings] Returning settings with 19 sessions
[2026-08-19T16:12:32.234Z] GET /api/pomodoro/get-settings 200 in 678ms
[2026-08-19T16:13:07.567Z] [PomodoroTimer] Initial categoryDurations from settings: { produtividade: 25, estudos: 50, descanso: 15 }
[2026-08-19T16:13:07.606Z] GET /?from_webdev=1 200 in 158ms
[2026-08-19T16:13:12.442Z] [PomodoroTimer] Initial categoryDurations from settings: { produtividade: 25, estudos: 50, descanso: 15 }
[2026-08-19T16:13:12.469Z] HEAD / 200 in 109ms
[2026-08-19T16:13:13.655Z] [PomodoroTimer] Initial categoryDurations from settings: { produtividade: 25, estudos: 50, descanso: 15 }
[2026-08-19T16:13:13.697Z] GET /?from_webdev=1 200 in 133ms
[2026-08-19T16:13:31.823Z] [API /pomodoro/get-settings] Starting request...
[2026-08-19T16:13:31.979Z] [API /pomodoro/get-settings] User authenticated: 57fc7b0a-5ba0-42fb-ad0c-f15ee32c6df3
[2026-08-19T16:13:32.150Z] [API /pomodoro/get-settings] Categories response: {
[2026-08-19T16:13:32.151Z] count: 3,
[2026-08-19T16:13:32.151Z] error: undefined,
[2026-08-19T16:13:32.151Z] data: [
[2026-08-19T16:13:32.151Z] {
[2026-08-19T16:13:32.151Z] id: '67040b77-248a-420d-8be2-5c5eca65ca8f',
[2026-08-19T16:13:32.151Z] user_id: '57fc7b0a-5ba0-42fb-ad0c-f15ee32c6df3',
[2026-08-19T16:13:32.151Z] name: 'Produzindo',
[2026-08-19T16:13:32.151Z] color: '#ff6600',
[2026-08-19T16:13:32.151Z] duration_minutes: 57,
[2026-08-19T16:13:32.151Z] created_at: '2026-01-19T22:01:03.082007+00:00'
[2026-08-19T16:13:32.151Z] },
[2026-08-19T16:13:32.151Z] {
[2026-08-19T16:13:32.151Z] id: '5e6728b1-cde5-4c8b-a296-116604eadee0',
[2026-08-19T16:13:32.151Z] user_id: '57fc7b0a-5ba0-42fb-ad0c-f15ee32c6df3',
[2026-08-19T16:13:32.151Z] name: 'Estudando',
[2026-08-19T16:13:32.151Z] color: '#002aff',
[2026-08-19T16:13:32.151Z] duration_minutes: 30,
[2026-08-19T16:13:32.151Z] created_at: '2026-01-19T22:01:03.284823+00:00'
[2026-08-19T16:13:32.151Z] },
[2026-08-19T16:13:32.151Z] {
[2026-08-19T16:13:32.151Z] id: '4ec39e04-b451-4c7a-845d-571dc624e600',
[2026-08-19T16:13:32.151Z] user_id: '57fc7b0a-5ba0-42fb-ad0c-f15ee32c6df3',
[2026-08-19T16:13:32.151Z] name: 'Conteúdos',
[2026-08-19T16:13:32.151Z] color: '#00d13f',
[2026-08-19T16:13:32.151Z] duration_minutes: 27,
[2026-08-19T16:13:32.151Z] created_at: '2026-01-19T22:01:03.486292+00:00'
[2026-08-19T16:13:32.151Z] }
[2026-08-19T16:13:32.151Z] ]
[2026-08-19T16:13:32.151Z] }
[2026-08-19T16:13:32.151Z] [API /pomodoro/get-settings] Settings response: {
[2026-08-19T16:13:32.151Z] data: {
[2026-08-19T16:13:32.151Z] id: '6729871f-4efa-4304-a753-1f7dd1859400',
[2026-08-19T16:13:32.151Z] user_id: '57fc7b0a-5ba0-42fb-ad0c-f15ee32c6df3',
[2026-08-19T16:13:32.151Z] short_break_minutes: 5,
[2026-08-19T16:13:32.151Z] long_break_minutes: 15,
[2026-08-19T16:13:32.151Z] cycles_until_long_break: 4,
[2026-08-19T16:13:32.151Z] updated_at: '2026-01-31T22:04:42.725+00:00'
[2026-08-19T16:13:32.151Z] },
[2026-08-19T16:13:32.151Z] error: undefined
[2026-08-19T16:13:32.151Z] }
[2026-08-19T16:13:32.151Z] [API /pomodoro/get-settings] Sessions response: { count: 19, error: undefined }
[2026-08-19T16:13:32.151Z] [API /pomodoro/get-settings] Returning settings with 19 sessions
[2026-08-19T16:13:32.152Z] GET /api/pomodoro/get-settings 200 in 582ms
[2026-08-19T16:13:36.031Z] [PomodoroTimer] Initial categoryDurations from settings: { produtividade: 25, estudos: 50, descanso: 15 }
[2026-08-19T16:13:36.098Z] GET /?from_webdev=1 200 in 735ms
[2026-08-19T16:13:40.920Z] [PomodoroTimer] Initial categoryDurations from settings: { produtividade: 25, estudos: 50, descanso: 15 }
[2026-08-19T16:13:40.951Z] HEAD / 200 in 108ms
[2026-08-19T16:13:41.676Z] [PomodoroTimer] Initial categoryDurations from settings: { produtividade: 25, estudos: 50, descanso: 15 }
[2026-08-19T16:13:41.744Z] GET /?from_webdev=1 200 in 183ms
[2026-08-19T16:13:57.408Z] [PomodoroTimer] Initial categoryDurations from settings: { produtividade: 25, estudos: 50, descanso: 15 }
[2026-08-19T16:13:57.468Z] GET /?from_webdev=1 200 in 815ms
[2026-08-19T16:14:01.980Z] [PomodoroTimer] Initial categoryDurations from settings: { produtividade: 25, estudos: 50, descanso: 15 }
[2026-08-19T16:14:02.013Z] HEAD / 200 in 121ms
[2026-08-19T16:14:02.646Z] [PomodoroTimer] Initial categoryDurations from settings: { produtividade: 25, estudos: 50, descanso: 15 }
[2026-08-19T16:14:02.691Z] GET /?from_webdev=1 200 in 126ms
[2026-08-19T16:14:10.404Z] [PomodoroTimer] Initial categoryDurations from settings: { produtividade: 25, estudos: 50, descanso: 15 }
[2026-08-19T16:14:10.497Z] GET /?from_webdev=1 200 in 711ms
[2026-08-19T16:14:15.066Z] [PomodoroTimer] Initial categoryDurations from settings: { produtividade: 25, estudos: 50, descanso: 15 }
[2026-08-19T16:14:15.098Z] HEAD / 200 in 129ms
[2026-08-19T16:14:16.643Z] [PomodoroTimer] Initial categoryDurations from settings: { produtividade: 25, estudos: 50, descanso: 15 }
[2026-08-19T16:14:16.684Z] GET /?from_webdev=1 200 in 135ms
[2026-08-19T16:14:20.239Z] [PomodoroTimer] Initial categoryDurations from settings: { produtividade: 25, estudos: 50, descanso: 15 }
[2026-08-19T16:14:20.309Z] GET /?from_webdev=1 200 in 710ms
[2026-08-19T16:14:24.664Z] [PomodoroTimer] Initial categoryDurations from settings: { produtividade: 25, estudos: 50, descanso: 15 }
[2026-08-19T16:14:24.692Z] HEAD / 200 in 113ms
[2026-08-19T16:14:25.778Z] [PomodoroTimer] Initial categoryDurations from settings: { produtividade: 25, estudos: 50, descanso: 15 }
[2026-08-19T16:14:25.818Z] GET /?from_webdev=1 200 in 124ms
[2026-08-19T16:14:31.843Z] [API /pomodoro/get-settings] Starting request...
[2026-08-19T16:14:31.978Z] [API /pomodoro/get-settings] User authenticated: 57fc7b0a-5ba0-42fb-ad0c-f15ee32c6df3
[2026-08-19T16:14:32.169Z] [API /pomodoro/get-settings] Categories response: {
[2026-08-19T16:14:32.169Z] count: 3,
[2026-08-19T16:14:32.169Z] error: undefined,
[2026-08-19T16:14:32.169Z] data: [
[2026-08-19T16:14:32.169Z] {
[2026-08-19T16:14:32.169Z] id: '67040b77-248a-420d-8be2-5c5eca65ca8f',
[2026-08-19T16:14:32.169Z] user_id: '57fc7b0a-5ba0-42fb-ad0c-f15ee32c6df3',
[2026-08-19T16:14:32.169Z] name: 'Produzindo',
[2026-08-19T16:14:32.169Z] color: '#ff6600',
[2026-08-19T16:14:32.169Z] duration_minutes: 57,
[2026-08-19T16:14:32.169Z] created_at: '2026-01-19T22:01:03.082007+00:00'
[2026-08-19T16:14:32.169Z] },
[2026-08-19T16:14:32.169Z] {
[2026-08-19T16:14:32.169Z] id: '5e6728b1-cde5-4c8b-a296-116604eadee0',
[2026-08-19T16:14:32.169Z] user_id: '57fc7b0a-5ba0-42fb-ad0c-f15ee32c6df3',
[2026-08-19T16:14:32.169Z] name: 'Estudando',
[2026-08-19T16:14:32.169Z] color: '#002aff',
[2026-08-19T16:14:32.169Z] duration_minutes: 30,
[2026-08-19T16:14:32.169Z] created_at: '2026-01-19T22:01:03.284823+00:00'
[2026-08-19T16:14:32.169Z] },
[2026-08-19T16:14:32.169Z] {
[2026-08-19T16:14:32.169Z] id: '4ec39e04-b451-4c7a-845d-571dc624e600',
[2026-08-19T16:14:32.169Z] user_id: '57fc7b0a-5ba0-42fb-ad0c-f15ee32c6df3',
[2026-08-19T16:14:32.169Z] name: 'Conteúdos',
[2026-08-19T16:14:32.169Z] color: '#00d13f',
[2026-08-19T16:14:32.169Z] duration_minutes: 27,
[2026-08-19T16:14:32.169Z] created_at: '2026-01-19T22:01:03.486292+00:00'
[2026-08-19T16:14:32.169Z] }
[2026-08-19T16:14:32.169Z] ]
[2026-08-19T16:14:32.169Z] }
[2026-08-19T16:14:32.169Z] [API /pomodoro/get-settings] Settings response: {
[2026-08-19T16:14:32.169Z] data: {
[2026-08-19T16:14:32.169Z] id: '6729871f-4efa-4304-a753-1f7dd1859400',
[2026-08-19T16:14:32.169Z] user_id: '57fc7b0a-5ba0-42fb-ad0c-f15ee32c6df3',
[2026-08-19T16:14:32.169Z] short_break_minutes: 5,
[2026-08-19T16:14:32.169Z] long_break_minutes: 15,
[2026-08-19T16:14:32.169Z] cycles_until_long_break: 4,
[2026-08-19T16:14:32.169Z] updated_at: '2026-01-31T22:04:42.725+00:00'
[2026-08-19T16:14:32.169Z] },
[2026-08-19T16:14:32.169Z] error: undefined
[2026-08-19T16:14:32.169Z] }
[2026-08-19T16:14:32.169Z] [API /pomodoro/get-settings] Sessions response: { count: 19, error: undefined }
[2026-08-19T16:14:32.169Z] [API /pomodoro/get-settings] Returning settings with 19 sessions
[2026-08-19T16:14:32.170Z] GET /api/pomodoro/get-settings 200 in 564ms
[2026-08-19T16:15:18.700Z] [ELIFECYCLE] Command failed.
[2026-08-19T16:15:18.776Z] [?25h
[2026-08-19T16:15:18.783Z] Dev server exited with code -1
[2026-08-19T16:15:19.891Z] Starting dev server with command: pnpm run dev
[2026-08-19T16:15:20.399Z] $ next dev --turbopack
[2026-08-19T16:15:21.863Z] ▲ Next.js 15.5.7 (Turbopack)
[2026-08-19T16:15:21.864Z] - Local:        http://localhost:3000
[2026-08-19T16:15:21.864Z] - Network:      http://169.254.0.21:3000
[2026-08-19T16:15:21.864Z] ✓ Starting...
[2026-08-19T16:15:22.752Z] ✓ Ready in 1373ms
[2026-08-19T16:15:23.265Z] ○ Compiling / ...
[2026-08-19T16:15:30.135Z] ✓ Compiled / in 7.4s
[2026-08-19T16:15:30.826Z] [PomodoroTimer] Initial categoryDurations from settings: { produtividade: 25, estudos: 50, descanso: 15 }
[2026-08-19T16:15:30.907Z] GET / 200 in 8149ms
[2026-08-19T16:15:31.484Z] ⚠ Blocked cross-origin request from 127.0.0.1 to /_next/* resource. To allow this, configure "allowedDevOrigins" in next.config
[2026-08-19T16:15:31.484Z] Read more: https://nextjs.org/docs/app/api-reference/config/next-config-js/allowedDevOrigins
[2026-08-19T16:15:32.160Z] ✓ Compiled /api/pomodoro/get-settings in 471ms
[2026-08-19T16:15:32.492Z] [API /pomodoro/get-settings] Starting request...
[2026-08-19T16:15:32.668Z] [API /pomodoro/get-settings] User authenticated: 57fc7b0a-5ba0-42fb-ad0c-f15ee32c6df3
[2026-08-19T16:15:32.828Z] [API /pomodoro/get-settings] Categories response: {
[2026-08-19T16:15:32.829Z] count: 3,
[2026-08-19T16:15:32.829Z] error: undefined,
[2026-08-19T16:15:32.829Z] data: [
[2026-08-19T16:15:32.829Z] {
[2026-08-19T16:15:32.829Z] id: '67040b77-248a-420d-8be2-5c5eca65ca8f',
[2026-08-19T16:15:32.829Z] user_id: '57fc7b0a-5ba0-42fb-ad0c-f15ee32c6df3',
[2026-08-19T16:15:32.829Z] name: 'Produzindo',
[2026-08-19T16:15:32.829Z] color: '#ff6600',
[2026-08-19T16:15:32.829Z] duration_minutes: 57,
[2026-08-19T16:15:32.829Z] created_at: '2026-01-19T22:01:03.082007+00:00'
[2026-08-19T16:15:32.829Z] },
[2026-08-19T16:15:32.829Z] {
[2026-08-19T16:15:32.829Z] id: '5e6728b1-cde5-4c8b-a296-116604eadee0',
[2026-08-19T16:15:32.829Z] user_id: '57fc7b0a-5ba0-42fb-ad0c-f15ee32c6df3',
[2026-08-19T16:15:32.829Z] name: 'Estudando',
[2026-08-19T16:15:32.829Z] color: '#002aff',
[2026-08-19T16:15:32.829Z] duration_minutes: 30,
[2026-08-19T16:15:32.829Z] created_at: '2026-01-19T22:01:03.284823+00:00'
[2026-08-19T16:15:32.829Z] },
[2026-08-19T16:15:32.829Z] {
[2026-08-19T16:15:32.829Z] id: '4ec39e04-b451-4c7a-845d-571dc624e600',
[2026-08-19T16:15:32.829Z] user_id: '57fc7b0a-5ba0-42fb-ad0c-f15ee32c6df3',
[2026-08-19T16:15:32.829Z] name: 'Conteúdos',
[2026-08-19T16:15:32.829Z] color: '#00d13f',
[2026-08-19T16:15:32.829Z] duration_minutes: 27,
[2026-08-19T16:15:32.829Z] created_at: '2026-01-19T22:01:03.486292+00:00'
[2026-08-19T16:15:32.829Z] }
[2026-08-19T16:15:32.829Z] ]
[2026-08-19T16:15:32.829Z] }
[2026-08-19T16:15:32.829Z] [API /pomodoro/get-settings] Settings response: {
[2026-08-19T16:15:32.829Z] data: {
[2026-08-19T16:15:32.829Z] id: '6729871f-4efa-4304-a753-1f7dd1859400',
[2026-08-19T16:15:32.829Z] user_id: '57fc7b0a-5ba0-42fb-ad0c-f15ee32c6df3',
[2026-08-19T16:15:32.829Z] short_break_minutes: 5,
[2026-08-19T16:15:32.829Z] long_break_minutes: 15,
[2026-08-19T16:15:32.829Z] cycles_until_long_break: 4,
[2026-08-19T16:15:32.829Z] updated_at: '2026-01-31T22:04:42.725+00:00'
[2026-08-19T16:15:32.829Z] },
[2026-08-19T16:15:32.829Z] error: undefined
[2026-08-19T16:15:32.829Z] }
[2026-08-19T16:15:32.829Z] [API /pomodoro/get-settings] Sessions response: { count: 19, error: undefined }
[2026-08-19T16:15:32.829Z] [API /pomodoro/get-settings] Returning settings with 19 sessions
[2026-08-19T16:15:32.832Z] GET /api/pomodoro/get-settings 200 in 1146ms
[2026-08-19T16:15:44.090Z] [PomodoroTimer] Initial categoryDurations from settings: { produtividade: 25, estudos: 50, descanso: 15 }
[2026-08-19T16:15:44.131Z] GET / 200 in 133ms
[2026-08-19T16:15:47.715Z] ⚠ Blocked cross-origin request from 3000-ih0lty215c9qdqm3to6te-a91e88fb.us4.manus.computer to /_next/* resource. To allow this, configure "allowedDevOrigins" in next.config
[2026-08-19T16:15:47.715Z] Read more: https://nextjs.org/docs/app/api-reference/config/next-config-js/allowedDevOrigins
[2026-08-19T16:15:48.152Z] [API /pomodoro/get-settings] Starting request...
[2026-08-19T16:15:48.307Z] [API /pomodoro/get-settings] User authenticated: 57fc7b0a-5ba0-42fb-ad0c-f15ee32c6df3
[2026-08-19T16:15:48.469Z] [API /pomodoro/get-settings] Categories response: {
[2026-08-19T16:15:48.469Z] count: 3,
[2026-08-19T16:15:48.469Z] error: undefined,
[2026-08-19T16:15:48.469Z] data: [
[2026-08-19T16:15:48.469Z] {
[2026-08-19T16:15:48.470Z] id: '67040b77-248a-420d-8be2-5c5eca65ca8f',
[2026-08-19T16:15:48.470Z] user_id: '57fc7b0a-5ba0-42fb-ad0c-f15ee32c6df3',
[2026-08-19T16:15:48.470Z] name: 'Produzindo',
[2026-08-19T16:15:48.470Z] color: '#ff6600',
[2026-08-19T16:15:48.470Z] duration_minutes: 57,
[2026-08-19T16:15:48.470Z] created_at: '2026-01-19T22:01:03.082007+00:00'
[2026-08-19T16:15:48.470Z] },
[2026-08-19T16:15:48.470Z] {
[2026-08-19T16:15:48.470Z] id: '5e6728b1-cde5-4c8b-a296-116604eadee0',
[2026-08-19T16:15:48.470Z] user_id: '57fc7b0a-5ba0-42fb-ad0c-f15ee32c6df3',
[2026-08-19T16:15:48.470Z] name: 'Estudando',
[2026-08-19T16:15:48.470Z] color: '#002aff',
[2026-08-19T16:15:48.470Z] duration_minutes: 30,
[2026-08-19T16:15:48.470Z] created_at: '2026-01-19T22:01:03.284823+00:00'
[2026-08-19T16:15:48.470Z] },
[2026-08-19T16:15:48.470Z] {
[2026-08-19T16:15:48.470Z] id: '4ec39e04-b451-4c7a-845d-571dc624e600',
[2026-08-19T16:15:48.470Z] user_id: '57fc7b0a-5ba0-42fb-ad0c-f15ee32c6df3',
[2026-08-19T16:15:48.470Z] name: 'Conteúdos',
[2026-08-19T16:15:48.470Z] color: '#00d13f',
[2026-08-19T16:15:48.470Z] duration_minutes: 27,
[2026-08-19T16:15:48.470Z] created_at: '2026-01-19T22:01:03.486292+00:00'
[2026-08-19T16:15:48.470Z] }
[2026-08-19T16:15:48.470Z] ]
[2026-08-19T16:15:48.470Z] }
[2026-08-19T16:15:48.470Z] [API /pomodoro/get-settings] Settings response: {
[2026-08-19T16:15:48.470Z] data: {
[2026-08-19T16:15:48.470Z] id: '6729871f-4efa-4304-a753-1f7dd1859400',
[2026-08-19T16:15:48.470Z] user_id: '57fc7b0a-5ba0-42fb-ad0c-f15ee32c6df3',
[2026-08-19T16:15:48.470Z] short_break_minutes: 5,
[2026-08-19T16:15:48.470Z] long_break_minutes: 15,
[2026-08-19T16:15:48.470Z] cycles_until_long_break: 4,
[2026-08-19T16:15:48.470Z] updated_at: '2026-01-31T22:04:42.725+00:00'
[2026-08-19T16:15:48.470Z] },
[2026-08-19T16:15:48.470Z] error: undefined
[2026-08-19T16:15:48.470Z] }
[2026-08-19T16:15:48.470Z] [API /pomodoro/get-settings] Sessions response: { count: 19, error: undefined }
[2026-08-19T16:15:48.470Z] [API /pomodoro/get-settings] Returning settings with 19 sessions
[2026-08-19T16:15:48.471Z] GET /api/pomodoro/get-settings 200 in 561ms
[2026-08-19T16:18:10.366Z] [ELIFECYCLE] Command failed.
[2026-08-19T16:18:10.437Z] [?25h
[2026-08-19T16:18:10.445Z] Dev server exited with code -1
[2026-08-19T16:18:11.545Z] Starting dev server with command: pnpm run dev
[2026-08-19T16:18:12.056Z] $ next dev --turbopack
[2026-08-19T16:18:13.407Z] ▲ Next.js 15.5.7 (Turbopack)
[2026-08-19T16:18:13.407Z] - Local:        http://localhost:3000
[2026-08-19T16:18:13.407Z] - Network:      http://169.254.0.21:3000
[2026-08-19T16:18:13.407Z] ✓ Starting...
[2026-08-19T16:18:14.195Z] ✓ Ready in 1235ms
[2026-08-19T16:18:14.707Z] ○ Compiling / ...
[2026-08-19T16:18:22.285Z] ✓ Compiled / in 8.1s
[2026-08-19T16:18:22.994Z] [PomodoroTimer] Initial categoryDurations from settings: { produtividade: 25, estudos: 50, descanso: 15 }
[2026-08-19T16:18:23.095Z] GET / 200 in 8894ms
[2026-08-19T16:18:23.646Z] ⚠ Blocked cross-origin request from 127.0.0.1 to /_next/* resource. To allow this, configure "allowedDevOrigins" in next.config
[2026-08-19T16:18:23.646Z] Read more: https://nextjs.org/docs/app/api-reference/config/next-config-js/allowedDevOrigins
[2026-08-19T16:32:13.724Z] ○ Compiling /api/pomodoro/get-settings ...
[2026-08-19T16:32:13.771Z] ✓ Compiled /api/pomodoro/get-settings in 553ms
[2026-08-19T16:32:14.139Z] [API /pomodoro/get-settings] Starting request...
[2026-08-19T16:32:14.507Z] [API /pomodoro/get-settings] User authenticated: 57fc7b0a-5ba0-42fb-ad0c-f15ee32c6df3
[2026-08-19T16:32:14.736Z] [API /pomodoro/get-settings] Categories response: {
[2026-08-19T16:32:14.736Z] count: 3,
[2026-08-19T16:32:14.736Z] error: undefined,
[2026-08-19T16:32:14.736Z] data: [
[2026-08-19T16:32:14.736Z] {
[2026-08-19T16:32:14.736Z] id: '67040b77-248a-420d-8be2-5c5eca65ca8f',
[2026-08-19T16:32:14.736Z] user_id: '57fc7b0a-5ba0-42fb-ad0c-f15ee32c6df3',
[2026-08-19T16:32:14.736Z] name: 'Produzindo',
[2026-08-19T16:32:14.736Z] color: '#ff6600',
[2026-08-19T16:32:14.736Z] duration_minutes: 57,
[2026-08-19T16:32:14.736Z] created_at: '2026-01-19T22:01:03.082007+00:00'
[2026-08-19T16:32:14.736Z] },
[2026-08-19T16:32:14.736Z] {
[2026-08-19T16:32:14.736Z] id: '5e6728b1-cde5-4c8b-a296-116604eadee0',
[2026-08-19T16:32:14.736Z] user_id: '57fc7b0a-5ba0-42fb-ad0c-f15ee32c6df3',
[2026-08-19T16:32:14.736Z] name: 'Estudando',
[2026-08-19T16:32:14.736Z] color: '#002aff',
[2026-08-19T16:32:14.736Z] duration_minutes: 30,
[2026-08-19T16:32:14.736Z] created_at: '2026-01-19T22:01:03.284823+00:00'
[2026-08-19T16:32:14.736Z] },
[2026-08-19T16:32:14.736Z] {
[2026-08-19T16:32:14.736Z] id: '4ec39e04-b451-4c7a-845d-571dc624e600',
[2026-08-19T16:32:14.736Z] user_id: '57fc7b0a-5ba0-42fb-ad0c-f15ee32c6df3',
[2026-08-19T16:32:14.736Z] name: 'Conteúdos',
[2026-08-19T16:32:14.736Z] color: '#00d13f',
[2026-08-19T16:32:14.736Z] duration_minutes: 27,
[2026-08-19T16:32:14.736Z] created_at: '2026-01-19T22:01:03.486292+00:00'
[2026-08-19T16:32:14.736Z] }
[2026-08-19T16:32:14.736Z] ]
[2026-08-19T16:32:14.736Z] }
[2026-08-19T16:32:14.736Z] [API /pomodoro/get-settings] Settings response: {
[2026-08-19T16:32:14.736Z] data: {
[2026-08-19T16:32:14.736Z] id: '6729871f-4efa-4304-a753-1f7dd1859400',
[2026-08-19T16:32:14.736Z] user_id: '57fc7b0a-5ba0-42fb-ad0c-f15ee32c6df3',
[2026-08-19T16:32:14.736Z] short_break_minutes: 5,
[2026-08-19T16:32:14.737Z] long_break_minutes: 15,
[2026-08-19T16:32:14.737Z] cycles_until_long_break: 4,
[2026-08-19T16:32:14.737Z] updated_at: '2026-01-31T22:04:42.725+00:00'
[2026-08-19T16:32:14.737Z] },
[2026-08-19T16:32:14.737Z] error: undefined
[2026-08-19T16:32:14.737Z] }
[2026-08-19T16:32:14.737Z] [API /pomodoro/get-settings] Sessions response: { count: 19, error: undefined }
[2026-08-19T16:32:14.737Z] [API /pomodoro/get-settings] Returning settings with 19 sessions
[2026-08-19T16:32:14.742Z] GET /api/pomodoro/get-settings 200 in 1572ms
[2026-08-19T16:32:19.608Z] [PomodoroTimer] Initial categoryDurations from settings: { produtividade: 25, estudos: 50, descanso: 15 }
[2026-08-19T16:32:19.663Z] GET / 200 in 181ms
[2026-08-19T16:32:23.247Z] ⚠ Blocked cross-origin request from 3000-ih0lty215c9qdqm3to6te-a91e88fb.us4.manus.computer to /_next/* resource. To allow this, configure "allowedDevOrigins" in next.config
[2026-08-19T16:32:23.249Z] Read more: https://nextjs.org/docs/app/api-reference/config/next-config-js/allowedDevOrigins
[2026-08-19T16:32:24.223Z] [API /pomodoro/get-settings] Starting request...
[2026-08-19T16:32:24.480Z] [API /pomodoro/get-settings] User authenticated: 57fc7b0a-5ba0-42fb-ad0c-f15ee32c6df3
[2026-08-19T16:32:24.695Z] [API /pomodoro/get-settings] Categories response: {
[2026-08-19T16:32:24.695Z] count: 3,
[2026-08-19T16:32:24.695Z] error: undefined,
[2026-08-19T16:32:24.695Z] data: [
[2026-08-19T16:32:24.695Z] {
[2026-08-19T16:32:24.695Z] id: '67040b77-248a-420d-8be2-5c5eca65ca8f',
[2026-08-19T16:32:24.695Z] user_id: '57fc7b0a-5ba0-42fb-ad0c-f15ee32c6df3',
[2026-08-19T16:32:24.695Z] name: 'Produzindo',
[2026-08-19T16:32:24.695Z] color: '#ff6600',
[2026-08-19T16:32:24.695Z] duration_minutes: 57,
[2026-08-19T16:32:24.695Z] created_at: '2026-01-19T22:01:03.082007+00:00'
[2026-08-19T16:32:24.695Z] },
[2026-08-19T16:32:24.695Z] {
[2026-08-19T16:32:24.695Z] id: '5e6728b1-cde5-4c8b-a296-116604eadee0',
[2026-08-19T16:32:24.695Z] user_id: '57fc7b0a-5ba0-42fb-ad0c-f15ee32c6df3',
[2026-08-19T16:32:24.695Z] name: 'Estudando',
[2026-08-19T16:32:24.695Z] color: '#002aff',
[2026-08-19T16:32:24.695Z] duration_minutes: 30,
[2026-08-19T16:32:24.695Z] created_at: '2026-01-19T22:01:03.284823+00:00'
[2026-08-19T16:32:24.695Z] },
[2026-08-19T16:32:24.695Z] {
[2026-08-19T16:32:24.695Z] id: '4ec39e04-b451-4c7a-845d-571dc624e600',
[2026-08-19T16:32:24.695Z] user_id: '57fc7b0a-5ba0-42fb-ad0c-f15ee32c6df3',
[2026-08-19T16:32:24.695Z] name: 'Conteúdos',
[2026-08-19T16:32:24.695Z] color: '#00d13f',
[2026-08-19T16:32:24.695Z] duration_minutes: 27,
[2026-08-19T16:32:24.695Z] created_at: '2026-01-19T22:01:03.486292+00:00'
[2026-08-19T16:32:24.695Z] }
[2026-08-19T16:32:24.695Z] ]
[2026-08-19T16:32:24.695Z] }
[2026-08-19T16:32:24.695Z] [API /pomodoro/get-settings] Settings response: {
[2026-08-19T16:32:24.695Z] data: {
[2026-08-19T16:32:24.695Z] id: '6729871f-4efa-4304-a753-1f7dd1859400',
[2026-08-19T16:32:24.695Z] user_id: '57fc7b0a-5ba0-42fb-ad0c-f15ee32c6df3',
[2026-08-19T16:32:24.695Z] short_break_minutes: 5,
[2026-08-19T16:32:24.695Z] long_break_minutes: 15,
[2026-08-19T16:32:24.695Z] cycles_until_long_break: 4,
[2026-08-19T16:32:24.695Z] updated_at: '2026-01-31T22:04:42.725+00:00'
[2026-08-19T16:32:24.695Z] },
[2026-08-19T16:32:24.695Z] error: undefined
[2026-08-19T16:32:24.695Z] }
[2026-08-19T16:32:24.695Z] [API /pomodoro/get-settings] Sessions response: { count: 19, error: undefined }
[2026-08-19T16:32:24.695Z] [API /pomodoro/get-settings] Returning settings with 19 sessions
[2026-08-19T16:32:24.696Z] GET /api/pomodoro/get-settings 200 in 714ms
[2026-08-19T16:33:24.385Z] [API /pomodoro/get-settings] Starting request...
[2026-08-19T16:33:24.878Z] [API /pomodoro/get-settings] User authenticated: 57fc7b0a-5ba0-42fb-ad0c-f15ee32c6df3
[2026-08-19T16:33:25.283Z] [API /pomodoro/get-settings] Categories response: {
[2026-08-19T16:33:25.283Z] count: 3,
[2026-08-19T16:33:25.283Z] error: undefined,
[2026-08-19T16:33:25.283Z] data: [
[2026-08-19T16:33:25.283Z] {
[2026-08-19T16:33:25.283Z] id: '67040b77-248a-420d-8be2-5c5eca65ca8f',
[2026-08-19T16:33:25.283Z] user_id: '57fc7b0a-5ba0-42fb-ad0c-f15ee32c6df3',
[2026-08-19T16:33:25.283Z] name: 'Produzindo',
[2026-08-19T16:33:25.283Z] color: '#ff6600',
[2026-08-19T16:33:25.283Z] duration_minutes: 57,
[2026-08-19T16:33:25.283Z] created_at: '2026-01-19T22:01:03.082007+00:00'
[2026-08-19T16:33:25.283Z] },
[2026-08-19T16:33:25.283Z] {
[2026-08-19T16:33:25.283Z] id: '5e6728b1-cde5-4c8b-a296-116604eadee0',
[2026-08-19T16:33:25.283Z] user_id: '57fc7b0a-5ba0-42fb-ad0c-f15ee32c6df3',
[2026-08-19T16:33:25.283Z] name: 'Estudando',
[2026-08-19T16:33:25.283Z] color: '#002aff',
[2026-08-19T16:33:25.283Z] duration_minutes: 30,
[2026-08-19T16:33:25.283Z] created_at: '2026-01-19T22:01:03.284823+00:00'
[2026-08-19T16:33:25.283Z] },
[2026-08-19T16:33:25.283Z] {
[2026-08-19T16:33:25.283Z] id: '4ec39e04-b451-4c7a-845d-571dc624e600',
[2026-08-19T16:33:25.283Z] user_id: '57fc7b0a-5ba0-42fb-ad0c-f15ee32c6df3',
[2026-08-19T16:33:25.283Z] name: 'Conteúdos',
[2026-08-19T16:33:25.283Z] color: '#00d13f',
[2026-08-19T16:33:25.283Z] duration_minutes: 27,
[2026-08-19T16:33:25.283Z] created_at: '2026-01-19T22:01:03.486292+00:00'
[2026-08-19T16:33:25.283Z] }
[2026-08-19T16:33:25.283Z] ]
[2026-08-19T16:33:25.283Z] }
[2026-08-19T16:33:25.283Z] [API /pomodoro/get-settings] Settings response: {
[2026-08-19T16:33:25.283Z] data: {
[2026-08-19T16:33:25.283Z] id: '6729871f-4efa-4304-a753-1f7dd1859400',
[2026-08-19T16:33:25.283Z] user_id: '57fc7b0a-5ba0-42fb-ad0c-f15ee32c6df3',
[2026-08-19T16:33:25.283Z] short_break_minutes: 5,
[2026-08-19T16:33:25.283Z] long_break_minutes: 15,
[2026-08-19T16:33:25.283Z] cycles_until_long_break: 4,
[2026-08-19T16:33:25.283Z] updated_at: '2026-01-31T22:04:42.725+00:00'
[2026-08-19T16:33:25.283Z] },
[2026-08-19T16:33:25.283Z] error: undefined
[2026-08-19T16:33:25.283Z] }
[2026-08-19T16:33:25.283Z] [API /pomodoro/get-settings] Sessions response: { count: 19, error: undefined }
[2026-08-19T16:33:25.283Z] [API /pomodoro/get-settings] Returning settings with 19 sessions
[2026-08-19T16:33:25.285Z] GET /api/pomodoro/get-settings 200 in 1178ms
[2026-08-19T16:33:39.842Z] [PomodoroTimer] Initial categoryDurations from settings: { produtividade: 25, estudos: 50, descanso: 15 }
[2026-08-19T16:33:39.894Z] GET /?from_webdev=1 200 in 172ms
[2026-08-19T16:33:45.022Z] [PomodoroTimer] Initial categoryDurations from settings: { produtividade: 25, estudos: 50, descanso: 15 }
[2026-08-19T16:33:45.059Z] HEAD / 200 in 135ms
[2026-08-19T16:33:46.077Z] [PomodoroTimer] Initial categoryDurations from settings: { produtividade: 25, estudos: 50, descanso: 15 }
[2026-08-19T16:33:46.128Z] GET /?from_webdev=1 200 in 144ms
[2026-08-19T16:33:47.621Z] [PomodoroTimer] Initial categoryDurations from settings: { produtividade: 25, estudos: 50, descanso: 15 }
[2026-08-19T16:33:47.673Z] GET /?from_webdev=1 200 in 143ms
[2026-08-19T16:33:52.554Z] [PomodoroTimer] Initial categoryDurations from settings: { produtividade: 25, estudos: 50, descanso: 15 }
[2026-08-19T16:33:52.591Z] HEAD / 200 in 154ms
[2026-08-19T16:33:54.111Z] [PomodoroTimer] Initial categoryDurations from settings: { produtividade: 25, estudos: 50, descanso: 15 }
[2026-08-19T16:33:54.152Z] GET /?from_webdev=1 200 in 155ms
[2026-08-19T16:33:59.105Z] [PomodoroTimer] Initial categoryDurations from settings: { produtividade: 25, estudos: 50, descanso: 15 }
[2026-08-19T16:33:59.148Z] GET /?from_webdev=1 200 in 126ms
[2026-08-19T16:34:03.675Z] [PomodoroTimer] Initial categoryDurations from settings: { produtividade: 25, estudos: 50, descanso: 15 }
[2026-08-19T16:34:03.704Z] HEAD / 200 in 130ms
[2026-08-19T16:34:05.078Z] [PomodoroTimer] Initial categoryDurations from settings: { produtividade: 25, estudos: 50, descanso: 15 }
[2026-08-19T16:34:05.122Z] GET /?from_webdev=1 200 in 124ms
[2026-08-19T16:34:08.521Z] [PomodoroTimer] Initial categoryDurations from settings: { produtividade: 25, estudos: 50, descanso: 15 }
[2026-08-19T16:34:08.563Z] GET /?from_webdev=1 200 in 116ms
[2026-08-19T16:34:13.182Z] [PomodoroTimer] Initial categoryDurations from settings: { produtividade: 25, estudos: 50, descanso: 15 }
[2026-08-19T16:34:13.212Z] HEAD / 200 in 113ms
[2026-08-19T16:34:14.082Z] [PomodoroTimer] Initial categoryDurations from settings: { produtividade: 25, estudos: 50, descanso: 15 }
[2026-08-19T16:34:14.131Z] GET /?from_webdev=1 200 in 127ms
[2026-08-19T16:34:24.294Z] [API /pomodoro/get-settings] Starting request...
[2026-08-19T16:34:24.646Z] [API /pomodoro/get-settings] User authenticated: 57fc7b0a-5ba0-42fb-ad0c-f15ee32c6df3
[2026-08-19T16:34:24.973Z] [API /pomodoro/get-settings] Categories response: {
[2026-08-19T16:34:24.973Z] count: 3,
[2026-08-19T16:34:24.973Z] error: undefined,
[2026-08-19T16:34:24.973Z] data: [
[2026-08-19T16:34:24.973Z] {
[2026-08-19T16:34:24.973Z] id: '67040b77-248a-420d-8be2-5c5eca65ca8f',
[2026-08-19T16:34:24.973Z] user_id: '57fc7b0a-5ba0-42fb-ad0c-f15ee32c6df3',
[2026-08-19T16:34:24.973Z] name: 'Produzindo',
[2026-08-19T16:34:24.973Z] color: '#ff6600',
[2026-08-19T16:34:24.973Z] duration_minutes: 57,
[2026-08-19T16:34:24.973Z] created_at: '2026-01-19T22:01:03.082007+00:00'
[2026-08-19T16:34:24.973Z] },
[2026-08-19T16:34:24.973Z] {
[2026-08-19T16:34:24.973Z] id: '5e6728b1-cde5-4c8b-a296-116604eadee0',
[2026-08-19T16:34:24.973Z] user_id: '57fc7b0a-5ba0-42fb-ad0c-f15ee32c6df3',
[2026-08-19T16:34:24.973Z] name: 'Estudando',
[2026-08-19T16:34:24.973Z] color: '#002aff',
[2026-08-19T16:34:24.973Z] duration_minutes: 30,
[2026-08-19T16:34:24.973Z] created_at: '2026-01-19T22:01:03.284823+00:00'
[2026-08-19T16:34:24.973Z] },
[2026-08-19T16:34:24.973Z] {
[2026-08-19T16:34:24.973Z] id: '4ec39e04-b451-4c7a-845d-571dc624e600',
[2026-08-19T16:34:24.973Z] user_id: '57fc7b0a-5ba0-42fb-ad0c-f15ee32c6df3',
[2026-08-19T16:34:24.973Z] name: 'Conteúdos',
[2026-08-19T16:34:24.973Z] color: '#00d13f',
[2026-08-19T16:34:24.973Z] duration_minutes: 27,
[2026-08-19T16:34:24.973Z] created_at: '2026-01-19T22:01:03.486292+00:00'
[2026-08-19T16:34:24.973Z] }
[2026-08-19T16:34:24.973Z] ]
[2026-08-19T16:34:24.973Z] }
[2026-08-19T16:34:24.973Z] [API /pomodoro/get-settings] Settings response: {
[2026-08-19T16:34:24.973Z] data: {
[2026-08-19T16:34:24.973Z] id: '6729871f-4efa-4304-a753-1f7dd1859400',
[2026-08-19T16:34:24.973Z] user_id: '57fc7b0a-5ba0-42fb-ad0c-f15ee32c6df3',
[2026-08-19T16:34:24.973Z] short_break_minutes: 5,
[2026-08-19T16:34:24.973Z] long_break_minutes: 15,
[2026-08-19T16:34:24.973Z] cycles_until_long_break: 4,
[2026-08-19T16:34:24.973Z] updated_at: '2026-01-31T22:04:42.725+00:00'
[2026-08-19T16:34:24.973Z] },
[2026-08-19T16:34:24.973Z] error: undefined
[2026-08-19T16:34:24.973Z] }
[2026-08-19T16:34:24.973Z] [API /pomodoro/get-settings] Sessions response: { count: 19, error: undefined }
[2026-08-19T16:34:24.973Z] [API /pomodoro/get-settings] Returning settings with 19 sessions
[2026-08-19T16:34:24.976Z] GET /api/pomodoro/get-settings 200 in 928ms
[2026-08-19T16:35:24.308Z] [API /pomodoro/get-settings] Starting request...
[2026-08-19T16:35:24.543Z] [API /pomodoro/get-settings] User authenticated: 57fc7b0a-5ba0-42fb-ad0c-f15ee32c6df3
[2026-08-19T16:35:24.803Z] [API /pomodoro/get-settings] Categories response: {
[2026-08-19T16:35:24.803Z] count: 3,
[2026-08-19T16:35:24.803Z] error: undefined,
[2026-08-19T16:35:24.803Z] data: [
[2026-08-19T16:35:24.803Z] {
[2026-08-19T16:35:24.803Z] id: '67040b77-248a-420d-8be2-5c5eca65ca8f',
[2026-08-19T16:35:24.803Z] user_id: '57fc7b0a-5ba0-42fb-ad0c-f15ee32c6df3',
[2026-08-19T16:35:24.803Z] name: 'Produzindo',
[2026-08-19T16:35:24.803Z] color: '#ff6600',
[2026-08-19T16:35:24.803Z] duration_minutes: 57,
[2026-08-19T16:35:24.803Z] created_at: '2026-01-19T22:01:03.082007+00:00'
[2026-08-19T16:35:24.803Z] },
[2026-08-19T16:35:24.803Z] {
[2026-08-19T16:35:24.803Z] id: '5e6728b1-cde5-4c8b-a296-116604eadee0',
[2026-08-19T16:35:24.803Z] user_id: '57fc7b0a-5ba0-42fb-ad0c-f15ee32c6df3',
[2026-08-19T16:35:24.803Z] name: 'Estudando',
[2026-08-19T16:35:24.803Z] color: '#002aff',
[2026-08-19T16:35:24.803Z] duration_minutes: 30,
[2026-08-19T16:35:24.803Z] created_at: '2026-01-19T22:01:03.284823+00:00'
[2026-08-19T16:35:24.803Z] },
[2026-08-19T16:35:24.803Z] {
[2026-08-19T16:35:24.803Z] id: '4ec39e04-b451-4c7a-845d-571dc624e600',
[2026-08-19T16:35:24.803Z] user_id: '57fc7b0a-5ba0-42fb-ad0c-f15ee32c6df3',
[2026-08-19T16:35:24.803Z] name: 'Conteúdos',
[2026-08-19T16:35:24.803Z] color: '#00d13f',
[2026-08-19T16:35:24.803Z] duration_minutes: 27,
[2026-08-19T16:35:24.803Z] created_at: '2026-01-19T22:01:03.486292+00:00'
[2026-08-19T16:35:24.803Z] }
[2026-08-19T16:35:24.803Z] ]
[2026-08-19T16:35:24.803Z] }
[2026-08-19T16:35:24.803Z] [API /pomodoro/get-settings] Settings response: {
[2026-08-19T16:35:24.803Z] data: {
[2026-08-19T16:35:24.803Z] id: '6729871f-4efa-4304-a753-1f7dd1859400',
[2026-08-19T16:35:24.803Z] user_id: '57fc7b0a-5ba0-42fb-ad0c-f15ee32c6df3',
[2026-08-19T16:35:24.803Z] short_break_minutes: 5,
[2026-08-19T16:35:24.804Z] long_break_minutes: 15,
[2026-08-19T16:35:24.804Z] cycles_until_long_break: 4,
[2026-08-19T16:35:24.804Z] updated_at: '2026-01-31T22:04:42.725+00:00'
[2026-08-19T16:35:24.804Z] },
[2026-08-19T16:35:24.804Z] error: undefined
[2026-08-19T16:35:24.804Z] }
[2026-08-19T16:35:24.804Z] [API /pomodoro/get-settings] Sessions response: { count: 19, error: undefined }
[2026-08-19T16:35:24.804Z] [API /pomodoro/get-settings] Returning settings with 19 sessions
[2026-08-19T16:35:24.805Z] GET /api/pomodoro/get-settings 200 in 759ms
[2026-08-19T16:35:44.876Z] [PomodoroTimer] Initial categoryDurations from settings: { produtividade: 25, estudos: 50, descanso: 15 }
[2026-08-19T16:35:44.925Z] GET /?from_webdev=1 200 in 156ms
[2026-08-19T16:35:49.698Z] [PomodoroTimer] Initial categoryDurations from settings: { produtividade: 25, estudos: 50, descanso: 15 }
[2026-08-19T16:35:49.734Z] HEAD / 200 in 127ms
[2026-08-19T16:35:51.079Z] [PomodoroTimer] Initial categoryDurations from settings: { produtividade: 25, estudos: 50, descanso: 15 }
[2026-08-19T16:35:51.126Z] GET /?from_webdev=1 200 in 141ms
[2026-08-19T16:35:57.521Z] [PomodoroTimer] Initial categoryDurations from settings: { produtividade: 25, estudos: 50, descanso: 15 }
[2026-08-19T16:35:57.563Z] GET /?from_webdev=1 200 in 129ms
[2026-08-19T16:36:02.317Z] [PomodoroTimer] Initial categoryDurations from settings: { produtividade: 25, estudos: 50, descanso: 15 }
[2026-08-19T16:36:02.342Z] HEAD / 200 in 101ms
[2026-08-19T16:36:03.070Z] [PomodoroTimer] Initial categoryDurations from settings: { produtividade: 25, estudos: 50, descanso: 15 }
[2026-08-19T16:36:03.109Z] GET /?from_webdev=1 200 in 114ms
[2026-08-19T16:36:24.224Z] [API /pomodoro/get-settings] Starting request...
[2026-08-19T16:36:24.397Z] [API /pomodoro/get-settings] User authenticated: 57fc7b0a-5ba0-42fb-ad0c-f15ee32c6df3
[2026-08-19T16:36:24.576Z] [API /pomodoro/get-settings] Categories response: {
[2026-08-19T16:36:24.577Z] count: 3,
[2026-08-19T16:36:24.577Z] error: undefined,
[2026-08-19T16:36:24.577Z] data: [
[2026-08-19T16:36:24.577Z] {
[2026-08-19T16:36:24.577Z] id: '67040b77-248a-420d-8be2-5c5eca65ca8f',
[2026-08-19T16:36:24.577Z] user_id: '57fc7b0a-5ba0-42fb-ad0c-f15ee32c6df3',
[2026-08-19T16:36:24.577Z] name: 'Produzindo',
[2026-08-19T16:36:24.577Z] color: '#ff6600',
[2026-08-19T16:36:24.577Z] duration_minutes: 57,
[2026-08-19T16:36:24.577Z] created_at: '2026-01-19T22:01:03.082007+00:00'
[2026-08-19T16:36:24.577Z] },
[2026-08-19T16:36:24.577Z] {
[2026-08-19T16:36:24.577Z] id: '5e6728b1-cde5-4c8b-a296-116604eadee0',
[2026-08-19T16:36:24.577Z] user_id: '57fc7b0a-5ba0-42fb-ad0c-f15ee32c6df3',
[2026-08-19T16:36:24.577Z] name: 'Estudando',
[2026-08-19T16:36:24.577Z] color: '#002aff',
[2026-08-19T16:36:24.577Z] duration_minutes: 30,
[2026-08-19T16:36:24.577Z] created_at: '2026-01-19T22:01:03.284823+00:00'
[2026-08-19T16:36:24.577Z] },
[2026-08-19T16:36:24.577Z] {
[2026-08-19T16:36:24.577Z] id: '4ec39e04-b451-4c7a-845d-571dc624e600',
[2026-08-19T16:36:24.577Z] user_id: '57fc7b0a-5ba0-42fb-ad0c-f15ee32c6df3',
[2026-08-19T16:36:24.577Z] name: 'Conteúdos',
[2026-08-19T16:36:24.577Z] color: '#00d13f',
[2026-08-19T16:36:24.577Z] duration_minutes: 27,
[2026-08-19T16:36:24.577Z] created_at: '2026-01-19T22:01:03.486292+00:00'
[2026-08-19T16:36:24.577Z] }
[2026-08-19T16:36:24.577Z] ]
[2026-08-19T16:36:24.577Z] }
[2026-08-19T16:36:24.577Z] [API /pomodoro/get-settings] Settings response: {
[2026-08-19T16:36:24.577Z] data: {
[2026-08-19T16:36:24.577Z] id: '6729871f-4efa-4304-a753-1f7dd1859400',
[2026-08-19T16:36:24.577Z] user_id: '57fc7b0a-5ba0-42fb-ad0c-f15ee32c6df3',
[2026-08-19T16:36:24.577Z] short_break_minutes: 5,
[2026-08-19T16:36:24.577Z] long_break_minutes: 15,
[2026-08-19T16:36:24.577Z] cycles_until_long_break: 4,
[2026-08-19T16:36:24.577Z] updated_at: '2026-01-31T22:04:42.725+00:00'
[2026-08-19T16:36:24.577Z] },
[2026-08-19T16:36:24.577Z] error: undefined
[2026-08-19T16:36:24.577Z] }
[2026-08-19T16:36:24.577Z] [API /pomodoro/get-settings] Sessions response: { count: 19, error: undefined }
[2026-08-19T16:36:24.577Z] [API /pomodoro/get-settings] Returning settings with 19 sessions
[2026-08-19T16:36:24.578Z] GET /api/pomodoro/get-settings 200 in 589ms
[2026-08-19T16:37:06.620Z] [PomodoroTimer] Initial categoryDurations from settings: { produtividade: 25, estudos: 50, descanso: 15 }
[2026-08-19T16:37:06.659Z] GET /?from_webdev=1 200 in 144ms
[2026-08-19T16:37:11.428Z] [PomodoroTimer] Initial categoryDurations from settings: { produtividade: 25, estudos: 50, descanso: 15 }
[2026-08-19T16:37:11.455Z] HEAD / 200 in 116ms
[2026-08-19T16:37:12.083Z] [PomodoroTimer] Initial categoryDurations from settings: { produtividade: 25, estudos: 50, descanso: 15 }
[2026-08-19T16:37:12.125Z] GET /?from_webdev=1 200 in 134ms
[2026-08-19T16:37:24.266Z] [API /pomodoro/get-settings] Starting request...
[2026-08-19T16:37:24.511Z] [API /pomodoro/get-settings] User authenticated: 57fc7b0a-5ba0-42fb-ad0c-f15ee32c6df3
[2026-08-19T16:37:24.671Z] [API /pomodoro/get-settings] Categories response: {
[2026-08-19T16:37:24.671Z] count: 3,
[2026-08-19T16:37:24.671Z] error: undefined,
[2026-08-19T16:37:24.671Z] data: [
[2026-08-19T16:37:24.671Z] {
[2026-08-19T16:37:24.671Z] id: '67040b77-248a-420d-8be2-5c5eca65ca8f',
[2026-08-19T16:37:24.671Z] user_id: '57fc7b0a-5ba0-42fb-ad0c-f15ee32c6df3',
[2026-08-19T16:37:24.671Z] name: 'Produzindo',
[2026-08-19T16:37:24.671Z] color: '#ff6600',
[2026-08-19T16:37:24.671Z] duration_minutes: 57,
[2026-08-19T16:37:24.671Z] created_at: '2026-01-19T22:01:03.082007+00:00'
[2026-08-19T16:37:24.671Z] },
[2026-08-19T16:37:24.671Z] {
[2026-08-19T16:37:24.671Z] id: '5e6728b1-cde5-4c8b-a296-116604eadee0',
[2026-08-19T16:37:24.671Z] user_id: '57fc7b0a-5ba0-42fb-ad0c-f15ee32c6df3',
[2026-08-19T16:37:24.671Z] name: 'Estudando',
[2026-08-19T16:37:24.671Z] color: '#002aff',
[2026-08-19T16:37:24.671Z] duration_minutes: 30,
[2026-08-19T16:37:24.671Z] created_at: '2026-01-19T22:01:03.284823+00:00'
[2026-08-19T16:37:24.671Z] },
[2026-08-19T16:37:24.671Z] {
[2026-08-19T16:37:24.671Z] id: '4ec39e04-b451-4c7a-845d-571dc624e600',
[2026-08-19T16:37:24.671Z] user_id: '57fc7b0a-5ba0-42fb-ad0c-f15ee32c6df3',
[2026-08-19T16:37:24.671Z] name: 'Conteúdos',
[2026-08-19T16:37:24.671Z] color: '#00d13f',
[2026-08-19T16:37:24.671Z] duration_minutes: 27,
[2026-08-19T16:37:24.671Z] created_at: '2026-01-19T22:01:03.486292+00:00'
[2026-08-19T16:37:24.671Z] }
[2026-08-19T16:37:24.671Z] ]
[2026-08-19T16:37:24.671Z] }
[2026-08-19T16:37:24.671Z] [API /pomodoro/get-settings] Settings response: {
[2026-08-19T16:37:24.671Z] data: {
[2026-08-19T16:37:24.671Z] id: '6729871f-4efa-4304-a753-1f7dd1859400',
[2026-08-19T16:37:24.671Z] user_id: '57fc7b0a-5ba0-42fb-ad0c-f15ee32c6df3',
[2026-08-19T16:37:24.671Z] short_break_minutes: 5,
[2026-08-19T16:37:24.671Z] long_break_minutes: 15,
[2026-08-19T16:37:24.672Z] cycles_until_long_break: 4,
[2026-08-19T16:37:24.672Z] updated_at: '2026-01-31T22:04:42.725+00:00'
[2026-08-19T16:37:24.672Z] },
[2026-08-19T16:37:24.672Z] error: undefined
[2026-08-19T16:37:24.672Z] }
[2026-08-19T16:37:24.672Z] [API /pomodoro/get-settings] Sessions response: { count: 19, error: undefined }
[2026-08-19T16:37:24.672Z] [API /pomodoro/get-settings] Returning settings with 19 sessions
[2026-08-19T16:37:24.673Z] GET /api/pomodoro/get-settings 200 in 682ms
[2026-08-19T16:37:45.367Z] [PomodoroTimer] Initial categoryDurations from settings: { produtividade: 25, estudos: 50, descanso: 15 }
[2026-08-19T16:37:45.437Z] GET /?from_webdev=1 200 in 241ms
[2026-08-19T16:37:50.483Z] [PomodoroTimer] Initial categoryDurations from settings: { produtividade: 25, estudos: 50, descanso: 15 }
[2026-08-19T16:37:50.521Z] HEAD / 200 in 153ms
[2026-08-19T16:37:53.076Z] [PomodoroTimer] Initial categoryDurations from settings: { produtividade: 25, estudos: 50, descanso: 15 }
[2026-08-19T16:37:53.122Z] GET /?from_webdev=1 200 in 135ms
[2026-08-19T16:37:55.366Z] [PomodoroTimer] Initial categoryDurations from settings: { produtividade: 25, estudos: 50, descanso: 15 }
[2026-08-19T16:37:55.426Z] GET /?from_webdev=1 200 in 174ms
[2026-08-19T16:37:59.938Z] [PomodoroTimer] Initial categoryDurations from settings: { produtividade: 25, estudos: 50, descanso: 15 }
[2026-08-19T16:37:59.963Z] HEAD / 200 in 115ms
[2026-08-19T16:38:01.081Z] [PomodoroTimer] Initial categoryDurations from settings: { produtividade: 25, estudos: 50, descanso: 15 }
[2026-08-19T16:38:01.124Z] GET /?from_webdev=1 200 in 127ms
[2026-08-19T16:38:20.997Z] [PomodoroTimer] Initial categoryDurations from settings: { produtividade: 25, estudos: 50, descanso: 15 }
[2026-08-19T16:38:21.035Z] GET / 200 in 130ms
[2026-08-19T16:38:24.234Z] [API /pomodoro/get-settings] Starting request...
[2026-08-19T16:38:24.433Z] [API /pomodoro/get-settings] User authenticated: 57fc7b0a-5ba0-42fb-ad0c-f15ee32c6df3
[2026-08-19T16:38:24.592Z] [API /pomodoro/get-settings] Categories response: {
[2026-08-19T16:38:24.592Z] count: 3,
[2026-08-19T16:38:24.592Z] error: undefined,
[2026-08-19T16:38:24.592Z] data: [
[2026-08-19T16:38:24.592Z] {
[2026-08-19T16:38:24.592Z] id: '67040b77-248a-420d-8be2-5c5eca65ca8f',
[2026-08-19T16:38:24.592Z] user_id: '57fc7b0a-5ba0-42fb-ad0c-f15ee32c6df3',
[2026-08-19T16:38:24.593Z] name: 'Produzindo',
[2026-08-19T16:38:24.593Z] color: '#ff6600',
[2026-08-19T16:38:24.593Z] duration_minutes: 57,
[2026-08-19T16:38:24.593Z] created_at: '2026-01-19T22:01:03.082007+00:00'
[2026-08-19T16:38:24.593Z] },
[2026-08-19T16:38:24.593Z] {
[2026-08-19T16:38:24.593Z] id: '5e6728b1-cde5-4c8b-a296-116604eadee0',
[2026-08-19T16:38:24.593Z] user_id: '57fc7b0a-5ba0-42fb-ad0c-f15ee32c6df3',
[2026-08-19T16:38:24.593Z] name: 'Estudando',
[2026-08-19T16:38:24.593Z] color: '#002aff',
[2026-08-19T16:38:24.593Z] duration_minutes: 30,
[2026-08-19T16:38:24.593Z] created_at: '2026-01-19T22:01:03.284823+00:00'
[2026-08-19T16:38:24.593Z] },
[2026-08-19T16:38:24.593Z] {
[2026-08-19T16:38:24.593Z] id: '4ec39e04-b451-4c7a-845d-571dc624e600',
[2026-08-19T16:38:24.593Z] user_id: '57fc7b0a-5ba0-42fb-ad0c-f15ee32c6df3',
[2026-08-19T16:38:24.593Z] name: 'Conteúdos',
[2026-08-19T16:38:24.593Z] color: '#00d13f',
[2026-08-19T16:38:24.593Z] duration_minutes: 27,
[2026-08-19T16:38:24.593Z] created_at: '2026-01-19T22:01:03.486292+00:00'
[2026-08-19T16:38:24.593Z] }
[2026-08-19T16:38:24.593Z] ]
[2026-08-19T16:38:24.593Z] }
[2026-08-19T16:38:24.593Z] [API /pomodoro/get-settings] Settings response: {
[2026-08-19T16:38:24.593Z] data: {
[2026-08-19T16:38:24.593Z] id: '6729871f-4efa-4304-a753-1f7dd1859400',
[2026-08-19T16:38:24.593Z] user_id: '57fc7b0a-5ba0-42fb-ad0c-f15ee32c6df3',
[2026-08-19T16:38:24.593Z] short_break_minutes: 5,
[2026-08-19T16:38:24.593Z] long_break_minutes: 15,
[2026-08-19T16:38:24.593Z] cycles_until_long_break: 4,
[2026-08-19T16:38:24.593Z] updated_at: '2026-01-31T22:04:42.725+00:00'
[2026-08-19T16:38:24.593Z] },
[2026-08-19T16:38:24.593Z] error: undefined
[2026-08-19T16:38:24.593Z] }
[2026-08-19T16:38:24.593Z] [API /pomodoro/get-settings] Sessions response: { count: 19, error: undefined }
[2026-08-19T16:38:24.593Z] [API /pomodoro/get-settings] Returning settings with 19 sessions
[2026-08-19T16:38:24.594Z] GET /api/pomodoro/get-settings 200 in 603ms
[2026-08-19T16:39:01.676Z] [PomodoroTimer] Initial categoryDurations from settings: { produtividade: 25, estudos: 50, descanso: 15 }
[2026-08-19T16:39:01.724Z] GET /?from_webdev=1 200 in 153ms
[2026-08-19T16:39:06.853Z] [PomodoroTimer] Initial categoryDurations from settings: { produtividade: 25, estudos: 50, descanso: 15 }
[2026-08-19T16:39:06.894Z] HEAD / 200 in 159ms
[2026-08-19T16:39:08.104Z] [PomodoroTimer] Initial categoryDurations from settings: { produtividade: 25, estudos: 50, descanso: 15 }
[2026-08-19T16:39:08.150Z] GET /?from_webdev=1 200 in 135ms
[2026-08-19T16:39:15.490Z] [PomodoroTimer] Initial categoryDurations from settings: { produtividade: 25, estudos: 50, descanso: 15 }
[2026-08-19T16:39:15.538Z] GET /?from_webdev=1 200 in 140ms
[2026-08-19T16:39:20.386Z] [PomodoroTimer] Initial categoryDurations from settings: { produtividade: 25, estudos: 50, descanso: 15 }
[2026-08-19T16:39:20.424Z] HEAD / 200 in 149ms
[2026-08-19T16:39:21.099Z] [PomodoroTimer] Initial categoryDurations from settings: { produtividade: 25, estudos: 50, descanso: 15 }
[2026-08-19T16:39:21.147Z] GET /?from_webdev=1 200 in 149ms
[2026-08-19T16:39:57.253Z] [API /pomodoro/get-settings] Starting request...
[2026-08-19T16:39:57.408Z] [API /pomodoro/get-settings] User authenticated: 57fc7b0a-5ba0-42fb-ad0c-f15ee32c6df3
[2026-08-19T16:39:57.560Z] [API /pomodoro/get-settings] Categories response: {
[2026-08-19T16:39:57.560Z] count: 3,
[2026-08-19T16:39:57.560Z] error: undefined,
[2026-08-19T16:39:57.560Z] data: [
[2026-08-19T16:39:57.560Z] {
[2026-08-19T16:39:57.560Z] id: '67040b77-248a-420d-8be2-5c5eca65ca8f',
[2026-08-19T16:39:57.560Z] user_id: '57fc7b0a-5ba0-42fb-ad0c-f15ee32c6df3',
[2026-08-19T16:39:57.560Z] name: 'Produzindo',
[2026-08-19T16:39:57.560Z] color: '#ff6600',
[2026-08-19T16:39:57.560Z] duration_minutes: 57,
[2026-08-19T16:39:57.560Z] created_at: '2026-01-19T22:01:03.082007+00:00'
[2026-08-19T16:39:57.560Z] },
[2026-08-19T16:39:57.560Z] {
[2026-08-19T16:39:57.560Z] id: '5e6728b1-cde5-4c8b-a296-116604eadee0',
[2026-08-19T16:39:57.560Z] user_id: '57fc7b0a-5ba0-42fb-ad0c-f15ee32c6df3',
[2026-08-19T16:39:57.560Z] name: 'Estudando',
[2026-08-19T16:39:57.560Z] color: '#002aff',
[2026-08-19T16:39:57.560Z] duration_minutes: 30,
[2026-08-19T16:39:57.560Z] created_at: '2026-01-19T22:01:03.284823+00:00'
[2026-08-19T16:39:57.560Z] },
[2026-08-19T16:39:57.560Z] {
[2026-08-19T16:39:57.560Z] id: '4ec39e04-b451-4c7a-845d-571dc624e600',
[2026-08-19T16:39:57.560Z] user_id: '57fc7b0a-5ba0-42fb-ad0c-f15ee32c6df3',
[2026-08-19T16:39:57.560Z] name: 'Conteúdos',
[2026-08-19T16:39:57.560Z] color: '#00d13f',
[2026-08-19T16:39:57.560Z] duration_minutes: 27,
[2026-08-19T16:39:57.560Z] created_at: '2026-01-19T22:01:03.486292+00:00'
[2026-08-19T16:39:57.560Z] }
[2026-08-19T16:39:57.560Z] ]
[2026-08-19T16:39:57.560Z] }
[2026-08-19T16:39:57.560Z] [API /pomodoro/get-settings] Settings response: {
[2026-08-19T16:39:57.560Z] data: {
[2026-08-19T16:39:57.560Z] id: '6729871f-4efa-4304-a753-1f7dd1859400',
[2026-08-19T16:39:57.560Z] user_id: '57fc7b0a-5ba0-42fb-ad0c-f15ee32c6df3',
[2026-08-19T16:39:57.560Z] short_break_minutes: 5,
[2026-08-19T16:39:57.560Z] long_break_minutes: 15,
[2026-08-19T16:39:57.560Z] cycles_until_long_break: 4,
[2026-08-19T16:39:57.560Z] updated_at: '2026-01-31T22:04:42.725+00:00'
[2026-08-19T16:39:57.560Z] },
[2026-08-19T16:39:57.560Z] error: undefined
[2026-08-19T16:39:57.560Z] }
[2026-08-19T16:39:57.560Z] [API /pomodoro/get-settings] Sessions response: { count: 19, error: undefined }
[2026-08-19T16:39:57.560Z] [API /pomodoro/get-settings] Returning settings with 19 sessions
[2026-08-19T16:39:57.562Z] GET /api/pomodoro/get-settings 200 in 563ms
[2026-08-19T16:40:57.295Z] [API /pomodoro/get-settings] Starting request...
[2026-08-19T16:40:57.495Z] [API /pomodoro/get-settings] User authenticated: 57fc7b0a-5ba0-42fb-ad0c-f15ee32c6df3
[2026-08-19T16:40:57.705Z] [API /pomodoro/get-settings] Categories response: {
[2026-08-19T16:40:57.705Z] count: 3,
[2026-08-19T16:40:57.705Z] error: undefined,
[2026-08-19T16:40:57.705Z] data: [
[2026-08-19T16:40:57.705Z] {
[2026-08-19T16:40:57.705Z] id: '67040b77-248a-420d-8be2-5c5eca65ca8f',
[2026-08-19T16:40:57.705Z] user_id: '57fc7b0a-5ba0-42fb-ad0c-f15ee32c6df3',
[2026-08-19T16:40:57.705Z] name: 'Produzindo',
[2026-08-19T16:40:57.705Z] color: '#ff6600',
[2026-08-19T16:40:57.705Z] duration_minutes: 57,
[2026-08-19T16:40:57.705Z] created_at: '2026-01-19T22:01:03.082007+00:00'
[2026-08-19T16:40:57.705Z] },
[2026-08-19T16:40:57.705Z] {
[2026-08-19T16:40:57.705Z] id: '5e6728b1-cde5-4c8b-a296-116604eadee0',
[2026-08-19T16:40:57.705Z] user_id: '57fc7b0a-5ba0-42fb-ad0c-f15ee32c6df3',
[2026-08-19T16:40:57.705Z] name: 'Estudando',
[2026-08-19T16:40:57.705Z] color: '#002aff',
[2026-08-19T16:40:57.705Z] duration_minutes: 30,
[2026-08-19T16:40:57.705Z] created_at: '2026-01-19T22:01:03.284823+00:00'
[2026-08-19T16:40:57.705Z] },
[2026-08-19T16:40:57.705Z] {
[2026-08-19T16:40:57.705Z] id: '4ec39e04-b451-4c7a-845d-571dc624e600',
[2026-08-19T16:40:57.705Z] user_id: '57fc7b0a-5ba0-42fb-ad0c-f15ee32c6df3',
[2026-08-19T16:40:57.705Z] name: 'Conteúdos',
[2026-08-19T16:40:57.705Z] color: '#00d13f',
[2026-08-19T16:40:57.705Z] duration_minutes: 27,
[2026-08-19T16:40:57.705Z] created_at: '2026-01-19T22:01:03.486292+00:00'
[2026-08-19T16:40:57.705Z] }
[2026-08-19T16:40:57.705Z] ]
[2026-08-19T16:40:57.706Z] }
[2026-08-19T16:40:57.706Z] [API /pomodoro/get-settings] Settings response: {
[2026-08-19T16:40:57.706Z] data: {
[2026-08-19T16:40:57.706Z] id: '6729871f-4efa-4304-a753-1f7dd1859400',
[2026-08-19T16:40:57.706Z] user_id: '57fc7b0a-5ba0-42fb-ad0c-f15ee32c6df3',
[2026-08-19T16:40:57.706Z] short_break_minutes: 5,
[2026-08-19T16:40:57.706Z] long_break_minutes: 15,
[2026-08-19T16:40:57.706Z] cycles_until_long_break: 4,
[2026-08-19T16:40:57.706Z] updated_at: '2026-01-31T22:04:42.725+00:00'
[2026-08-19T16:40:57.706Z] },
[2026-08-19T16:40:57.706Z] error: undefined
[2026-08-19T16:40:57.706Z] }
[2026-08-19T16:40:57.706Z] [API /pomodoro/get-settings] Sessions response: { count: 19, error: undefined }
[2026-08-19T16:40:57.706Z] [API /pomodoro/get-settings] Returning settings with 19 sessions
[2026-08-19T16:40:57.707Z] GET /api/pomodoro/get-settings 200 in 666ms
[2026-08-19T16:41:57.244Z] [API /pomodoro/get-settings] Starting request...
[2026-08-19T16:41:57.396Z] [API /pomodoro/get-settings] User authenticated: 57fc7b0a-5ba0-42fb-ad0c-f15ee32c6df3
[2026-08-19T16:41:57.568Z] [API /pomodoro/get-settings] Categories response: {
[2026-08-19T16:41:57.568Z] count: 3,
[2026-08-19T16:41:57.568Z] error: undefined,
[2026-08-19T16:41:57.568Z] data: [
[2026-08-19T16:41:57.568Z] {
[2026-08-19T16:41:57.568Z] id: '67040b77-248a-420d-8be2-5c5eca65ca8f',
[2026-08-19T16:41:57.568Z] user_id: '57fc7b0a-5ba0-42fb-ad0c-f15ee32c6df3',
[2026-08-19T16:41:57.568Z] name: 'Produzindo',
[2026-08-19T16:41:57.568Z] color: '#ff6600',
[2026-08-19T16:41:57.568Z] duration_minutes: 57,
[2026-08-19T16:41:57.568Z] created_at: '2026-01-19T22:01:03.082007+00:00'
[2026-08-19T16:41:57.568Z] },
[2026-08-19T16:41:57.568Z] {
[2026-08-19T16:41:57.568Z] id: '5e6728b1-cde5-4c8b-a296-116604eadee0',
[2026-08-19T16:41:57.568Z] user_id: '57fc7b0a-5ba0-42fb-ad0c-f15ee32c6df3',
[2026-08-19T16:41:57.568Z] name: 'Estudando',
[2026-08-19T16:41:57.568Z] color: '#002aff',
[2026-08-19T16:41:57.568Z] duration_minutes: 30,
[2026-08-19T16:41:57.568Z] created_at: '2026-01-19T22:01:03.284823+00:00'
[2026-08-19T16:41:57.568Z] },
[2026-08-19T16:41:57.568Z] {
[2026-08-19T16:41:57.568Z] id: '4ec39e04-b451-4c7a-845d-571dc624e600',
[2026-08-19T16:41:57.568Z] user_id: '57fc7b0a-5ba0-42fb-ad0c-f15ee32c6df3',
[2026-08-19T16:41:57.568Z] name: 'Conteúdos',
[2026-08-19T16:41:57.568Z] color: '#00d13f',
[2026-08-19T16:41:57.568Z] duration_minutes: 27,
[2026-08-19T16:41:57.568Z] created_at: '2026-01-19T22:01:03.486292+00:00'
[2026-08-19T16:41:57.569Z] }
[2026-08-19T16:41:57.569Z] ]
[2026-08-19T16:41:57.569Z] }
[2026-08-19T16:41:57.569Z] [API /pomodoro/get-settings] Settings response: {
[2026-08-19T16:41:57.569Z] data: {
[2026-08-19T16:41:57.569Z] id: '6729871f-4efa-4304-a753-1f7dd1859400',
[2026-08-19T16:41:57.569Z] user_id: '57fc7b0a-5ba0-42fb-ad0c-f15ee32c6df3',
[2026-08-19T16:41:57.569Z] short_break_minutes: 5,
[2026-08-19T16:41:57.569Z] long_break_minutes: 15,
[2026-08-19T16:41:57.569Z] cycles_until_long_break: 4,
[2026-08-19T16:41:57.569Z] updated_at: '2026-01-31T22:04:42.725+00:00'
[2026-08-19T16:41:57.569Z] },
[2026-08-19T16:41:57.569Z] error: undefined
[2026-08-19T16:41:57.569Z] }
[2026-08-19T16:41:57.569Z] [API /pomodoro/get-settings] Sessions response: { count: 19, error: undefined }
[2026-08-19T16:41:57.569Z] [API /pomodoro/get-settings] Returning settings with 19 sessions
[2026-08-19T16:41:57.570Z] GET /api/pomodoro/get-settings 200 in 571ms
[2026-08-19T16:42:57.243Z] [API /pomodoro/get-settings] Starting request...
[2026-08-19T16:42:57.514Z] [API /pomodoro/get-settings] User authenticated: 57fc7b0a-5ba0-42fb-ad0c-f15ee32c6df3
[2026-08-19T16:42:57.676Z] [API /pomodoro/get-settings] Categories response: {
[2026-08-19T16:42:57.676Z] count: 3,
[2026-08-19T16:42:57.676Z] error: undefined,
[2026-08-19T16:42:57.676Z] data: [
[2026-08-19T16:42:57.676Z] {
[2026-08-19T16:42:57.676Z] id: '67040b77-248a-420d-8be2-5c5eca65ca8f',
[2026-08-19T16:42:57.676Z] user_id: '57fc7b0a-5ba0-42fb-ad0c-f15ee32c6df3',
[2026-08-19T16:42:57.676Z] name: 'Produzindo',
[2026-08-19T16:42:57.676Z] color: '#ff6600',
[2026-08-19T16:42:57.676Z] duration_minutes: 57,
[2026-08-19T16:42:57.676Z] created_at: '2026-01-19T22:01:03.082007+00:00'
[2026-08-19T16:42:57.676Z] },
[2026-08-19T16:42:57.676Z] {
[2026-08-19T16:42:57.676Z] id: '5e6728b1-cde5-4c8b-a296-116604eadee0',
[2026-08-19T16:42:57.676Z] user_id: '57fc7b0a-5ba0-42fb-ad0c-f15ee32c6df3',
[2026-08-19T16:42:57.676Z] name: 'Estudando',
[2026-08-19T16:42:57.676Z] color: '#002aff',
[2026-08-19T16:42:57.676Z] duration_minutes: 30,
[2026-08-19T16:42:57.676Z] created_at: '2026-01-19T22:01:03.284823+00:00'
[2026-08-19T16:42:57.676Z] },
[2026-08-19T16:42:57.676Z] {
[2026-08-19T16:42:57.676Z] id: '4ec39e04-b451-4c7a-845d-571dc624e600',
[2026-08-19T16:42:57.676Z] user_id: '57fc7b0a-5ba0-42fb-ad0c-f15ee32c6df3',
[2026-08-19T16:42:57.676Z] name: 'Conteúdos',
[2026-08-19T16:42:57.676Z] color: '#00d13f',
[2026-08-19T16:42:57.676Z] duration_minutes: 27,
[2026-08-19T16:42:57.676Z] created_at: '2026-01-19T22:01:03.486292+00:00'
[2026-08-19T16:42:57.676Z] }
[2026-08-19T16:42:57.676Z] ]
[2026-08-19T16:42:57.676Z] }
[2026-08-19T16:42:57.676Z] [API /pomodoro/get-settings] Settings response: {
[2026-08-19T16:42:57.676Z] data: {
[2026-08-19T16:42:57.676Z] id: '6729871f-4efa-4304-a753-1f7dd1859400',
[2026-08-19T16:42:57.676Z] user_id: '57fc7b0a-5ba0-42fb-ad0c-f15ee32c6df3',
[2026-08-19T16:42:57.676Z] short_break_minutes: 5,
[2026-08-19T16:42:57.676Z] long_break_minutes: 15,
[2026-08-19T16:42:57.676Z] cycles_until_long_break: 4,
[2026-08-19T16:42:57.676Z] updated_at: '2026-01-31T22:04:42.725+00:00'
[2026-08-19T16:42:57.676Z] },
[2026-08-19T16:42:57.676Z] error: undefined
[2026-08-19T16:42:57.676Z] }
[2026-08-19T16:42:57.676Z] [API /pomodoro/get-settings] Sessions response: { count: 19, error: undefined }
[2026-08-19T16:42:57.676Z] [API /pomodoro/get-settings] Returning settings with 19 sessions
[2026-08-19T16:42:57.677Z] GET /api/pomodoro/get-settings 200 in 682ms
[2026-08-19T16:43:57.341Z] [API /pomodoro/get-settings] Starting request...
[2026-08-19T16:43:57.551Z] [API /pomodoro/get-settings] User authenticated: 57fc7b0a-5ba0-42fb-ad0c-f15ee32c6df3
[2026-08-19T16:43:57.728Z] [API /pomodoro/get-settings] Categories response: {
[2026-08-19T16:43:57.728Z] count: 3,
[2026-08-19T16:43:57.728Z] error: undefined,
[2026-08-19T16:43:57.728Z] data: [
[2026-08-19T16:43:57.728Z] {
[2026-08-19T16:43:57.728Z] id: '67040b77-248a-420d-8be2-5c5eca65ca8f',
[2026-08-19T16:43:57.728Z] user_id: '57fc7b0a-5ba0-42fb-ad0c-f15ee32c6df3',
[2026-08-19T16:43:57.728Z] name: 'Produzindo',
[2026-08-19T16:43:57.728Z] color: '#ff6600',
[2026-08-19T16:43:57.728Z] duration_minutes: 57,
[2026-08-19T16:43:57.728Z] created_at: '2026-01-19T22:01:03.082007+00:00'
[2026-08-19T16:43:57.728Z] },
[2026-08-19T16:43:57.728Z] {
[2026-08-19T16:43:57.728Z] id: '5e6728b1-cde5-4c8b-a296-116604eadee0',
[2026-08-19T16:43:57.728Z] user_id: '57fc7b0a-5ba0-42fb-ad0c-f15ee32c6df3',
[2026-08-19T16:43:57.728Z] name: 'Estudando',
[2026-08-19T16:43:57.728Z] color: '#002aff',
[2026-08-19T16:43:57.728Z] duration_minutes: 30,
[2026-08-19T16:43:57.728Z] created_at: '2026-01-19T22:01:03.284823+00:00'
[2026-08-19T16:43:57.728Z] },
[2026-08-19T16:43:57.728Z] {
[2026-08-19T16:43:57.728Z] id: '4ec39e04-b451-4c7a-845d-571dc624e600',
[2026-08-19T16:43:57.728Z] user_id: '57fc7b0a-5ba0-42fb-ad0c-f15ee32c6df3',
[2026-08-19T16:43:57.728Z] name: 'Conteúdos',
[2026-08-19T16:43:57.728Z] color: '#00d13f',
[2026-08-19T16:43:57.728Z] duration_minutes: 27,
[2026-08-19T16:43:57.728Z] created_at: '2026-01-19T22:01:03.486292+00:00'
[2026-08-19T16:43:57.728Z] }
[2026-08-19T16:43:57.728Z] ]
[2026-08-19T16:43:57.728Z] }
[2026-08-19T16:43:57.728Z] [API /pomodoro/get-settings] Settings response: {
[2026-08-19T16:43:57.728Z] data: {
[2026-08-19T16:43:57.729Z] id: '6729871f-4efa-4304-a753-1f7dd1859400',
[2026-08-19T16:43:57.729Z] user_id: '57fc7b0a-5ba0-42fb-ad0c-f15ee32c6df3',
[2026-08-19T16:43:57.729Z] short_break_minutes: 5,
[2026-08-19T16:43:57.729Z] long_break_minutes: 15,
[2026-08-19T16:43:57.729Z] cycles_until_long_break: 4,
[2026-08-19T16:43:57.729Z] updated_at: '2026-01-31T22:04:42.725+00:00'
[2026-08-19T16:43:57.729Z] },
[2026-08-19T16:43:57.729Z] error: undefined
[2026-08-19T16:43:57.729Z] }
[2026-08-19T16:43:57.729Z] [API /pomodoro/get-settings] Sessions response: { count: 19, error: undefined }
[2026-08-19T16:43:57.729Z] [API /pomodoro/get-settings] Returning settings with 19 sessions
[2026-08-19T16:43:57.731Z] GET /api/pomodoro/get-settings 200 in 626ms
[2026-08-19T16:44:08.534Z] [API /pomodoro/get-settings] Starting request...
[2026-08-19T16:44:08.666Z] [API /pomodoro/get-settings] User authenticated: 57fc7b0a-5ba0-42fb-ad0c-f15ee32c6df3
[2026-08-19T16:44:08.900Z] [API /pomodoro/get-settings] Categories response: {
[2026-08-19T16:44:08.900Z] count: 3,
[2026-08-19T16:44:08.900Z] error: undefined,
[2026-08-19T16:44:08.900Z] data: [
[2026-08-19T16:44:08.900Z] {
[2026-08-19T16:44:08.900Z] id: '67040b77-248a-420d-8be2-5c5eca65ca8f',
[2026-08-19T16:44:08.901Z] user_id: '57fc7b0a-5ba0-42fb-ad0c-f15ee32c6df3',
[2026-08-19T16:44:08.901Z] name: 'Produzindo',
[2026-08-19T16:44:08.901Z] color: '#ff6600',
[2026-08-19T16:44:08.901Z] duration_minutes: 57,
[2026-08-19T16:44:08.901Z] created_at: '2026-01-19T22:01:03.082007+00:00'
[2026-08-19T16:44:08.901Z] },
[2026-08-19T16:44:08.901Z] {
[2026-08-19T16:44:08.901Z] id: '5e6728b1-cde5-4c8b-a296-116604eadee0',
[2026-08-19T16:44:08.901Z] user_id: '57fc7b0a-5ba0-42fb-ad0c-f15ee32c6df3',
[2026-08-19T16:44:08.901Z] name: 'Estudando',
[2026-08-19T16:44:08.901Z] color: '#002aff',
[2026-08-19T16:44:08.901Z] duration_minutes: 30,
[2026-08-19T16:44:08.901Z] created_at: '2026-01-19T22:01:03.284823+00:00'
[2026-08-19T16:44:08.901Z] },
[2026-08-19T16:44:08.901Z] {
[2026-08-19T16:44:08.901Z] id: '4ec39e04-b451-4c7a-845d-571dc624e600',
[2026-08-19T16:44:08.901Z] user_id: '57fc7b0a-5ba0-42fb-ad0c-f15ee32c6df3',
[2026-08-19T16:44:08.901Z] name: 'Conteúdos',
[2026-08-19T16:44:08.901Z] color: '#00d13f',
[2026-08-19T16:44:08.901Z] duration_minutes: 27,
[2026-08-19T16:44:08.901Z] created_at: '2026-01-19T22:01:03.486292+00:00'
[2026-08-19T16:44:08.901Z] }
[2026-08-19T16:44:08.901Z] ]
[2026-08-19T16:44:08.901Z] }
[2026-08-19T16:44:08.901Z] [API /pomodoro/get-settings] Settings response: {
[2026-08-19T16:44:08.901Z] data: {
[2026-08-19T16:44:08.901Z] id: '6729871f-4efa-4304-a753-1f7dd1859400',
[2026-08-19T16:44:08.901Z] user_id: '57fc7b0a-5ba0-42fb-ad0c-f15ee32c6df3',
[2026-08-19T16:44:08.901Z] short_break_minutes: 5,
[2026-08-19T16:44:08.901Z] long_break_minutes: 15,
[2026-08-19T16:44:08.901Z] cycles_until_long_break: 4,
[2026-08-19T16:44:08.901Z] updated_at: '2026-01-31T22:04:42.725+00:00'
[2026-08-19T16:44:08.901Z] },
[2026-08-19T16:44:08.901Z] error: undefined
[2026-08-19T16:44:08.901Z] }
[2026-08-19T16:44:08.901Z] [API /pomodoro/get-settings] Sessions response: { count: 19, error: undefined }
[2026-08-19T16:44:08.901Z] [API /pomodoro/get-settings] Returning settings with 19 sessions
[2026-08-19T16:44:08.902Z] GET /api/pomodoro/get-settings 200 in 607ms
[2026-08-19T16:45:09.238Z] [API /pomodoro/get-settings] Starting request...
[2026-08-19T16:45:09.415Z] [API /pomodoro/get-settings] User authenticated: 57fc7b0a-5ba0-42fb-ad0c-f15ee32c6df3
[2026-08-19T16:45:09.583Z] [API /pomodoro/get-settings] Categories response: {
[2026-08-19T16:45:09.583Z] count: 3,
[2026-08-19T16:45:09.583Z] error: undefined,
[2026-08-19T16:45:09.583Z] data: [
[2026-08-19T16:45:09.583Z] {
[2026-08-19T16:45:09.584Z] id: '67040b77-248a-420d-8be2-5c5eca65ca8f',
[2026-08-19T16:45:09.584Z] user_id: '57fc7b0a-5ba0-42fb-ad0c-f15ee32c6df3',
[2026-08-19T16:45:09.584Z] name: 'Produzindo',
[2026-08-19T16:45:09.584Z] color: '#ff6600',
[2026-08-19T16:45:09.584Z] duration_minutes: 57,
[2026-08-19T16:45:09.584Z] created_at: '2026-01-19T22:01:03.082007+00:00'
[2026-08-19T16:45:09.584Z] },
[2026-08-19T16:45:09.584Z] {
[2026-08-19T16:45:09.584Z] id: '5e6728b1-cde5-4c8b-a296-116604eadee0',
[2026-08-19T16:45:09.584Z] user_id: '57fc7b0a-5ba0-42fb-ad0c-f15ee32c6df3',
[2026-08-19T16:45:09.584Z] name: 'Estudando',
[2026-08-19T16:45:09.584Z] color: '#002aff',
[2026-08-19T16:45:09.584Z] duration_minutes: 30,
[2026-08-19T16:45:09.584Z] created_at: '2026-01-19T22:01:03.284823+00:00'
[2026-08-19T16:45:09.584Z] },
[2026-08-19T16:45:09.584Z] {
[2026-08-19T16:45:09.584Z] id: '4ec39e04-b451-4c7a-845d-571dc624e600',
[2026-08-19T16:45:09.584Z] user_id: '57fc7b0a-5ba0-42fb-ad0c-f15ee32c6df3',
[2026-08-19T16:45:09.584Z] name: 'Conteúdos',
[2026-08-19T16:45:09.584Z] color: '#00d13f',
[2026-08-19T16:45:09.584Z] duration_minutes: 27,
[2026-08-19T16:45:09.584Z] created_at: '2026-01-19T22:01:03.486292+00:00'
[2026-08-19T16:45:09.584Z] }
[2026-08-19T16:45:09.584Z] ]
[2026-08-19T16:45:09.584Z] }
[2026-08-19T16:45:09.584Z] [API /pomodoro/get-settings] Settings response: {
[2026-08-19T16:45:09.584Z] data: {
[2026-08-19T16:45:09.584Z] id: '6729871f-4efa-4304-a753-1f7dd1859400',
[2026-08-19T16:45:09.584Z] user_id: '57fc7b0a-5ba0-42fb-ad0c-f15ee32c6df3',
[2026-08-19T16:45:09.584Z] short_break_minutes: 5,
[2026-08-19T16:45:09.584Z] long_break_minutes: 15,
[2026-08-19T16:45:09.584Z] cycles_until_long_break: 4,
[2026-08-19T16:45:09.584Z] updated_at: '2026-01-31T22:04:42.725+00:00'
[2026-08-19T16:45:09.584Z] },
[2026-08-19T16:45:09.584Z] error: undefined
[2026-08-19T16:45:09.584Z] }
[2026-08-19T16:45:09.584Z] [API /pomodoro/get-settings] Sessions response: { count: 19, error: undefined }
[2026-08-19T16:45:09.584Z] [API /pomodoro/get-settings] Returning settings with 19 sessions
[2026-08-19T16:45:09.585Z] GET /api/pomodoro/get-settings 200 in 595ms
[2026-08-19T16:46:09.307Z] [API /pomodoro/get-settings] Starting request...
[2026-08-19T16:46:09.458Z] [API /pomodoro/get-settings] User authenticated: 57fc7b0a-5ba0-42fb-ad0c-f15ee32c6df3
[2026-08-19T16:46:09.611Z] [API /pomodoro/get-settings] Categories response: {
[2026-08-19T16:46:09.611Z] count: 3,
[2026-08-19T16:46:09.611Z] error: undefined,
[2026-08-19T16:46:09.611Z] data: [
[2026-08-19T16:46:09.611Z] {
[2026-08-19T16:46:09.611Z] id: '67040b77-248a-420d-8be2-5c5eca65ca8f',
[2026-08-19T16:46:09.611Z] user_id: '57fc7b0a-5ba0-42fb-ad0c-f15ee32c6df3',
[2026-08-19T16:46:09.611Z] name: 'Produzindo',
[2026-08-19T16:46:09.611Z] color: '#ff6600',
[2026-08-19T16:46:09.611Z] duration_minutes: 57,
[2026-08-19T16:46:09.611Z] created_at: '2026-01-19T22:01:03.082007+00:00'
[2026-08-19T16:46:09.611Z] },
[2026-08-19T16:46:09.611Z] {
[2026-08-19T16:46:09.612Z] id: '5e6728b1-cde5-4c8b-a296-116604eadee0',
[2026-08-19T16:46:09.612Z] user_id: '57fc7b0a-5ba0-42fb-ad0c-f15ee32c6df3',
[2026-08-19T16:46:09.612Z] name: 'Estudando',
[2026-08-19T16:46:09.612Z] color: '#002aff',
[2026-08-19T16:46:09.612Z] duration_minutes: 30,
[2026-08-19T16:46:09.612Z] created_at: '2026-01-19T22:01:03.284823+00:00'
[2026-08-19T16:46:09.612Z] },
[2026-08-19T16:46:09.612Z] {
[2026-08-19T16:46:09.612Z] id: '4ec39e04-b451-4c7a-845d-571dc624e600',
[2026-08-19T16:46:09.612Z] user_id: '57fc7b0a-5ba0-42fb-ad0c-f15ee32c6df3',
[2026-08-19T16:46:09.612Z] name: 'Conteúdos',
[2026-08-19T16:46:09.612Z] color: '#00d13f',
[2026-08-19T16:46:09.612Z] duration_minutes: 27,
[2026-08-19T16:46:09.612Z] created_at: '2026-01-19T22:01:03.486292+00:00'
[2026-08-19T16:46:09.612Z] }
[2026-08-19T16:46:09.612Z] ]
[2026-08-19T16:46:09.612Z] }
[2026-08-19T16:46:09.612Z] [API /pomodoro/get-settings] Settings response: {
[2026-08-19T16:46:09.612Z] data: {
[2026-08-19T16:46:09.612Z] id: '6729871f-4efa-4304-a753-1f7dd1859400',
[2026-08-19T16:46:09.612Z] user_id: '57fc7b0a-5ba0-42fb-ad0c-f15ee32c6df3',
[2026-08-19T16:46:09.612Z] short_break_minutes: 5,
[2026-08-19T16:46:09.612Z] long_break_minutes: 15,
[2026-08-19T16:46:09.612Z] cycles_until_long_break: 4,
[2026-08-19T16:46:09.612Z] updated_at: '2026-01-31T22:04:42.725+00:00'
[2026-08-19T16:46:09.612Z] },
[2026-08-19T16:46:09.612Z] error: undefined
[2026-08-19T16:46:09.612Z] }
[2026-08-19T16:46:09.612Z] [API /pomodoro/get-settings] Sessions response: { count: 19, error: undefined }
[2026-08-19T16:46:09.612Z] [API /pomodoro/get-settings] Returning settings with 19 sessions
[2026-08-19T16:46:09.613Z] GET /api/pomodoro/get-settings 200 in 577ms
[2026-08-19T16:47:09.243Z] [API /pomodoro/get-settings] Starting request...
[2026-08-19T16:47:09.419Z] [API /pomodoro/get-settings] User authenticated: 57fc7b0a-5ba0-42fb-ad0c-f15ee32c6df3
[2026-08-19T16:47:09.598Z] [API /pomodoro/get-settings] Categories response: {
[2026-08-19T16:47:09.598Z] count: 3,
[2026-08-19T16:47:09.598Z] error: undefined,
[2026-08-19T16:47:09.598Z] data: [
[2026-08-19T16:47:09.598Z] {
[2026-08-19T16:47:09.598Z] id: '67040b77-248a-420d-8be2-5c5eca65ca8f',
[2026-08-19T16:47:09.598Z] user_id: '57fc7b0a-5ba0-42fb-ad0c-f15ee32c6df3',
[2026-08-19T16:47:09.598Z] name: 'Produzindo',
[2026-08-19T16:47:09.598Z] color: '#ff6600',
[2026-08-19T16:47:09.598Z] duration_minutes: 57,
[2026-08-19T16:47:09.598Z] created_at: '2026-01-19T22:01:03.082007+00:00'
[2026-08-19T16:47:09.598Z] },
[2026-08-19T16:47:09.598Z] {
[2026-08-19T16:47:09.598Z] id: '5e6728b1-cde5-4c8b-a296-116604eadee0',
[2026-08-19T16:47:09.598Z] user_id: '57fc7b0a-5ba0-42fb-ad0c-f15ee32c6df3',
[2026-08-19T16:47:09.598Z] name: 'Estudando',
[2026-08-19T16:47:09.598Z] color: '#002aff',
[2026-08-19T16:47:09.598Z] duration_minutes: 30,
[2026-08-19T16:47:09.598Z] created_at: '2026-01-19T22:01:03.284823+00:00'
[2026-08-19T16:47:09.598Z] },
[2026-08-19T16:47:09.598Z] {
[2026-08-19T16:47:09.598Z] id: '4ec39e04-b451-4c7a-845d-571dc624e600',
[2026-08-19T16:47:09.598Z] user_id: '57fc7b0a-5ba0-42fb-ad0c-f15ee32c6df3',
[2026-08-19T16:47:09.598Z] name: 'Conteúdos',
[2026-08-19T16:47:09.598Z] color: '#00d13f',
[2026-08-19T16:47:09.598Z] duration_minutes: 27,
[2026-08-19T16:47:09.598Z] created_at: '2026-01-19T22:01:03.486292+00:00'
[2026-08-19T16:47:09.598Z] }
[2026-08-19T16:47:09.598Z] ]
[2026-08-19T16:47:09.598Z] }
[2026-08-19T16:47:09.598Z] [API /pomodoro/get-settings] Settings response: {
[2026-08-19T16:47:09.598Z] data: {
[2026-08-19T16:47:09.598Z] id: '6729871f-4efa-4304-a753-1f7dd1859400',
[2026-08-19T16:47:09.598Z] user_id: '57fc7b0a-5ba0-42fb-ad0c-f15ee32c6df3',
[2026-08-19T16:47:09.598Z] short_break_minutes: 5,
[2026-08-19T16:47:09.598Z] long_break_minutes: 15,
[2026-08-19T16:47:09.598Z] cycles_until_long_break: 4,
[2026-08-19T16:47:09.598Z] updated_at: '2026-01-31T22:04:42.725+00:00'
[2026-08-19T16:47:09.598Z] },
[2026-08-19T16:47:09.598Z] error: undefined
[2026-08-19T16:47:09.598Z] }
[2026-08-19T16:47:09.598Z] [API /pomodoro/get-settings] Sessions response: { count: 19, error: undefined }
[2026-08-19T16:47:09.598Z] [API /pomodoro/get-settings] Returning settings with 19 sessions
[2026-08-19T16:47:09.599Z] GET /api/pomodoro/get-settings 200 in 609ms
[2026-08-19T16:48:09.240Z] [API /pomodoro/get-settings] Starting request...
[2026-08-19T16:48:09.398Z] [API /pomodoro/get-settings] User authenticated: 57fc7b0a-5ba0-42fb-ad0c-f15ee32c6df3
[2026-08-19T16:48:09.559Z] [API /pomodoro/get-settings] Categories response: {
[2026-08-19T16:48:09.559Z] count: 3,
[2026-08-19T16:48:09.559Z] error: undefined,
[2026-08-19T16:48:09.559Z] data: [
[2026-08-19T16:48:09.559Z] {
[2026-08-19T16:48:09.559Z] id: '67040b77-248a-420d-8be2-5c5eca65ca8f',
[2026-08-19T16:48:09.559Z] user_id: '57fc7b0a-5ba0-42fb-ad0c-f15ee32c6df3',
[2026-08-19T16:48:09.559Z] name: 'Produzindo',
[2026-08-19T16:48:09.559Z] color: '#ff6600',
[2026-08-19T16:48:09.559Z] duration_minutes: 57,
[2026-08-19T16:48:09.559Z] created_at: '2026-01-19T22:01:03.082007+00:00'
[2026-08-19T16:48:09.559Z] },
[2026-08-19T16:48:09.559Z] {
[2026-08-19T16:48:09.559Z] id: '5e6728b1-cde5-4c8b-a296-116604eadee0',
[2026-08-19T16:48:09.559Z] user_id: '57fc7b0a-5ba0-42fb-ad0c-f15ee32c6df3',
[2026-08-19T16:48:09.559Z] name: 'Estudando',
[2026-08-19T16:48:09.559Z] color: '#002aff',
[2026-08-19T16:48:09.559Z] duration_minutes: 30,
[2026-08-19T16:48:09.559Z] created_at: '2026-01-19T22:01:03.284823+00:00'
[2026-08-19T16:48:09.559Z] },
[2026-08-19T16:48:09.559Z] {
[2026-08-19T16:48:09.559Z] id: '4ec39e04-b451-4c7a-845d-571dc624e600',
[2026-08-19T16:48:09.559Z] user_id: '57fc7b0a-5ba0-42fb-ad0c-f15ee32c6df3',
[2026-08-19T16:48:09.559Z] name: 'Conteúdos',
[2026-08-19T16:48:09.559Z] color: '#00d13f',
[2026-08-19T16:48:09.559Z] duration_minutes: 27,
[2026-08-19T16:48:09.559Z] created_at: '2026-01-19T22:01:03.486292+00:00'
[2026-08-19T16:48:09.559Z] }
[2026-08-19T16:48:09.559Z] ]
[2026-08-19T16:48:09.559Z] }
[2026-08-19T16:48:09.559Z] [API /pomodoro/get-settings] Settings response: {
[2026-08-19T16:48:09.559Z] data: {
[2026-08-19T16:48:09.559Z] id: '6729871f-4efa-4304-a753-1f7dd1859400',
[2026-08-19T16:48:09.559Z] user_id: '57fc7b0a-5ba0-42fb-ad0c-f15ee32c6df3',
[2026-08-19T16:48:09.559Z] short_break_minutes: 5,
[2026-08-19T16:48:09.559Z] long_break_minutes: 15,
[2026-08-19T16:48:09.559Z] cycles_until_long_break: 4,
[2026-08-19T16:48:09.559Z] updated_at: '2026-01-31T22:04:42.725+00:00'
[2026-08-19T16:48:09.559Z] },
[2026-08-19T16:48:09.559Z] error: undefined
[2026-08-19T16:48:09.559Z] }
[2026-08-19T16:48:09.559Z] [API /pomodoro/get-settings] Sessions response: { count: 19, error: undefined }
[2026-08-19T16:48:09.559Z] [API /pomodoro/get-settings] Returning settings with 19 sessions
[2026-08-19T16:48:09.560Z] GET /api/pomodoro/get-settings 200 in 562ms
[2026-08-19T16:49:09.227Z] [API /pomodoro/get-settings] Starting request...
[2026-08-19T16:49:09.395Z] [API /pomodoro/get-settings] User authenticated: 57fc7b0a-5ba0-42fb-ad0c-f15ee32c6df3
[2026-08-19T16:49:09.546Z] [API /pomodoro/get-settings] Categories response: {
[2026-08-19T16:49:09.546Z] count: 3,
[2026-08-19T16:49:09.546Z] error: undefined,
[2026-08-19T16:49:09.546Z] data: [
[2026-08-19T16:49:09.546Z] {
[2026-08-19T16:49:09.546Z] id: '67040b77-248a-420d-8be2-5c5eca65ca8f',
[2026-08-19T16:49:09.546Z] user_id: '57fc7b0a-5ba0-42fb-ad0c-f15ee32c6df3',
[2026-08-19T16:49:09.546Z] name: 'Produzindo',
[2026-08-19T16:49:09.546Z] color: '#ff6600',
[2026-08-19T16:49:09.546Z] duration_minutes: 57,
[2026-08-19T16:49:09.546Z] created_at: '2026-01-19T22:01:03.082007+00:00'
[2026-08-19T16:49:09.546Z] },
[2026-08-19T16:49:09.546Z] {
[2026-08-19T16:49:09.546Z] id: '5e6728b1-cde5-4c8b-a296-116604eadee0',
[2026-08-19T16:49:09.546Z] user_id: '57fc7b0a-5ba0-42fb-ad0c-f15ee32c6df3',
[2026-08-19T16:49:09.546Z] name: 'Estudando',
[2026-08-19T16:49:09.546Z] color: '#002aff',
[2026-08-19T16:49:09.546Z] duration_minutes: 30,
[2026-08-19T16:49:09.546Z] created_at: '2026-01-19T22:01:03.284823+00:00'
[2026-08-19T16:49:09.546Z] },
[2026-08-19T16:49:09.546Z] {
[2026-08-19T16:49:09.546Z] id: '4ec39e04-b451-4c7a-845d-571dc624e600',
[2026-08-19T16:49:09.546Z] user_id: '57fc7b0a-5ba0-42fb-ad0c-f15ee32c6df3',
[2026-08-19T16:49:09.547Z] name: 'Conteúdos',
[2026-08-19T16:49:09.547Z] color: '#00d13f',
[2026-08-19T16:49:09.547Z] duration_minutes: 27,
[2026-08-19T16:49:09.547Z] created_at: '2026-01-19T22:01:03.486292+00:00'
[2026-08-19T16:49:09.547Z] }
[2026-08-19T16:49:09.547Z] ]
[2026-08-19T16:49:09.547Z] }
[2026-08-19T16:49:09.547Z] [API /pomodoro/get-settings] Settings response: {
[2026-08-19T16:49:09.547Z] data: {
[2026-08-19T16:49:09.547Z] id: '6729871f-4efa-4304-a753-1f7dd1859400',
[2026-08-19T16:49:09.547Z] user_id: '57fc7b0a-5ba0-42fb-ad0c-f15ee32c6df3',
[2026-08-19T16:49:09.547Z] short_break_minutes: 5,
[2026-08-19T16:49:09.547Z] long_break_minutes: 15,
[2026-08-19T16:49:09.547Z] cycles_until_long_break: 4,
[2026-08-19T16:49:09.547Z] updated_at: '2026-01-31T22:04:42.725+00:00'
[2026-08-19T16:49:09.547Z] },
[2026-08-19T16:49:09.547Z] error: undefined
[2026-08-19T16:49:09.547Z] }
[2026-08-19T16:49:09.547Z] [API /pomodoro/get-settings] Sessions response: { count: 19, error: undefined }
[2026-08-19T16:49:09.547Z] [API /pomodoro/get-settings] Returning settings with 19 sessions
[2026-08-19T16:49:09.548Z] GET /api/pomodoro/get-settings 200 in 562ms
[2026-08-19T16:50:09.238Z] [API /pomodoro/get-settings] Starting request...
[2026-08-19T16:50:09.389Z] [API /pomodoro/get-settings] User authenticated: 57fc7b0a-5ba0-42fb-ad0c-f15ee32c6df3
[2026-08-19T16:50:09.609Z] [API /pomodoro/get-settings] Categories response: {
[2026-08-19T16:50:09.609Z] count: 3,
[2026-08-19T16:50:09.609Z] error: undefined,
[2026-08-19T16:50:09.610Z] data: [
[2026-08-19T16:50:09.610Z] {
[2026-08-19T16:50:09.610Z] id: '67040b77-248a-420d-8be2-5c5eca65ca8f',
[2026-08-19T16:50:09.610Z] user_id: '57fc7b0a-5ba0-42fb-ad0c-f15ee32c6df3',
[2026-08-19T16:50:09.610Z] name: 'Produzindo',
[2026-08-19T16:50:09.610Z] color: '#ff6600',
[2026-08-19T16:50:09.610Z] duration_minutes: 57,
[2026-08-19T16:50:09.610Z] created_at: '2026-01-19T22:01:03.082007+00:00'
[2026-08-19T16:50:09.610Z] },
[2026-08-19T16:50:09.610Z] {
[2026-08-19T16:50:09.610Z] id: '5e6728b1-cde5-4c8b-a296-116604eadee0',
[2026-08-19T16:50:09.610Z] user_id: '57fc7b0a-5ba0-42fb-ad0c-f15ee32c6df3',
[2026-08-19T16:50:09.610Z] name: 'Estudando',
[2026-08-19T16:50:09.610Z] color: '#002aff',
[2026-08-19T16:50:09.610Z] duration_minutes: 30,
[2026-08-19T16:50:09.610Z] created_at: '2026-01-19T22:01:03.284823+00:00'
[2026-08-19T16:50:09.610Z] },
[2026-08-19T16:50:09.610Z] {
[2026-08-19T16:50:09.610Z] id: '4ec39e04-b451-4c7a-845d-571dc624e600',
[2026-08-19T16:50:09.610Z] user_id: '57fc7b0a-5ba0-42fb-ad0c-f15ee32c6df3',
[2026-08-19T16:50:09.610Z] name: 'Conteúdos',
[2026-08-19T16:50:09.610Z] color: '#00d13f',
[2026-08-19T16:50:09.610Z] duration_minutes: 27,
[2026-08-19T16:50:09.610Z] created_at: '2026-01-19T22:01:03.486292+00:00'
[2026-08-19T16:50:09.610Z] }
[2026-08-19T16:50:09.610Z] ]
[2026-08-19T16:50:09.610Z] }
[2026-08-19T16:50:09.610Z] [API /pomodoro/get-settings] Settings response: {
[2026-08-19T16:50:09.610Z] data: {
[2026-08-19T16:50:09.610Z] id: '6729871f-4efa-4304-a753-1f7dd1859400',
[2026-08-19T16:50:09.610Z] user_id: '57fc7b0a-5ba0-42fb-ad0c-f15ee32c6df3',
[2026-08-19T16:50:09.610Z] short_break_minutes: 5,
[2026-08-19T16:50:09.610Z] long_break_minutes: 15,
[2026-08-19T16:50:09.610Z] cycles_until_long_break: 4,
[2026-08-19T16:50:09.610Z] updated_at: '2026-01-31T22:04:42.725+00:00'
[2026-08-19T16:50:09.610Z] },
[2026-08-19T16:50:09.610Z] error: undefined
[2026-08-19T16:50:09.610Z] }
[2026-08-19T16:50:09.610Z] [API /pomodoro/get-settings] Sessions response: { count: 19, error: undefined }
[2026-08-19T16:50:09.610Z] [API /pomodoro/get-settings] Returning settings with 19 sessions
[2026-08-19T16:50:09.611Z] GET /api/pomodoro/get-settings 200 in 613ms
[2026-08-19T16:51:57.363Z] [API /pomodoro/get-settings] Starting request...
[2026-08-19T16:51:57.544Z] [API /pomodoro/get-settings] User authenticated: 57fc7b0a-5ba0-42fb-ad0c-f15ee32c6df3
[2026-08-19T16:51:57.712Z] [API /pomodoro/get-settings] Categories response: {
[2026-08-19T16:51:57.713Z] count: 3,
[2026-08-19T16:51:57.713Z] error: undefined,
[2026-08-19T16:51:57.713Z] data: [
[2026-08-19T16:51:57.713Z] {
[2026-08-19T16:51:57.713Z] id: '67040b77-248a-420d-8be2-5c5eca65ca8f',
[2026-08-19T16:51:57.713Z] user_id: '57fc7b0a-5ba0-42fb-ad0c-f15ee32c6df3',
[2026-08-19T16:51:57.713Z] name: 'Produzindo',
[2026-08-19T16:51:57.713Z] color: '#ff6600',
[2026-08-19T16:51:57.713Z] duration_minutes: 57,
[2026-08-19T16:51:57.713Z] created_at: '2026-01-19T22:01:03.082007+00:00'
[2026-08-19T16:51:57.713Z] },
[2026-08-19T16:51:57.713Z] {
[2026-08-19T16:51:57.713Z] id: '5e6728b1-cde5-4c8b-a296-116604eadee0',
[2026-08-19T16:51:57.713Z] user_id: '57fc7b0a-5ba0-42fb-ad0c-f15ee32c6df3',
[2026-08-19T16:51:57.713Z] name: 'Estudando',
[2026-08-19T16:51:57.713Z] color: '#002aff',
[2026-08-19T16:51:57.713Z] duration_minutes: 30,
[2026-08-19T16:51:57.713Z] created_at: '2026-01-19T22:01:03.284823+00:00'
[2026-08-19T16:51:57.713Z] },
[2026-08-19T16:51:57.713Z] {
[2026-08-19T16:51:57.713Z] id: '4ec39e04-b451-4c7a-845d-571dc624e600',
[2026-08-19T16:51:57.713Z] user_id: '57fc7b0a-5ba0-42fb-ad0c-f15ee32c6df3',
[2026-08-19T16:51:57.713Z] name: 'Conteúdos',
[2026-08-19T16:51:57.713Z] color: '#00d13f',
[2026-08-19T16:51:57.713Z] duration_minutes: 27,
[2026-08-19T16:51:57.713Z] created_at: '2026-01-19T22:01:03.486292+00:00'
[2026-08-19T16:51:57.713Z] }
[2026-08-19T16:51:57.713Z] ]
[2026-08-19T16:51:57.713Z] }
[2026-08-19T16:51:57.713Z] [API /pomodoro/get-settings] Settings response: {
[2026-08-19T16:51:57.714Z] data: {
[2026-08-19T16:51:57.714Z] id: '6729871f-4efa-4304-a753-1f7dd1859400',
[2026-08-19T16:51:57.714Z] user_id: '57fc7b0a-5ba0-42fb-ad0c-f15ee32c6df3',
[2026-08-19T16:51:57.714Z] short_break_minutes: 5,
[2026-08-19T16:51:57.714Z] long_break_minutes: 15,
[2026-08-19T16:51:57.714Z] cycles_until_long_break: 4,
[2026-08-19T16:51:57.714Z] updated_at: '2026-01-31T22:04:42.725+00:00'
[2026-08-19T16:51:57.714Z] },
[2026-08-19T16:51:57.714Z] error: undefined
[2026-08-19T16:51:57.714Z] }
[2026-08-19T16:51:57.714Z] [API /pomodoro/get-settings] Sessions response: { count: 19, error: undefined }
[2026-08-19T16:51:57.714Z] [API /pomodoro/get-settings] Returning settings with 19 sessions
[2026-08-19T16:51:57.714Z] GET /api/pomodoro/get-settings 200 in 587ms
[2026-08-19T16:52:57.228Z] [API /pomodoro/get-settings] Starting request...
[2026-08-19T16:52:57.388Z] [API /pomodoro/get-settings] User authenticated: 57fc7b0a-5ba0-42fb-ad0c-f15ee32c6df3
[2026-08-19T16:52:57.588Z] [API /pomodoro/get-settings] Categories response: {
[2026-08-19T16:52:57.588Z] count: 3,
[2026-08-19T16:52:57.588Z] error: undefined,
[2026-08-19T16:52:57.588Z] data: [
[2026-08-19T16:52:57.588Z] {
[2026-08-19T16:52:57.588Z] id: '67040b77-248a-420d-8be2-5c5eca65ca8f',
[2026-08-19T16:52:57.588Z] user_id: '57fc7b0a-5ba0-42fb-ad0c-f15ee32c6df3',
[2026-08-19T16:52:57.588Z] name: 'Produzindo',
[2026-08-19T16:52:57.588Z] color: '#ff6600',
[2026-08-19T16:52:57.588Z] duration_minutes: 57,
[2026-08-19T16:52:57.588Z] created_at: '2026-01-19T22:01:03.082007+00:00'
[2026-08-19T16:52:57.588Z] },
[2026-08-19T16:52:57.588Z] {
[2026-08-19T16:52:57.588Z] id: '5e6728b1-cde5-4c8b-a296-116604eadee0',
[2026-08-19T16:52:57.589Z] user_id: '57fc7b0a-5ba0-42fb-ad0c-f15ee32c6df3',
[2026-08-19T16:52:57.589Z] name: 'Estudando',
[2026-08-19T16:52:57.589Z] color: '#002aff',
[2026-08-19T16:52:57.589Z] duration_minutes: 30,
[2026-08-19T16:52:57.589Z] created_at: '2026-01-19T22:01:03.284823+00:00'
[2026-08-19T16:52:57.589Z] },
[2026-08-19T16:52:57.589Z] {
[2026-08-19T16:52:57.589Z] id: '4ec39e04-b451-4c7a-845d-571dc624e600',
[2026-08-19T16:52:57.589Z] user_id: '57fc7b0a-5ba0-42fb-ad0c-f15ee32c6df3',
[2026-08-19T16:52:57.589Z] name: 'Conteúdos',
[2026-08-19T16:52:57.589Z] color: '#00d13f',
[2026-08-19T16:52:57.589Z] duration_minutes: 27,
[2026-08-19T16:52:57.589Z] created_at: '2026-01-19T22:01:03.486292+00:00'
[2026-08-19T16:52:57.589Z] }
[2026-08-19T16:52:57.589Z] ]
[2026-08-19T16:52:57.589Z] }
[2026-08-19T16:52:57.589Z] [API /pomodoro/get-settings] Settings response: {
[2026-08-19T16:52:57.589Z] data: {
[2026-08-19T16:52:57.589Z] id: '6729871f-4efa-4304-a753-1f7dd1859400',
[2026-08-19T16:52:57.589Z] user_id: '57fc7b0a-5ba0-42fb-ad0c-f15ee32c6df3',
[2026-08-19T16:52:57.589Z] short_break_minutes: 5,
[2026-08-19T16:52:57.589Z] long_break_minutes: 15,
[2026-08-19T16:52:57.589Z] cycles_until_long_break: 4,
[2026-08-19T16:52:57.589Z] updated_at: '2026-01-31T22:04:42.725+00:00'
[2026-08-19T16:52:57.589Z] },
[2026-08-19T16:52:57.589Z] error: undefined
[2026-08-19T16:52:57.589Z] }
[2026-08-19T16:52:57.589Z] [API /pomodoro/get-settings] Sessions response: { count: 19, error: undefined }
[2026-08-19T16:52:57.589Z] [API /pomodoro/get-settings] Returning settings with 19 sessions
[2026-08-19T16:52:57.590Z] GET /api/pomodoro/get-settings 200 in 597ms
[2026-08-19T16:53:57.235Z] [API /pomodoro/get-settings] Starting request...
[2026-08-19T16:53:57.424Z] [API /pomodoro/get-settings] User authenticated: 57fc7b0a-5ba0-42fb-ad0c-f15ee32c6df3
[2026-08-19T16:53:57.583Z] [API /pomodoro/get-settings] Categories response: {
[2026-08-19T16:53:57.583Z] count: 3,
[2026-08-19T16:53:57.583Z] error: undefined,
[2026-08-19T16:53:57.583Z] data: [
[2026-08-19T16:53:57.583Z] {
[2026-08-19T16:53:57.583Z] id: '67040b77-248a-420d-8be2-5c5eca65ca8f',
[2026-08-19T16:53:57.583Z] user_id: '57fc7b0a-5ba0-42fb-ad0c-f15ee32c6df3',
[2026-08-19T16:53:57.583Z] name: 'Produzindo',
[2026-08-19T16:53:57.583Z] color: '#ff6600',
[2026-08-19T16:53:57.583Z] duration_minutes: 57,
[2026-08-19T16:53:57.583Z] created_at: '2026-01-19T22:01:03.082007+00:00'
[2026-08-19T16:53:57.583Z] },
[2026-08-19T16:53:57.583Z] {
[2026-08-19T16:53:57.583Z] id: '5e6728b1-cde5-4c8b-a296-116604eadee0',
[2026-08-19T16:53:57.583Z] user_id: '57fc7b0a-5ba0-42fb-ad0c-f15ee32c6df3',
[2026-08-19T16:53:57.583Z] name: 'Estudando',
[2026-08-19T16:53:57.583Z] color: '#002aff',
[2026-08-19T16:53:57.583Z] duration_minutes: 30,
[2026-08-19T16:53:57.583Z] created_at: '2026-01-19T22:01:03.284823+00:00'
[2026-08-19T16:53:57.583Z] },
[2026-08-19T16:53:57.583Z] {
[2026-08-19T16:53:57.583Z] id: '4ec39e04-b451-4c7a-845d-571dc624e600',
[2026-08-19T16:53:57.583Z] user_id: '57fc7b0a-5ba0-42fb-ad0c-f15ee32c6df3',
[2026-08-19T16:53:57.583Z] name: 'Conteúdos',
[2026-08-19T16:53:57.583Z] color: '#00d13f',
[2026-08-19T16:53:57.583Z] duration_minutes: 27,
[2026-08-19T16:53:57.583Z] created_at: '2026-01-19T22:01:03.486292+00:00'
[2026-08-19T16:53:57.583Z] }
[2026-08-19T16:53:57.583Z] ]
[2026-08-19T16:53:57.583Z] }
[2026-08-19T16:53:57.583Z] [API /pomodoro/get-settings] Settings response: {
[2026-08-19T16:53:57.583Z] data: {
[2026-08-19T16:53:57.583Z] id: '6729871f-4efa-4304-a753-1f7dd1859400',
[2026-08-19T16:53:57.583Z] user_id: '57fc7b0a-5ba0-42fb-ad0c-f15ee32c6df3',
[2026-08-19T16:53:57.583Z] short_break_minutes: 5,
[2026-08-19T16:53:57.583Z] long_break_minutes: 15,
[2026-08-19T16:53:57.583Z] cycles_until_long_break: 4,
[2026-08-19T16:53:57.583Z] updated_at: '2026-01-31T22:04:42.725+00:00'
[2026-08-19T16:53:57.583Z] },
[2026-08-19T16:53:57.583Z] error: undefined
[2026-08-19T16:53:57.583Z] }
[2026-08-19T16:53:57.583Z] [API /pomodoro/get-settings] Sessions response: { count: 19, error: undefined }
[2026-08-19T16:53:57.583Z] [API /pomodoro/get-settings] Returning settings with 19 sessions
[2026-08-19T16:53:57.584Z] GET /api/pomodoro/get-settings 200 in 597ms
[2026-08-19T16:54:57.340Z] [API /pomodoro/get-settings] Starting request...
[2026-08-19T16:54:57.813Z] [API /pomodoro/get-settings] User authenticated: 57fc7b0a-5ba0-42fb-ad0c-f15ee32c6df3
[2026-08-19T16:54:58.021Z] [API /pomodoro/get-settings] Categories response: {
[2026-08-19T16:54:58.021Z] count: 3,
[2026-08-19T16:54:58.021Z] error: undefined,
[2026-08-19T16:54:58.021Z] data: [
[2026-08-19T16:54:58.021Z] {
[2026-08-19T16:54:58.021Z] id: '67040b77-248a-420d-8be2-5c5eca65ca8f',
[2026-08-19T16:54:58.021Z] user_id: '57fc7b0a-5ba0-42fb-ad0c-f15ee32c6df3',
[2026-08-19T16:54:58.021Z] name: 'Produzindo',
[2026-08-19T16:54:58.021Z] color: '#ff6600',
[2026-08-19T16:54:58.021Z] duration_minutes: 57,
[2026-08-19T16:54:58.021Z] created_at: '2026-01-19T22:01:03.082007+00:00'
[2026-08-19T16:54:58.021Z] },
[2026-08-19T16:54:58.021Z] {
[2026-08-19T16:54:58.021Z] id: '5e6728b1-cde5-4c8b-a296-116604eadee0',
[2026-08-19T16:54:58.021Z] user_id: '57fc7b0a-5ba0-42fb-ad0c-f15ee32c6df3',
[2026-08-19T16:54:58.021Z] name: 'Estudando',
[2026-08-19T16:54:58.021Z] color: '#002aff',
[2026-08-19T16:54:58.021Z] duration_minutes: 30,
[2026-08-19T16:54:58.021Z] created_at: '2026-01-19T22:01:03.284823+00:00'
[2026-08-19T16:54:58.021Z] },
[2026-08-19T16:54:58.021Z] {
[2026-08-19T16:54:58.021Z] id: '4ec39e04-b451-4c7a-845d-571dc624e600',
[2026-08-19T16:54:58.021Z] user_id: '57fc7b0a-5ba0-42fb-ad0c-f15ee32c6df3',
[2026-08-19T16:54:58.021Z] name: 'Conteúdos',
[2026-08-19T16:54:58.021Z] color: '#00d13f',
[2026-08-19T16:54:58.021Z] duration_minutes: 27,
[2026-08-19T16:54:58.021Z] created_at: '2026-01-19T22:01:03.486292+00:00'
[2026-08-19T16:54:58.021Z] }
[2026-08-19T16:54:58.021Z] ]
[2026-08-19T16:54:58.021Z] }
[2026-08-19T16:54:58.021Z] [API /pomodoro/get-settings] Settings response: {
[2026-08-19T16:54:58.021Z] data: {
[2026-08-19T16:54:58.021Z] id: '6729871f-4efa-4304-a753-1f7dd1859400',
[2026-08-19T16:54:58.021Z] user_id: '57fc7b0a-5ba0-42fb-ad0c-f15ee32c6df3',
[2026-08-19T16:54:58.021Z] short_break_minutes: 5,
[2026-08-19T16:54:58.021Z] long_break_minutes: 15,
[2026-08-19T16:54:58.021Z] cycles_until_long_break: 4,
[2026-08-19T16:54:58.021Z] updated_at: '2026-01-31T22:04:42.725+00:00'
[2026-08-19T16:54:58.021Z] },
[2026-08-19T16:54:58.021Z] error: undefined
[2026-08-19T16:54:58.021Z] }
[2026-08-19T16:54:58.021Z] [API /pomodoro/get-settings] Sessions response: { count: 19, error: undefined }
[2026-08-19T16:54:58.021Z] [API /pomodoro/get-settings] Returning settings with 19 sessions
[2026-08-19T16:54:58.022Z] GET /api/pomodoro/get-settings 200 in 939ms
[2026-08-19T16:55:57.292Z] [API /pomodoro/get-settings] Starting request...
[2026-08-19T16:55:57.460Z] [API /pomodoro/get-settings] User authenticated: 57fc7b0a-5ba0-42fb-ad0c-f15ee32c6df3
[2026-08-19T16:55:57.644Z] [API /pomodoro/get-settings] Categories response: {
[2026-08-19T16:55:57.644Z] count: 3,
[2026-08-19T16:55:57.644Z] error: undefined,
[2026-08-19T16:55:57.644Z] data: [
[2026-08-19T16:55:57.644Z] {
[2026-08-19T16:55:57.644Z] id: '67040b77-248a-420d-8be2-5c5eca65ca8f',
[2026-08-19T16:55:57.644Z] user_id: '57fc7b0a-5ba0-42fb-ad0c-f15ee32c6df3',
[2026-08-19T16:55:57.644Z] name: 'Produzindo',
[2026-08-19T16:55:57.644Z] color: '#ff6600',
[2026-08-19T16:55:57.644Z] duration_minutes: 57,
[2026-08-19T16:55:57.644Z] created_at: '2026-01-19T22:01:03.082007+00:00'
[2026-08-19T16:55:57.644Z] },
[2026-08-19T16:55:57.644Z] {
[2026-08-19T16:55:57.644Z] id: '5e6728b1-cde5-4c8b-a296-116604eadee0',
[2026-08-19T16:55:57.644Z] user_id: '57fc7b0a-5ba0-42fb-ad0c-f15ee32c6df3',
[2026-08-19T16:55:57.644Z] name: 'Estudando',
[2026-08-19T16:55:57.644Z] color: '#002aff',
[2026-08-19T16:55:57.644Z] duration_minutes: 30,
[2026-08-19T16:55:57.644Z] created_at: '2026-01-19T22:01:03.284823+00:00'
[2026-08-19T16:55:57.644Z] },
[2026-08-19T16:55:57.644Z] {
[2026-08-19T16:55:57.644Z] id: '4ec39e04-b451-4c7a-845d-571dc624e600',
[2026-08-19T16:55:57.644Z] user_id: '57fc7b0a-5ba0-42fb-ad0c-f15ee32c6df3',
[2026-08-19T16:55:57.644Z] name: 'Conteúdos',
[2026-08-19T16:55:57.644Z] color: '#00d13f',
[2026-08-19T16:55:57.644Z] duration_minutes: 27,
[2026-08-19T16:55:57.644Z] created_at: '2026-01-19T22:01:03.486292+00:00'
[2026-08-19T16:55:57.644Z] }
[2026-08-19T16:55:57.644Z] ]
[2026-08-19T16:55:57.644Z] }
[2026-08-19T16:55:57.644Z] [API /pomodoro/get-settings] Settings response: {
[2026-08-19T16:55:57.644Z] data: {
[2026-08-19T16:55:57.644Z] id: '6729871f-4efa-4304-a753-1f7dd1859400',
[2026-08-19T16:55:57.644Z] user_id: '57fc7b0a-5ba0-42fb-ad0c-f15ee32c6df3',
[2026-08-19T16:55:57.644Z] short_break_minutes: 5,
[2026-08-19T16:55:57.644Z] long_break_minutes: 15,
[2026-08-19T16:55:57.644Z] cycles_until_long_break: 4,
[2026-08-19T16:55:57.644Z] updated_at: '2026-01-31T22:04:42.725+00:00'
[2026-08-19T16:55:57.644Z] },
[2026-08-19T16:55:57.644Z] error: undefined
[2026-08-19T16:55:57.644Z] }
[2026-08-19T16:55:57.644Z] [API /pomodoro/get-settings] Sessions response: { count: 19, error: undefined }
[2026-08-19T16:55:57.644Z] [API /pomodoro/get-settings] Returning settings with 19 sessions
[2026-08-19T16:55:57.645Z] GET /api/pomodoro/get-settings 200 in 596ms
[2026-08-19T16:56:57.234Z] [API /pomodoro/get-settings] Starting request...
[2026-08-19T16:56:57.392Z] [API /pomodoro/get-settings] User authenticated: 57fc7b0a-5ba0-42fb-ad0c-f15ee32c6df3
[2026-08-19T16:56:57.562Z] [API /pomodoro/get-settings] Categories response: {
[2026-08-19T16:56:57.562Z] count: 3,
[2026-08-19T16:56:57.562Z] error: undefined,
[2026-08-19T16:56:57.562Z] data: [
[2026-08-19T16:56:57.562Z] {
[2026-08-19T16:56:57.562Z] id: '67040b77-248a-420d-8be2-5c5eca65ca8f',
[2026-08-19T16:56:57.562Z] user_id: '57fc7b0a-5ba0-42fb-ad0c-f15ee32c6df3',
[2026-08-19T16:56:57.562Z] name: 'Produzindo',
[2026-08-19T16:56:57.562Z] color: '#ff6600',
[2026-08-19T16:56:57.562Z] duration_minutes: 57,
[2026-08-19T16:56:57.562Z] created_at: '2026-01-19T22:01:03.082007+00:00'
[2026-08-19T16:56:57.562Z] },
[2026-08-19T16:56:57.562Z] {
[2026-08-19T16:56:57.562Z] id: '5e6728b1-cde5-4c8b-a296-116604eadee0',
[2026-08-19T16:56:57.562Z] user_id: '57fc7b0a-5ba0-42fb-ad0c-f15ee32c6df3',
[2026-08-19T16:56:57.562Z] name: 'Estudando',
[2026-08-19T16:56:57.562Z] color: '#002aff',
[2026-08-19T16:56:57.562Z] duration_minutes: 30,
[2026-08-19T16:56:57.562Z] created_at: '2026-01-19T22:01:03.284823+00:00'
[2026-08-19T16:56:57.562Z] },
[2026-08-19T16:56:57.562Z] {
[2026-08-19T16:56:57.563Z] id: '4ec39e04-b451-4c7a-845d-571dc624e600',
[2026-08-19T16:56:57.563Z] user_id: '57fc7b0a-5ba0-42fb-ad0c-f15ee32c6df3',
[2026-08-19T16:56:57.563Z] name: 'Conteúdos',
[2026-08-19T16:56:57.563Z] color: '#00d13f',
[2026-08-19T16:56:57.563Z] duration_minutes: 27,
[2026-08-19T16:56:57.563Z] created_at: '2026-01-19T22:01:03.486292+00:00'
[2026-08-19T16:56:57.563Z] }
[2026-08-19T16:56:57.563Z] ]
[2026-08-19T16:56:57.563Z] }
[2026-08-19T16:56:57.563Z] [API /pomodoro/get-settings] Settings response: {
[2026-08-19T16:56:57.563Z] data: {
[2026-08-19T16:56:57.563Z] id: '6729871f-4efa-4304-a753-1f7dd1859400',
[2026-08-19T16:56:57.563Z] user_id: '57fc7b0a-5ba0-42fb-ad0c-f15ee32c6df3',
[2026-08-19T16:56:57.563Z] short_break_minutes: 5,
[2026-08-19T16:56:57.563Z] long_break_minutes: 15,
[2026-08-19T16:56:57.563Z] cycles_until_long_break: 4,
[2026-08-19T16:56:57.563Z] updated_at: '2026-01-31T22:04:42.725+00:00'
[2026-08-19T16:56:57.563Z] },
[2026-08-19T16:56:57.563Z] error: undefined
[2026-08-19T16:56:57.563Z] }
[2026-08-19T16:56:57.563Z] [API /pomodoro/get-settings] Sessions response: { count: 19, error: undefined }
[2026-08-19T16:56:57.563Z] [API /pomodoro/get-settings] Returning settings with 19 sessions
[2026-08-19T16:56:57.563Z] GET /api/pomodoro/get-settings 200 in 566ms
[2026-08-19T16:57:57.278Z] [API /pomodoro/get-settings] Starting request...
[2026-08-19T16:57:57.486Z] [API /pomodoro/get-settings] User authenticated: 57fc7b0a-5ba0-42fb-ad0c-f15ee32c6df3
[2026-08-19T16:57:57.731Z] [API /pomodoro/get-settings] Categories response: {
[2026-08-19T16:57:57.731Z] count: 3,
[2026-08-19T16:57:57.731Z] error: undefined,
[2026-08-19T16:57:57.731Z] data: [
[2026-08-19T16:57:57.732Z] {
[2026-08-19T16:57:57.732Z] id: '67040b77-248a-420d-8be2-5c5eca65ca8f',
[2026-08-19T16:57:57.732Z] user_id: '57fc7b0a-5ba0-42fb-ad0c-f15ee32c6df3',
[2026-08-19T16:57:57.732Z] name: 'Produzindo',
[2026-08-19T16:57:57.732Z] color: '#ff6600',
[2026-08-19T16:57:57.732Z] duration_minutes: 57,
[2026-08-19T16:57:57.732Z] created_at: '2026-01-19T22:01:03.082007+00:00'
[2026-08-19T16:57:57.732Z] },
[2026-08-19T16:57:57.732Z] {
[2026-08-19T16:57:57.732Z] id: '5e6728b1-cde5-4c8b-a296-116604eadee0',
[2026-08-19T16:57:57.732Z] user_id: '57fc7b0a-5ba0-42fb-ad0c-f15ee32c6df3',
[2026-08-19T16:57:57.732Z] name: 'Estudando',
[2026-08-19T16:57:57.732Z] color: '#002aff',
[2026-08-19T16:57:57.732Z] duration_minutes: 30,
[2026-08-19T16:57:57.732Z] created_at: '2026-01-19T22:01:03.284823+00:00'
[2026-08-19T16:57:57.732Z] },
[2026-08-19T16:57:57.732Z] {
[2026-08-19T16:57:57.732Z] id: '4ec39e04-b451-4c7a-845d-571dc624e600',
[2026-08-19T16:57:57.732Z] user_id: '57fc7b0a-5ba0-42fb-ad0c-f15ee32c6df3',
[2026-08-19T16:57:57.732Z] name: 'Conteúdos',
[2026-08-19T16:57:57.732Z] color: '#00d13f',
[2026-08-19T16:57:57.732Z] duration_minutes: 27,
[2026-08-19T16:57:57.732Z] created_at: '2026-01-19T22:01:03.486292+00:00'
[2026-08-19T16:57:57.732Z] }
[2026-08-19T16:57:57.732Z] ]
[2026-08-19T16:57:57.732Z] }
[2026-08-19T16:57:57.732Z] [API /pomodoro/get-settings] Settings response: {
[2026-08-19T16:57:57.732Z] data: {
[2026-08-19T16:57:57.732Z] id: '6729871f-4efa-4304-a753-1f7dd1859400',
[2026-08-19T16:57:57.732Z] user_id: '57fc7b0a-5ba0-42fb-ad0c-f15ee32c6df3',
[2026-08-19T16:57:57.732Z] short_break_minutes: 5,
[2026-08-19T16:57:57.732Z] long_break_minutes: 15,
[2026-08-19T16:57:57.732Z] cycles_until_long_break: 4,
[2026-08-19T16:57:57.732Z] updated_at: '2026-01-31T22:04:42.725+00:00'
[2026-08-19T16:57:57.732Z] },
[2026-08-19T16:57:57.732Z] error: undefined
[2026-08-19T16:57:57.732Z] }
[2026-08-19T16:57:57.732Z] [API /pomodoro/get-settings] Sessions response: { count: 19, error: undefined }
[2026-08-19T16:57:57.732Z] [API /pomodoro/get-settings] Returning settings with 19 sessions
[2026-08-19T16:57:57.733Z] GET /api/pomodoro/get-settings 200 in 693ms
[2026-08-19T16:58:57.236Z] [API /pomodoro/get-settings] Starting request...
[2026-08-19T16:58:57.383Z] [API /pomodoro/get-settings] User authenticated: 57fc7b0a-5ba0-42fb-ad0c-f15ee32c6df3
[2026-08-19T16:58:57.540Z] [API /pomodoro/get-settings] Categories response: {
[2026-08-19T16:58:57.540Z] count: 3,
[2026-08-19T16:58:57.540Z] error: undefined,
[2026-08-19T16:58:57.540Z] data: [
[2026-08-19T16:58:57.540Z] {
[2026-08-19T16:58:57.540Z] id: '67040b77-248a-420d-8be2-5c5eca65ca8f',
[2026-08-19T16:58:57.540Z] user_id: '57fc7b0a-5ba0-42fb-ad0c-f15ee32c6df3',
[2026-08-19T16:58:57.540Z] name: 'Produzindo',
[2026-08-19T16:58:57.540Z] color: '#ff6600',
[2026-08-19T16:58:57.540Z] duration_minutes: 57,
[2026-08-19T16:58:57.540Z] created_at: '2026-01-19T22:01:03.082007+00:00'
[2026-08-19T16:58:57.540Z] },
[2026-08-19T16:58:57.540Z] {
[2026-08-19T16:58:57.540Z] id: '5e6728b1-cde5-4c8b-a296-116604eadee0',
[2026-08-19T16:58:57.540Z] user_id: '57fc7b0a-5ba0-42fb-ad0c-f15ee32c6df3',
[2026-08-19T16:58:57.540Z] name: 'Estudando',
[2026-08-19T16:58:57.540Z] color: '#002aff',
[2026-08-19T16:58:57.540Z] duration_minutes: 30,
[2026-08-19T16:58:57.540Z] created_at: '2026-01-19T22:01:03.284823+00:00'
[2026-08-19T16:58:57.540Z] },
[2026-08-19T16:58:57.540Z] {
[2026-08-19T16:58:57.540Z] id: '4ec39e04-b451-4c7a-845d-571dc624e600',
[2026-08-19T16:58:57.540Z] user_id: '57fc7b0a-5ba0-42fb-ad0c-f15ee32c6df3',
[2026-08-19T16:58:57.540Z] name: 'Conteúdos',
[2026-08-19T16:58:57.540Z] color: '#00d13f',
[2026-08-19T16:58:57.540Z] duration_minutes: 27,
[2026-08-19T16:58:57.540Z] created_at: '2026-01-19T22:01:03.486292+00:00'
[2026-08-19T16:58:57.540Z] }
[2026-08-19T16:58:57.540Z] ]
[2026-08-19T16:58:57.540Z] }
[2026-08-19T16:58:57.540Z] [API /pomodoro/get-settings] Settings response: {
[2026-08-19T16:58:57.540Z] data: {
[2026-08-19T16:58:57.540Z] id: '6729871f-4efa-4304-a753-1f7dd1859400',
[2026-08-19T16:58:57.540Z] user_id: '57fc7b0a-5ba0-42fb-ad0c-f15ee32c6df3',
[2026-08-19T16:58:57.540Z] short_break_minutes: 5,
[2026-08-19T16:58:57.540Z] long_break_minutes: 15,
[2026-08-19T16:58:57.540Z] cycles_until_long_break: 4,
[2026-08-19T16:58:57.540Z] updated_at: '2026-01-31T22:04:42.725+00:00'
[2026-08-19T16:58:57.540Z] },
[2026-08-19T16:58:57.540Z] error: undefined
[2026-08-19T16:58:57.540Z] }
[2026-08-19T16:58:57.540Z] [API /pomodoro/get-settings] Sessions response: { count: 19, error: undefined }
[2026-08-19T16:58:57.540Z] [API /pomodoro/get-settings] Returning settings with 19 sessions
[2026-08-19T16:58:57.541Z] GET /api/pomodoro/get-settings 200 in 546ms
[2026-08-19T16:59:57.239Z] [API /pomodoro/get-settings] Starting request...
[2026-08-19T16:59:57.426Z] [API /pomodoro/get-settings] User authenticated: 57fc7b0a-5ba0-42fb-ad0c-f15ee32c6df3
[2026-08-19T16:59:57.596Z] [API /pomodoro/get-settings] Categories response: {
[2026-08-19T16:59:57.596Z] count: 3,
[2026-08-19T16:59:57.596Z] error: undefined,
[2026-08-19T16:59:57.596Z] data: [
[2026-08-19T16:59:57.596Z] {
[2026-08-19T16:59:57.596Z] id: '67040b77-248a-420d-8be2-5c5eca65ca8f',
[2026-08-19T16:59:57.596Z] user_id: '57fc7b0a-5ba0-42fb-ad0c-f15ee32c6df3',
[2026-08-19T16:59:57.596Z] name: 'Produzindo',
[2026-08-19T16:59:57.596Z] color: '#ff6600',
[2026-08-19T16:59:57.596Z] duration_minutes: 57,
[2026-08-19T16:59:57.596Z] created_at: '2026-01-19T22:01:03.082007+00:00'
[2026-08-19T16:59:57.596Z] },
[2026-08-19T16:59:57.596Z] {
[2026-08-19T16:59:57.596Z] id: '5e6728b1-cde5-4c8b-a296-116604eadee0',
[2026-08-19T16:59:57.596Z] user_id: '57fc7b0a-5ba0-42fb-ad0c-f15ee32c6df3',
[2026-08-19T16:59:57.596Z] name: 'Estudando',
[2026-08-19T16:59:57.596Z] color: '#002aff',
[2026-08-19T16:59:57.596Z] duration_minutes: 30,
[2026-08-19T16:59:57.596Z] created_at: '2026-01-19T22:01:03.284823+00:00'
[2026-08-19T16:59:57.596Z] },
[2026-08-19T16:59:57.596Z] {
[2026-08-19T16:59:57.596Z] id: '4ec39e04-b451-4c7a-845d-571dc624e600',
[2026-08-19T16:59:57.597Z] user_id: '57fc7b0a-5ba0-42fb-ad0c-f15ee32c6df3',
[2026-08-19T16:59:57.597Z] name: 'Conteúdos',
[2026-08-19T16:59:57.597Z] color: '#00d13f',
[2026-08-19T16:59:57.597Z] duration_minutes: 27,
[2026-08-19T16:59:57.597Z] created_at: '2026-01-19T22:01:03.486292+00:00'
[2026-08-19T16:59:57.597Z] }
[2026-08-19T16:59:57.597Z] ]
[2026-08-19T16:59:57.597Z] }
[2026-08-19T16:59:57.597Z] [API /pomodoro/get-settings] Settings response: {
[2026-08-19T16:59:57.597Z] data: {
[2026-08-19T16:59:57.597Z] id: '6729871f-4efa-4304-a753-1f7dd1859400',
[2026-08-19T16:59:57.597Z] user_id: '57fc7b0a-5ba0-42fb-ad0c-f15ee32c6df3',
[2026-08-19T16:59:57.597Z] short_break_minutes: 5,
[2026-08-19T16:59:57.597Z] long_break_minutes: 15,
[2026-08-19T16:59:57.597Z] cycles_until_long_break: 4,
[2026-08-19T16:59:57.597Z] updated_at: '2026-01-31T22:04:42.725+00:00'
[2026-08-19T16:59:57.597Z] },
[2026-08-19T16:59:57.597Z] error: undefined
[2026-08-19T16:59:57.597Z] }
[2026-08-19T16:59:57.597Z] [API /pomodoro/get-settings] Sessions response: { count: 19, error: undefined }
[2026-08-19T16:59:57.597Z] [API /pomodoro/get-settings] Returning settings with 19 sessions
[2026-08-19T16:59:57.598Z] GET /api/pomodoro/get-settings 200 in 599ms
[2026-08-19T17:00:57.235Z] [API /pomodoro/get-settings] Starting request...
[2026-08-19T17:00:57.370Z] [API /pomodoro/get-settings] User authenticated: 57fc7b0a-5ba0-42fb-ad0c-f15ee32c6df3
[2026-08-19T17:00:57.509Z] [API /pomodoro/get-settings] Categories response: {
[2026-08-19T17:00:57.509Z] count: 3,
[2026-08-19T17:00:57.509Z] error: undefined,
[2026-08-19T17:00:57.509Z] data: [
[2026-08-19T17:00:57.509Z] {
[2026-08-19T17:00:57.509Z] id: '67040b77-248a-420d-8be2-5c5eca65ca8f',
[2026-08-19T17:00:57.509Z] user_id: '57fc7b0a-5ba0-42fb-ad0c-f15ee32c6df3',
[2026-08-19T17:00:57.509Z] name: 'Produzindo',
[2026-08-19T17:00:57.509Z] color: '#ff6600',
[2026-08-19T17:00:57.509Z] duration_minutes: 57,
[2026-08-19T17:00:57.509Z] created_at: '2026-01-19T22:01:03.082007+00:00'
[2026-08-19T17:00:57.510Z] },
[2026-08-19T17:00:57.510Z] {
[2026-08-19T17:00:57.510Z] id: '5e6728b1-cde5-4c8b-a296-116604eadee0',
[2026-08-19T17:00:57.510Z] user_id: '57fc7b0a-5ba0-42fb-ad0c-f15ee32c6df3',
[2026-08-19T17:00:57.510Z] name: 'Estudando',
[2026-08-19T17:00:57.510Z] color: '#002aff',
[2026-08-19T17:00:57.510Z] duration_minutes: 30,
[2026-08-19T17:00:57.510Z] created_at: '2026-01-19T22:01:03.284823+00:00'
[2026-08-19T17:00:57.510Z] },
[2026-08-19T17:00:57.510Z] {
[2026-08-19T17:00:57.510Z] id: '4ec39e04-b451-4c7a-845d-571dc624e600',
[2026-08-19T17:00:57.510Z] user_id: '57fc7b0a-5ba0-42fb-ad0c-f15ee32c6df3',
[2026-08-19T17:00:57.510Z] name: 'Conteúdos',
[2026-08-19T17:00:57.510Z] color: '#00d13f',
[2026-08-19T17:00:57.510Z] duration_minutes: 27,
[2026-08-19T17:00:57.510Z] created_at: '2026-01-19T22:01:03.486292+00:00'
[2026-08-19T17:00:57.510Z] }
[2026-08-19T17:00:57.510Z] ]
[2026-08-19T17:00:57.510Z] }
[2026-08-19T17:00:57.510Z] [API /pomodoro/get-settings] Settings response: {
[2026-08-19T17:00:57.510Z] data: {
[2026-08-19T17:00:57.510Z] id: '6729871f-4efa-4304-a753-1f7dd1859400',
[2026-08-19T17:00:57.510Z] user_id: '57fc7b0a-5ba0-42fb-ad0c-f15ee32c6df3',
[2026-08-19T17:00:57.510Z] short_break_minutes: 5,
[2026-08-19T17:00:57.510Z] long_break_minutes: 15,
[2026-08-19T17:00:57.510Z] cycles_until_long_break: 4,
[2026-08-19T17:00:57.510Z] updated_at: '2026-01-31T22:04:42.725+00:00'
[2026-08-19T17:00:57.510Z] },
[2026-08-19T17:00:57.510Z] error: undefined
[2026-08-19T17:00:57.510Z] }
[2026-08-19T17:00:57.510Z] [API /pomodoro/get-settings] Sessions response: { count: 19, error: undefined }
[2026-08-19T17:00:57.510Z] [API /pomodoro/get-settings] Returning settings with 19 sessions
[2026-08-19T17:00:57.511Z] GET /api/pomodoro/get-settings 200 in 509ms
[2026-08-19T17:01:57.245Z] [API /pomodoro/get-settings] Starting request...
[2026-08-19T17:01:57.421Z] [API /pomodoro/get-settings] User authenticated: 57fc7b0a-5ba0-42fb-ad0c-f15ee32c6df3
[2026-08-19T17:01:57.653Z] [API /pomodoro/get-settings] Categories response: {
[2026-08-19T17:01:57.653Z] count: 3,
[2026-08-19T17:01:57.653Z] error: undefined,
[2026-08-19T17:01:57.653Z] data: [
[2026-08-19T17:01:57.653Z] {
[2026-08-19T17:01:57.653Z] id: '67040b77-248a-420d-8be2-5c5eca65ca8f',
[2026-08-19T17:01:57.653Z] user_id: '57fc7b0a-5ba0-42fb-ad0c-f15ee32c6df3',
[2026-08-19T17:01:57.653Z] name: 'Produzindo',
[2026-08-19T17:01:57.653Z] color: '#ff6600',
[2026-08-19T17:01:57.653Z] duration_minutes: 57,
[2026-08-19T17:01:57.653Z] created_at: '2026-01-19T22:01:03.082007+00:00'
[2026-08-19T17:01:57.653Z] },
[2026-08-19T17:01:57.653Z] {
[2026-08-19T17:01:57.653Z] id: '5e6728b1-cde5-4c8b-a296-116604eadee0',
[2026-08-19T17:01:57.653Z] user_id: '57fc7b0a-5ba0-42fb-ad0c-f15ee32c6df3',
[2026-08-19T17:01:57.653Z] name: 'Estudando',
[2026-08-19T17:01:57.653Z] color: '#002aff',
[2026-08-19T17:01:57.653Z] duration_minutes: 30,
[2026-08-19T17:01:57.653Z] created_at: '2026-01-19T22:01:03.284823+00:00'
[2026-08-19T17:01:57.653Z] },
[2026-08-19T17:01:57.653Z] {
[2026-08-19T17:01:57.653Z] id: '4ec39e04-b451-4c7a-845d-571dc624e600',
[2026-08-19T17:01:57.653Z] user_id: '57fc7b0a-5ba0-42fb-ad0c-f15ee32c6df3',
[2026-08-19T17:01:57.653Z] name: 'Conteúdos',
[2026-08-19T17:01:57.653Z] color: '#00d13f',
[2026-08-19T17:01:57.653Z] duration_minutes: 27,
[2026-08-19T17:01:57.653Z] created_at: '2026-01-19T22:01:03.486292+00:00'
[2026-08-19T17:01:57.653Z] }
[2026-08-19T17:01:57.653Z] ]
[2026-08-19T17:01:57.653Z] }
[2026-08-19T17:01:57.653Z] [API /pomodoro/get-settings] Settings response: {
[2026-08-19T17:01:57.653Z] data: {
[2026-08-19T17:01:57.653Z] id: '6729871f-4efa-4304-a753-1f7dd1859400',
[2026-08-19T17:01:57.653Z] user_id: '57fc7b0a-5ba0-42fb-ad0c-f15ee32c6df3',
[2026-08-19T17:01:57.653Z] short_break_minutes: 5,
[2026-08-19T17:01:57.653Z] long_break_minutes: 15,
[2026-08-19T17:01:57.653Z] cycles_until_long_break: 4,
[2026-08-19T17:01:57.653Z] updated_at: '2026-01-31T22:04:42.725+00:00'
[2026-08-19T17:01:57.653Z] },
[2026-08-19T17:01:57.653Z] error: undefined
[2026-08-19T17:01:57.653Z] }
[2026-08-19T17:01:57.653Z] [API /pomodoro/get-settings] Sessions response: { count: 19, error: undefined }
[2026-08-19T17:01:57.653Z] [API /pomodoro/get-settings] Returning settings with 19 sessions
[2026-08-19T17:01:57.654Z] GET /api/pomodoro/get-settings 200 in 645ms
[2026-08-19T17:02:57.255Z] [API /pomodoro/get-settings] Starting request...
[2026-08-19T17:02:57.401Z] [API /pomodoro/get-settings] User authenticated: 57fc7b0a-5ba0-42fb-ad0c-f15ee32c6df3
[2026-08-19T17:02:57.612Z] [API /pomodoro/get-settings] Categories response: {
[2026-08-19T17:02:57.612Z] count: 3,
[2026-08-19T17:02:57.612Z] error: undefined,
[2026-08-19T17:02:57.612Z] data: [
[2026-08-19T17:02:57.612Z] {
[2026-08-19T17:02:57.612Z] id: '67040b77-248a-420d-8be2-5c5eca65ca8f',
[2026-08-19T17:02:57.612Z] user_id: '57fc7b0a-5ba0-42fb-ad0c-f15ee32c6df3',
[2026-08-19T17:02:57.612Z] name: 'Produzindo',
[2026-08-19T17:02:57.612Z] color: '#ff6600',
[2026-08-19T17:02:57.612Z] duration_minutes: 57,
[2026-08-19T17:02:57.612Z] created_at: '2026-01-19T22:01:03.082007+00:00'
[2026-08-19T17:02:57.612Z] },
[2026-08-19T17:02:57.612Z] {
[2026-08-19T17:02:57.612Z] id: '5e6728b1-cde5-4c8b-a296-116604eadee0',
[2026-08-19T17:02:57.612Z] user_id: '57fc7b0a-5ba0-42fb-ad0c-f15ee32c6df3',
[2026-08-19T17:02:57.612Z] name: 'Estudando',
[2026-08-19T17:02:57.612Z] color: '#002aff',
[2026-08-19T17:02:57.612Z] duration_minutes: 30,
[2026-08-19T17:02:57.612Z] created_at: '2026-01-19T22:01:03.284823+00:00'
[2026-08-19T17:02:57.612Z] },
[2026-08-19T17:02:57.612Z] {
[2026-08-19T17:02:57.612Z] id: '4ec39e04-b451-4c7a-845d-571dc624e600',
[2026-08-19T17:02:57.612Z] user_id: '57fc7b0a-5ba0-42fb-ad0c-f15ee32c6df3',
[2026-08-19T17:02:57.612Z] name: 'Conteúdos',
[2026-08-19T17:02:57.612Z] color: '#00d13f',
[2026-08-19T17:02:57.612Z] duration_minutes: 27,
[2026-08-19T17:02:57.612Z] created_at: '2026-01-19T22:01:03.486292+00:00'
[2026-08-19T17:02:57.612Z] }
[2026-08-19T17:02:57.612Z] ]
[2026-08-19T17:02:57.612Z] }
[2026-08-19T17:02:57.612Z] [API /pomodoro/get-settings] Settings response: {
[2026-08-19T17:02:57.612Z] data: {
[2026-08-19T17:02:57.612Z] id: '6729871f-4efa-4304-a753-1f7dd1859400',
[2026-08-19T17:02:57.612Z] user_id: '57fc7b0a-5ba0-42fb-ad0c-f15ee32c6df3',
[2026-08-19T17:02:57.612Z] short_break_minutes: 5,
[2026-08-19T17:02:57.612Z] long_break_minutes: 15,
[2026-08-19T17:02:57.612Z] cycles_until_long_break: 4,
[2026-08-19T17:02:57.612Z] updated_at: '2026-01-31T22:04:42.725+00:00'
[2026-08-19T17:02:57.612Z] },
[2026-08-19T17:02:57.612Z] error: undefined
[2026-08-19T17:02:57.612Z] }
[2026-08-19T17:02:57.612Z] [API /pomodoro/get-settings] Sessions response: { count: 19, error: undefined }
[2026-08-19T17:02:57.612Z] [API /pomodoro/get-settings] Returning settings with 19 sessions
[2026-08-19T17:02:57.613Z] GET /api/pomodoro/get-settings 200 in 603ms
[2026-08-19T17:03:57.300Z] [API /pomodoro/get-settings] Starting request...
[2026-08-19T17:03:57.488Z] [API /pomodoro/get-settings] User authenticated: 57fc7b0a-5ba0-42fb-ad0c-f15ee32c6df3
[2026-08-19T17:03:57.689Z] [API /pomodoro/get-settings] Categories response: {
[2026-08-19T17:03:57.689Z] count: 3,
[2026-08-19T17:03:57.689Z] error: undefined,
[2026-08-19T17:03:57.689Z] data: [
[2026-08-19T17:03:57.689Z] {
[2026-08-19T17:03:57.689Z] id: '67040b77-248a-420d-8be2-5c5eca65ca8f',
[2026-08-19T17:03:57.689Z] user_id: '57fc7b0a-5ba0-42fb-ad0c-f15ee32c6df3',
[2026-08-19T17:03:57.689Z] name: 'Produzindo',
[2026-08-19T17:03:57.689Z] color: '#ff6600',
[2026-08-19T17:03:57.689Z] duration_minutes: 57,
[2026-08-19T17:03:57.689Z] created_at: '2026-01-19T22:01:03.082007+00:00'
[2026-08-19T17:03:57.689Z] },
[2026-08-19T17:03:57.689Z] {
[2026-08-19T17:03:57.689Z] id: '5e6728b1-cde5-4c8b-a296-116604eadee0',
[2026-08-19T17:03:57.689Z] user_id: '57fc7b0a-5ba0-42fb-ad0c-f15ee32c6df3',
[2026-08-19T17:03:57.689Z] name: 'Estudando',
[2026-08-19T17:03:57.689Z] color: '#002aff',
[2026-08-19T17:03:57.689Z] duration_minutes: 30,
[2026-08-19T17:03:57.689Z] created_at: '2026-01-19T22:01:03.284823+00:00'
[2026-08-19T17:03:57.689Z] },
[2026-08-19T17:03:57.689Z] {
[2026-08-19T17:03:57.689Z] id: '4ec39e04-b451-4c7a-845d-571dc624e600',
[2026-08-19T17:03:57.689Z] user_id: '57fc7b0a-5ba0-42fb-ad0c-f15ee32c6df3',
[2026-08-19T17:03:57.689Z] name: 'Conteúdos',
[2026-08-19T17:03:57.689Z] color: '#00d13f',
[2026-08-19T17:03:57.689Z] duration_minutes: 27,
[2026-08-19T17:03:57.689Z] created_at: '2026-01-19T22:01:03.486292+00:00'
[2026-08-19T17:03:57.689Z] }
[2026-08-19T17:03:57.689Z] ]
[2026-08-19T17:03:57.689Z] }
[2026-08-19T17:03:57.689Z] [API /pomodoro/get-settings] Settings response: {
[2026-08-19T17:03:57.689Z] data: {
[2026-08-19T17:03:57.689Z] id: '6729871f-4efa-4304-a753-1f7dd1859400',
[2026-08-19T17:03:57.689Z] user_id: '57fc7b0a-5ba0-42fb-ad0c-f15ee32c6df3',
[2026-08-19T17:03:57.689Z] short_break_minutes: 5,
[2026-08-19T17:03:57.689Z] long_break_minutes: 15,
[2026-08-19T17:03:57.689Z] cycles_until_long_break: 4,
[2026-08-19T17:03:57.689Z] updated_at: '2026-01-31T22:04:42.725+00:00'
[2026-08-19T17:03:57.689Z] },
[2026-08-19T17:03:57.689Z] error: undefined
[2026-08-19T17:03:57.689Z] }
[2026-08-19T17:03:57.689Z] [API /pomodoro/get-settings] Sessions response: { count: 19, error: undefined }
[2026-08-19T17:03:57.689Z] [API /pomodoro/get-settings] Returning settings with 19 sessions
[2026-08-19T17:03:57.691Z] GET /api/pomodoro/get-settings 200 in 636ms
[2026-08-19T17:04:57.227Z] [API /pomodoro/get-settings] Starting request...
[2026-08-19T17:04:57.443Z] [API /pomodoro/get-settings] User authenticated: 57fc7b0a-5ba0-42fb-ad0c-f15ee32c6df3
[2026-08-19T17:04:57.620Z] [API /pomodoro/get-settings] Categories response: {
[2026-08-19T17:04:57.620Z] count: 3,
[2026-08-19T17:04:57.620Z] error: undefined,
[2026-08-19T17:04:57.620Z] data: [
[2026-08-19T17:04:57.620Z] {
[2026-08-19T17:04:57.620Z] id: '67040b77-248a-420d-8be2-5c5eca65ca8f',
[2026-08-19T17:04:57.620Z] user_id: '57fc7b0a-5ba0-42fb-ad0c-f15ee32c6df3',
[2026-08-19T17:04:57.620Z] name: 'Produzindo',
[2026-08-19T17:04:57.620Z] color: '#ff6600',
[2026-08-19T17:04:57.620Z] duration_minutes: 57,
[2026-08-19T17:04:57.620Z] created_at: '2026-01-19T22:01:03.082007+00:00'
[2026-08-19T17:04:57.620Z] },
[2026-08-19T17:04:57.620Z] {
[2026-08-19T17:04:57.620Z] id: '5e6728b1-cde5-4c8b-a296-116604eadee0',
[2026-08-19T17:04:57.620Z] user_id: '57fc7b0a-5ba0-42fb-ad0c-f15ee32c6df3',
[2026-08-19T17:04:57.620Z] name: 'Estudando',
[2026-08-19T17:04:57.620Z] color: '#002aff',
[2026-08-19T17:04:57.620Z] duration_minutes: 30,
[2026-08-19T17:04:57.620Z] created_at: '2026-01-19T22:01:03.284823+00:00'
[2026-08-19T17:04:57.620Z] },
[2026-08-19T17:04:57.620Z] {
[2026-08-19T17:04:57.620Z] id: '4ec39e04-b451-4c7a-845d-571dc624e600',
[2026-08-19T17:04:57.620Z] user_id: '57fc7b0a-5ba0-42fb-ad0c-f15ee32c6df3',
[2026-08-19T17:04:57.620Z] name: 'Conteúdos',
[2026-08-19T17:04:57.620Z] color: '#00d13f',
[2026-08-19T17:04:57.620Z] duration_minutes: 27,
[2026-08-19T17:04:57.620Z] created_at: '2026-01-19T22:01:03.486292+00:00'
[2026-08-19T17:04:57.620Z] }
[2026-08-19T17:04:57.620Z] ]
[2026-08-19T17:04:57.620Z] }
[2026-08-19T17:04:57.620Z] [API /pomodoro/get-settings] Settings response: {
[2026-08-19T17:04:57.620Z] data: {
[2026-08-19T17:04:57.620Z] id: '6729871f-4efa-4304-a753-1f7dd1859400',
[2026-08-19T17:04:57.620Z] user_id: '57fc7b0a-5ba0-42fb-ad0c-f15ee32c6df3',
[2026-08-19T17:04:57.620Z] short_break_minutes: 5,
[2026-08-19T17:04:57.620Z] long_break_minutes: 15,
[2026-08-19T17:04:57.620Z] cycles_until_long_break: 4,
[2026-08-19T17:04:57.620Z] updated_at: '2026-01-31T22:04:42.725+00:00'
[2026-08-19T17:04:57.620Z] },
[2026-08-19T17:04:57.620Z] error: undefined
[2026-08-19T17:04:57.620Z] }
[2026-08-19T17:04:57.620Z] [API /pomodoro/get-settings] Sessions response: { count: 19, error: undefined }
[2026-08-19T17:04:57.620Z] [API /pomodoro/get-settings] Returning settings with 19 sessions
[2026-08-19T17:04:57.621Z] GET /api/pomodoro/get-settings 200 in 627ms
[2026-08-19T17:05:50.033Z] [API /pomodoro/get-settings] Starting request...
[2026-08-19T17:05:50.248Z] [API /pomodoro/get-settings] User authenticated: 57fc7b0a-5ba0-42fb-ad0c-f15ee32c6df3
[2026-08-19T17:05:50.412Z] [API /pomodoro/get-settings] Categories response: {
[2026-08-19T17:05:50.412Z] count: 3,
[2026-08-19T17:05:50.412Z] error: undefined,
[2026-08-19T17:05:50.412Z] data: [
[2026-08-19T17:05:50.412Z] {
[2026-08-19T17:05:50.412Z] id: '67040b77-248a-420d-8be2-5c5eca65ca8f',
[2026-08-19T17:05:50.412Z] user_id: '57fc7b0a-5ba0-42fb-ad0c-f15ee32c6df3',
[2026-08-19T17:05:50.412Z] name: 'Produzindo',
[2026-08-19T17:05:50.412Z] color: '#ff6600',
[2026-08-19T17:05:50.412Z] duration_minutes: 57,
[2026-08-19T17:05:50.412Z] created_at: '2026-01-19T22:01:03.082007+00:00'
[2026-08-19T17:05:50.412Z] },
[2026-08-19T17:05:50.412Z] {
[2026-08-19T17:05:50.412Z] id: '5e6728b1-cde5-4c8b-a296-116604eadee0',
[2026-08-19T17:05:50.412Z] user_id: '57fc7b0a-5ba0-42fb-ad0c-f15ee32c6df3',
[2026-08-19T17:05:50.412Z] name: 'Estudando',
[2026-08-19T17:05:50.413Z] color: '#002aff',
[2026-08-19T17:05:50.413Z] duration_minutes: 30,
[2026-08-19T17:05:50.413Z] created_at: '2026-01-19T22:01:03.284823+00:00'
[2026-08-19T17:05:50.413Z] },
[2026-08-19T17:05:50.413Z] {
[2026-08-19T17:05:50.413Z] id: '4ec39e04-b451-4c7a-845d-571dc624e600',
[2026-08-19T17:05:50.413Z] user_id: '57fc7b0a-5ba0-42fb-ad0c-f15ee32c6df3',
[2026-08-19T17:05:50.413Z] name: 'Conteúdos',
[2026-08-19T17:05:50.413Z] color: '#00d13f',
[2026-08-19T17:05:50.413Z] duration_minutes: 27,
[2026-08-19T17:05:50.413Z] created_at: '2026-01-19T22:01:03.486292+00:00'
[2026-08-19T17:05:50.413Z] }
[2026-08-19T17:05:50.413Z] ]
[2026-08-19T17:05:50.413Z] }
[2026-08-19T17:05:50.413Z] [API /pomodoro/get-settings] Settings response: {
[2026-08-19T17:05:50.413Z] data: {
[2026-08-19T17:05:50.413Z] id: '6729871f-4efa-4304-a753-1f7dd1859400',
[2026-08-19T17:05:50.413Z] user_id: '57fc7b0a-5ba0-42fb-ad0c-f15ee32c6df3',
[2026-08-19T17:05:50.413Z] short_break_minutes: 5,
[2026-08-19T17:05:50.413Z] long_break_minutes: 15,
[2026-08-19T17:05:50.413Z] cycles_until_long_break: 4,
[2026-08-19T17:05:50.413Z] updated_at: '2026-01-31T22:04:42.725+00:00'
[2026-08-19T17:05:50.413Z] },
[2026-08-19T17:05:50.413Z] error: undefined
[2026-08-19T17:05:50.413Z] }
[2026-08-19T17:05:50.413Z] [API /pomodoro/get-settings] Sessions response: { count: 19, error: undefined }
[2026-08-19T17:05:50.413Z] [API /pomodoro/get-settings] Returning settings with 19 sessions
[2026-08-19T17:05:50.413Z] GET /api/pomodoro/get-settings 200 in 618ms
[2026-08-19T17:06:50.233Z] [API /pomodoro/get-settings] Starting request...
[2026-08-19T17:06:50.502Z] [API /pomodoro/get-settings] User authenticated: 57fc7b0a-5ba0-42fb-ad0c-f15ee32c6df3
[2026-08-19T17:06:50.725Z] [API /pomodoro/get-settings] Categories response: {
[2026-08-19T17:06:50.725Z] count: 3,
[2026-08-19T17:06:50.725Z] error: undefined,
[2026-08-19T17:06:50.725Z] data: [
[2026-08-19T17:06:50.725Z] {
[2026-08-19T17:06:50.725Z] id: '67040b77-248a-420d-8be2-5c5eca65ca8f',
[2026-08-19T17:06:50.725Z] user_id: '57fc7b0a-5ba0-42fb-ad0c-f15ee32c6df3',
[2026-08-19T17:06:50.725Z] name: 'Produzindo',
[2026-08-19T17:06:50.725Z] color: '#ff6600',
[2026-08-19T17:06:50.725Z] duration_minutes: 57,
[2026-08-19T17:06:50.725Z] created_at: '2026-01-19T22:01:03.082007+00:00'
[2026-08-19T17:06:50.725Z] },
[2026-08-19T17:06:50.725Z] {
[2026-08-19T17:06:50.725Z] id: '5e6728b1-cde5-4c8b-a296-116604eadee0',
[2026-08-19T17:06:50.725Z] user_id: '57fc7b0a-5ba0-42fb-ad0c-f15ee32c6df3',
[2026-08-19T17:06:50.725Z] name: 'Estudando',
[2026-08-19T17:06:50.725Z] color: '#002aff',
[2026-08-19T17:06:50.725Z] duration_minutes: 30,
[2026-08-19T17:06:50.725Z] created_at: '2026-01-19T22:01:03.284823+00:00'
[2026-08-19T17:06:50.725Z] },
[2026-08-19T17:06:50.725Z] {
[2026-08-19T17:06:50.725Z] id: '4ec39e04-b451-4c7a-845d-571dc624e600',
[2026-08-19T17:06:50.725Z] user_id: '57fc7b0a-5ba0-42fb-ad0c-f15ee32c6df3',
[2026-08-19T17:06:50.725Z] name: 'Conteúdos',
[2026-08-19T17:06:50.725Z] color: '#00d13f',
[2026-08-19T17:06:50.725Z] duration_minutes: 27,
[2026-08-19T17:06:50.725Z] created_at: '2026-01-19T22:01:03.486292+00:00'
[2026-08-19T17:06:50.725Z] }
[2026-08-19T17:06:50.725Z] ]
[2026-08-19T17:06:50.725Z] }
[2026-08-19T17:06:50.725Z] [API /pomodoro/get-settings] Settings response: {
[2026-08-19T17:06:50.725Z] data: {
[2026-08-19T17:06:50.725Z] id: '6729871f-4efa-4304-a753-1f7dd1859400',
[2026-08-19T17:06:50.725Z] user_id: '57fc7b0a-5ba0-42fb-ad0c-f15ee32c6df3',
[2026-08-19T17:06:50.725Z] short_break_minutes: 5,
[2026-08-19T17:06:50.725Z] long_break_minutes: 15,
[2026-08-19T17:06:50.725Z] cycles_until_long_break: 4,
[2026-08-19T17:06:50.725Z] updated_at: '2026-01-31T22:04:42.725+00:00'
[2026-08-19T17:06:50.725Z] },
[2026-08-19T17:06:50.725Z] error: undefined
[2026-08-19T17:06:50.725Z] }
[2026-08-19T17:06:50.725Z] [API /pomodoro/get-settings] Sessions response: { count: 19, error: undefined }
[2026-08-19T17:06:50.725Z] [API /pomodoro/get-settings] Returning settings with 19 sessions
[2026-08-19T17:06:50.726Z] GET /api/pomodoro/get-settings 200 in 733ms
[2026-08-19T17:07:50.221Z] [API /pomodoro/get-settings] Starting request...
[2026-08-19T17:07:50.390Z] [API /pomodoro/get-settings] User authenticated: 57fc7b0a-5ba0-42fb-ad0c-f15ee32c6df3
[2026-08-19T17:07:50.546Z] [API /pomodoro/get-settings] Categories response: {
[2026-08-19T17:07:50.546Z] count: 3,
[2026-08-19T17:07:50.546Z] error: undefined,
[2026-08-19T17:07:50.546Z] data: [
[2026-08-19T17:07:50.546Z] {
[2026-08-19T17:07:50.546Z] id: '67040b77-248a-420d-8be2-5c5eca65ca8f',
[2026-08-19T17:07:50.546Z] user_id: '57fc7b0a-5ba0-42fb-ad0c-f15ee32c6df3',
[2026-08-19T17:07:50.546Z] name: 'Produzindo',
[2026-08-19T17:07:50.546Z] color: '#ff6600',
[2026-08-19T17:07:50.546Z] duration_minutes: 57,
[2026-08-19T17:07:50.546Z] created_at: '2026-01-19T22:01:03.082007+00:00'
[2026-08-19T17:07:50.546Z] },
[2026-08-19T17:07:50.546Z] {
[2026-08-19T17:07:50.546Z] id: '5e6728b1-cde5-4c8b-a296-116604eadee0',
[2026-08-19T17:07:50.546Z] user_id: '57fc7b0a-5ba0-42fb-ad0c-f15ee32c6df3',
[2026-08-19T17:07:50.546Z] name: 'Estudando',
[2026-08-19T17:07:50.546Z] color: '#002aff',
[2026-08-19T17:07:50.547Z] duration_minutes: 30,
[2026-08-19T17:07:50.547Z] created_at: '2026-01-19T22:01:03.284823+00:00'
[2026-08-19T17:07:50.547Z] },
[2026-08-19T17:07:50.547Z] {
[2026-08-19T17:07:50.547Z] id: '4ec39e04-b451-4c7a-845d-571dc624e600',
[2026-08-19T17:07:50.547Z] user_id: '57fc7b0a-5ba0-42fb-ad0c-f15ee32c6df3',
[2026-08-19T17:07:50.547Z] name: 'Conteúdos',
[2026-08-19T17:07:50.547Z] color: '#00d13f',
[2026-08-19T17:07:50.547Z] duration_minutes: 27,
[2026-08-19T17:07:50.547Z] created_at: '2026-01-19T22:01:03.486292+00:00'
[2026-08-19T17:07:50.547Z] }
[2026-08-19T17:07:50.547Z] ]
[2026-08-19T17:07:50.547Z] }
[2026-08-19T17:07:50.547Z] [API /pomodoro/get-settings] Settings response: {
[2026-08-19T17:07:50.547Z] data: {
[2026-08-19T17:07:50.547Z] id: '6729871f-4efa-4304-a753-1f7dd1859400',
[2026-08-19T17:07:50.547Z] user_id: '57fc7b0a-5ba0-42fb-ad0c-f15ee32c6df3',
[2026-08-19T17:07:50.547Z] short_break_minutes: 5,
[2026-08-19T17:07:50.547Z] long_break_minutes: 15,
[2026-08-19T17:07:50.547Z] cycles_until_long_break: 4,
[2026-08-19T17:07:50.547Z] updated_at: '2026-01-31T22:04:42.725+00:00'
[2026-08-19T17:07:50.547Z] },
[2026-08-19T17:07:50.547Z] error: undefined
[2026-08-19T17:07:50.547Z] }
[2026-08-19T17:07:50.547Z] [API /pomodoro/get-settings] Sessions response: { count: 19, error: undefined }
[2026-08-19T17:07:50.547Z] [API /pomodoro/get-settings] Returning settings with 19 sessions
[2026-08-19T17:07:50.548Z] GET /api/pomodoro/get-settings 200 in 562ms
[2026-08-19T17:08:50.241Z] [API /pomodoro/get-settings] Starting request...
[2026-08-19T17:08:50.389Z] [API /pomodoro/get-settings] User authenticated: 57fc7b0a-5ba0-42fb-ad0c-f15ee32c6df3
[2026-08-19T17:08:50.564Z] [API /pomodoro/get-settings] Categories response: {
[2026-08-19T17:08:50.564Z] count: 3,
[2026-08-19T17:08:50.564Z] error: undefined,
[2026-08-19T17:08:50.564Z] data: [
[2026-08-19T17:08:50.564Z] {
[2026-08-19T17:08:50.564Z] id: '67040b77-248a-420d-8be2-5c5eca65ca8f',
[2026-08-19T17:08:50.564Z] user_id: '57fc7b0a-5ba0-42fb-ad0c-f15ee32c6df3',
[2026-08-19T17:08:50.564Z] name: 'Produzindo',
[2026-08-19T17:08:50.564Z] color: '#ff6600',
[2026-08-19T17:08:50.564Z] duration_minutes: 57,
[2026-08-19T17:08:50.564Z] created_at: '2026-01-19T22:01:03.082007+00:00'
[2026-08-19T17:08:50.564Z] },
[2026-08-19T17:08:50.564Z] {
[2026-08-19T17:08:50.564Z] id: '5e6728b1-cde5-4c8b-a296-116604eadee0',
[2026-08-19T17:08:50.564Z] user_id: '57fc7b0a-5ba0-42fb-ad0c-f15ee32c6df3',
[2026-08-19T17:08:50.564Z] name: 'Estudando',
[2026-08-19T17:08:50.564Z] color: '#002aff',
[2026-08-19T17:08:50.564Z] duration_minutes: 30,
[2026-08-19T17:08:50.564Z] created_at: '2026-01-19T22:01:03.284823+00:00'
[2026-08-19T17:08:50.564Z] },
[2026-08-19T17:08:50.564Z] {
[2026-08-19T17:08:50.564Z] id: '4ec39e04-b451-4c7a-845d-571dc624e600',
[2026-08-19T17:08:50.564Z] user_id: '57fc7b0a-5ba0-42fb-ad0c-f15ee32c6df3',
[2026-08-19T17:08:50.564Z] name: 'Conteúdos',
[2026-08-19T17:08:50.564Z] color: '#00d13f',
[2026-08-19T17:08:50.564Z] duration_minutes: 27,
[2026-08-19T17:08:50.564Z] created_at: '2026-01-19T22:01:03.486292+00:00'
[2026-08-19T17:08:50.564Z] }
[2026-08-19T17:08:50.564Z] ]
[2026-08-19T17:08:50.564Z] }
[2026-08-19T17:08:50.564Z] [API /pomodoro/get-settings] Settings response: {
[2026-08-19T17:08:50.564Z] data: {
[2026-08-19T17:08:50.564Z] id: '6729871f-4efa-4304-a753-1f7dd1859400',
[2026-08-19T17:08:50.564Z] user_id: '57fc7b0a-5ba0-42fb-ad0c-f15ee32c6df3',
[2026-08-19T17:08:50.564Z] short_break_minutes: 5,
[2026-08-19T17:08:50.564Z] long_break_minutes: 15,
[2026-08-19T17:08:50.564Z] cycles_until_long_break: 4,
[2026-08-19T17:08:50.564Z] updated_at: '2026-01-31T22:04:42.725+00:00'
[2026-08-19T17:08:50.564Z] },
[2026-08-19T17:08:50.564Z] error: undefined
[2026-08-19T17:08:50.564Z] }
[2026-08-19T17:08:50.564Z] [API /pomodoro/get-settings] Sessions response: { count: 19, error: undefined }
[2026-08-19T17:08:50.564Z] [API /pomodoro/get-settings] Returning settings with 19 sessions
[2026-08-19T17:08:50.565Z] GET /api/pomodoro/get-settings 200 in 567ms
[2026-08-19T17:09:20.108Z] [API /pomodoro/get-settings] Starting request...
[2026-08-19T17:09:20.247Z] [API /pomodoro/get-settings] User authenticated: 57fc7b0a-5ba0-42fb-ad0c-f15ee32c6df3
[2026-08-19T17:09:20.391Z] [API /pomodoro/get-settings] Categories response: {
[2026-08-19T17:09:20.391Z] count: 3,
[2026-08-19T17:09:20.391Z] error: undefined,
[2026-08-19T17:09:20.391Z] data: [
[2026-08-19T17:09:20.391Z] {
[2026-08-19T17:09:20.391Z] id: '67040b77-248a-420d-8be2-5c5eca65ca8f',
[2026-08-19T17:09:20.391Z] user_id: '57fc7b0a-5ba0-42fb-ad0c-f15ee32c6df3',
[2026-08-19T17:09:20.391Z] name: 'Produzindo',
[2026-08-19T17:09:20.391Z] color: '#ff6600',
[2026-08-19T17:09:20.391Z] duration_minutes: 57,
[2026-08-19T17:09:20.391Z] created_at: '2026-01-19T22:01:03.082007+00:00'
[2026-08-19T17:09:20.392Z] },
[2026-08-19T17:09:20.392Z] {
[2026-08-19T17:09:20.392Z] id: '5e6728b1-cde5-4c8b-a296-116604eadee0',
[2026-08-19T17:09:20.392Z] user_id: '57fc7b0a-5ba0-42fb-ad0c-f15ee32c6df3',
[2026-08-19T17:09:20.392Z] name: 'Estudando',
[2026-08-19T17:09:20.392Z] color: '#002aff',
[2026-08-19T17:09:20.392Z] duration_minutes: 30,
[2026-08-19T17:09:20.392Z] created_at: '2026-01-19T22:01:03.284823+00:00'
[2026-08-19T17:09:20.392Z] },
[2026-08-19T17:09:20.392Z] {
[2026-08-19T17:09:20.392Z] id: '4ec39e04-b451-4c7a-845d-571dc624e600',
[2026-08-19T17:09:20.392Z] user_id: '57fc7b0a-5ba0-42fb-ad0c-f15ee32c6df3',
[2026-08-19T17:09:20.392Z] name: 'Conteúdos',
[2026-08-19T17:09:20.392Z] color: '#00d13f',
[2026-08-19T17:09:20.392Z] duration_minutes: 27,
[2026-08-19T17:09:20.392Z] created_at: '2026-01-19T22:01:03.486292+00:00'
[2026-08-19T17:09:20.392Z] }
[2026-08-19T17:09:20.392Z] ]
[2026-08-19T17:09:20.392Z] }
[2026-08-19T17:09:20.392Z] [API /pomodoro/get-settings] Settings response: {
[2026-08-19T17:09:20.392Z] data: {
[2026-08-19T17:09:20.392Z] id: '6729871f-4efa-4304-a753-1f7dd1859400',
[2026-08-19T17:09:20.392Z] user_id: '57fc7b0a-5ba0-42fb-ad0c-f15ee32c6df3',
[2026-08-19T17:09:20.392Z] short_break_minutes: 5,
[2026-08-19T17:09:20.392Z] long_break_minutes: 15,
[2026-08-19T17:09:20.392Z] cycles_until_long_break: 4,
[2026-08-19T17:09:20.392Z] updated_at: '2026-01-31T22:04:42.725+00:00'
[2026-08-19T17:09:20.392Z] },
[2026-08-19T17:09:20.392Z] error: undefined
[2026-08-19T17:09:20.392Z] }
[2026-08-19T17:09:20.392Z] [API /pomodoro/get-settings] Sessions response: { count: 19, error: undefined }
[2026-08-19T17:09:20.392Z] [API /pomodoro/get-settings] Returning settings with 19 sessions
[2026-08-19T17:09:20.393Z] GET /api/pomodoro/get-settings 200 in 528ms
[2026-08-19T17:10:20.280Z] [API /pomodoro/get-settings] Starting request...
[2026-08-19T17:10:20.462Z] [API /pomodoro/get-settings] User authenticated: 57fc7b0a-5ba0-42fb-ad0c-f15ee32c6df3
[2026-08-19T17:10:20.635Z] [API /pomodoro/get-settings] Categories response: {
[2026-08-19T17:10:20.635Z] count: 3,
[2026-08-19T17:10:20.635Z] error: undefined,
[2026-08-19T17:10:20.635Z] data: [
[2026-08-19T17:10:20.635Z] {
[2026-08-19T17:10:20.635Z] id: '67040b77-248a-420d-8be2-5c5eca65ca8f',
[2026-08-19T17:10:20.635Z] user_id: '57fc7b0a-5ba0-42fb-ad0c-f15ee32c6df3',
[2026-08-19T17:10:20.635Z] name: 'Produzindo',
[2026-08-19T17:10:20.635Z] color: '#ff6600',
[2026-08-19T17:10:20.635Z] duration_minutes: 57,
[2026-08-19T17:10:20.635Z] created_at: '2026-01-19T22:01:03.082007+00:00'
[2026-08-19T17:10:20.636Z] },
[2026-08-19T17:10:20.636Z] {
[2026-08-19T17:10:20.636Z] id: '5e6728b1-cde5-4c8b-a296-116604eadee0',
[2026-08-19T17:10:20.636Z] user_id: '57fc7b0a-5ba0-42fb-ad0c-f15ee32c6df3',
[2026-08-19T17:10:20.636Z] name: 'Estudando',
[2026-08-19T17:10:20.636Z] color: '#002aff',
[2026-08-19T17:10:20.636Z] duration_minutes: 30,
[2026-08-19T17:10:20.636Z] created_at: '2026-01-19T22:01:03.284823+00:00'
[2026-08-19T17:10:20.636Z] },
[2026-08-19T17:10:20.636Z] {
[2026-08-19T17:10:20.636Z] id: '4ec39e04-b451-4c7a-845d-571dc624e600',
[2026-08-19T17:10:20.636Z] user_id: '57fc7b0a-5ba0-42fb-ad0c-f15ee32c6df3',
[2026-08-19T17:10:20.636Z] name: 'Conteúdos',
[2026-08-19T17:10:20.636Z] color: '#00d13f',
[2026-08-19T17:10:20.636Z] duration_minutes: 27,
[2026-08-19T17:10:20.636Z] created_at: '2026-01-19T22:01:03.486292+00:00'
[2026-08-19T17:10:20.636Z] }
[2026-08-19T17:10:20.636Z] ]
[2026-08-19T17:10:20.636Z] }
[2026-08-19T17:10:20.636Z] [API /pomodoro/get-settings] Settings response: {
[2026-08-19T17:10:20.636Z] data: {
[2026-08-19T17:10:20.636Z] id: '6729871f-4efa-4304-a753-1f7dd1859400',
[2026-08-19T17:10:20.636Z] user_id: '57fc7b0a-5ba0-42fb-ad0c-f15ee32c6df3',
[2026-08-19T17:10:20.636Z] short_break_minutes: 5,
[2026-08-19T17:10:20.636Z] long_break_minutes: 15,
[2026-08-19T17:10:20.636Z] cycles_until_long_break: 4,
[2026-08-19T17:10:20.636Z] updated_at: '2026-01-31T22:04:42.725+00:00'
[2026-08-19T17:10:20.636Z] },
[2026-08-19T17:10:20.636Z] error: undefined
[2026-08-19T17:10:20.636Z] }
[2026-08-19T17:10:20.636Z] [API /pomodoro/get-settings] Sessions response: { count: 19, error: undefined }
[2026-08-19T17:10:20.636Z] [API /pomodoro/get-settings] Returning settings with 19 sessions
[2026-08-19T17:10:20.636Z] GET /api/pomodoro/get-settings 200 in 597ms
[2026-08-19T17:10:25.536Z] [API /pomodoro/get-settings] Starting request...
[2026-08-19T17:10:25.678Z] [API /pomodoro/get-settings] User authenticated: 57fc7b0a-5ba0-42fb-ad0c-f15ee32c6df3
[2026-08-19T17:10:25.826Z] [API /pomodoro/get-settings] Categories response: {
[2026-08-19T17:10:25.826Z] count: 3,
[2026-08-19T17:10:25.826Z] error: undefined,
[2026-08-19T17:10:25.826Z] data: [
[2026-08-19T17:10:25.826Z] {
[2026-08-19T17:10:25.826Z] id: '67040b77-248a-420d-8be2-5c5eca65ca8f',
[2026-08-19T17:10:25.826Z] user_id: '57fc7b0a-5ba0-42fb-ad0c-f15ee32c6df3',
[2026-08-19T17:10:25.826Z] name: 'Produzindo',
[2026-08-19T17:10:25.826Z] color: '#ff6600',
[2026-08-19T17:10:25.826Z] duration_minutes: 57,
[2026-08-19T17:10:25.826Z] created_at: '2026-01-19T22:01:03.082007+00:00'
[2026-08-19T17:10:25.826Z] },
[2026-08-19T17:10:25.826Z] {
[2026-08-19T17:10:25.826Z] id: '5e6728b1-cde5-4c8b-a296-116604eadee0',
[2026-08-19T17:10:25.826Z] user_id: '57fc7b0a-5ba0-42fb-ad0c-f15ee32c6df3',
[2026-08-19T17:10:25.826Z] name: 'Estudando',
[2026-08-19T17:10:25.826Z] color: '#002aff',
[2026-08-19T17:10:25.826Z] duration_minutes: 30,
[2026-08-19T17:10:25.826Z] created_at: '2026-01-19T22:01:03.284823+00:00'
[2026-08-19T17:10:25.826Z] },
[2026-08-19T17:10:25.826Z] {
[2026-08-19T17:10:25.826Z] id: '4ec39e04-b451-4c7a-845d-571dc624e600',
[2026-08-19T17:10:25.826Z] user_id: '57fc7b0a-5ba0-42fb-ad0c-f15ee32c6df3',
[2026-08-19T17:10:25.826Z] name: 'Conteúdos',
[2026-08-19T17:10:25.826Z] color: '#00d13f',
[2026-08-19T17:10:25.826Z] duration_minutes: 27,
[2026-08-19T17:10:25.826Z] created_at: '2026-01-19T22:01:03.486292+00:00'
[2026-08-19T17:10:25.826Z] }
[2026-08-19T17:10:25.826Z] ]
[2026-08-19T17:10:25.826Z] }
[2026-08-19T17:10:25.826Z] [API /pomodoro/get-settings] Settings response: {
[2026-08-19T17:10:25.826Z] data: {
[2026-08-19T17:10:25.826Z] id: '6729871f-4efa-4304-a753-1f7dd1859400',
[2026-08-19T17:10:25.826Z] user_id: '57fc7b0a-5ba0-42fb-ad0c-f15ee32c6df3',
[2026-08-19T17:10:25.826Z] short_break_minutes: 5,
[2026-08-19T17:10:25.826Z] long_break_minutes: 15,
[2026-08-19T17:10:25.826Z] cycles_until_long_break: 4,
[2026-08-19T17:10:25.827Z] updated_at: '2026-01-31T22:04:42.725+00:00'
[2026-08-19T17:10:25.827Z] },
[2026-08-19T17:10:25.827Z] error: undefined
[2026-08-19T17:10:25.827Z] }
[2026-08-19T17:10:25.827Z] [API /pomodoro/get-settings] Sessions response: { count: 19, error: undefined }
[2026-08-19T17:10:25.827Z] [API /pomodoro/get-settings] Returning settings with 19 sessions
[2026-08-19T17:10:25.827Z] GET /api/pomodoro/get-settings 200 in 529ms
[2026-08-19T17:11:17.086Z] [API /pomodoro/get-settings] Starting request...
[2026-08-19T17:11:17.226Z] [API /pomodoro/get-settings] User authenticated: 57fc7b0a-5ba0-42fb-ad0c-f15ee32c6df3
[2026-08-19T17:11:17.366Z] [API /pomodoro/get-settings] Categories response: {
[2026-08-19T17:11:17.366Z] count: 3,
[2026-08-19T17:11:17.366Z] error: undefined,
[2026-08-19T17:11:17.366Z] data: [
[2026-08-19T17:11:17.366Z] {
[2026-08-19T17:11:17.366Z] id: '67040b77-248a-420d-8be2-5c5eca65ca8f',
[2026-08-19T17:11:17.366Z] user_id: '57fc7b0a-5ba0-42fb-ad0c-f15ee32c6df3',
[2026-08-19T17:11:17.366Z] name: 'Produzindo',
[2026-08-19T17:11:17.366Z] color: '#ff6600',
[2026-08-19T17:11:17.366Z] duration_minutes: 57,
[2026-08-19T17:11:17.366Z] created_at: '2026-01-19T22:01:03.082007+00:00'
[2026-08-19T17:11:17.366Z] },
[2026-08-19T17:11:17.366Z] {
[2026-08-19T17:11:17.366Z] id: '5e6728b1-cde5-4c8b-a296-116604eadee0',
[2026-08-19T17:11:17.366Z] user_id: '57fc7b0a-5ba0-42fb-ad0c-f15ee32c6df3',
[2026-08-19T17:11:17.366Z] name: 'Estudando',
[2026-08-19T17:11:17.366Z] color: '#002aff',
[2026-08-19T17:11:17.366Z] duration_minutes: 30,
[2026-08-19T17:11:17.366Z] created_at: '2026-01-19T22:01:03.284823+00:00'
[2026-08-19T17:11:17.366Z] },
[2026-08-19T17:11:17.366Z] {
[2026-08-19T17:11:17.366Z] id: '4ec39e04-b451-4c7a-845d-571dc624e600',
[2026-08-19T17:11:17.366Z] user_id: '57fc7b0a-5ba0-42fb-ad0c-f15ee32c6df3',
[2026-08-19T17:11:17.366Z] name: 'Conteúdos',
[2026-08-19T17:11:17.366Z] color: '#00d13f',
[2026-08-19T17:11:17.366Z] duration_minutes: 27,
[2026-08-19T17:11:17.366Z] created_at: '2026-01-19T22:01:03.486292+00:00'
[2026-08-19T17:11:17.366Z] }
[2026-08-19T17:11:17.366Z] ]
[2026-08-19T17:11:17.366Z] }
[2026-08-19T17:11:17.366Z] [API /pomodoro/get-settings] Settings response: {
[2026-08-19T17:11:17.366Z] data: {
[2026-08-19T17:11:17.366Z] id: '6729871f-4efa-4304-a753-1f7dd1859400',
[2026-08-19T17:11:17.366Z] user_id: '57fc7b0a-5ba0-42fb-ad0c-f15ee32c6df3',
[2026-08-19T17:11:17.366Z] short_break_minutes: 5,
[2026-08-19T17:11:17.366Z] long_break_minutes: 15,
[2026-08-19T17:11:17.366Z] cycles_until_long_break: 4,
[2026-08-19T17:11:17.366Z] updated_at: '2026-01-31T22:04:42.725+00:00'
[2026-08-19T17:11:17.366Z] },
[2026-08-19T17:11:17.366Z] error: undefined
[2026-08-19T17:11:17.366Z] }
[2026-08-19T17:11:17.366Z] [API /pomodoro/get-settings] Sessions response: { count: 19, error: undefined }
[2026-08-19T17:11:17.366Z] [API /pomodoro/get-settings] Returning settings with 19 sessions
[2026-08-19T17:11:17.367Z] GET /api/pomodoro/get-settings 200 in 515ms
[2026-08-19T17:11:31.832Z] [API /pomodoro/get-settings] Starting request...
[2026-08-19T17:11:31.972Z] [API /pomodoro/get-settings] User authenticated: 57fc7b0a-5ba0-42fb-ad0c-f15ee32c6df3
[2026-08-19T17:11:32.104Z] [API /pomodoro/get-settings] Categories response: {
[2026-08-19T17:11:32.104Z] count: 3,
[2026-08-19T17:11:32.104Z] error: undefined,
[2026-08-19T17:11:32.104Z] data: [
[2026-08-19T17:11:32.104Z] {
[2026-08-19T17:11:32.104Z] id: '67040b77-248a-420d-8be2-5c5eca65ca8f',
[2026-08-19T17:11:32.104Z] user_id: '57fc7b0a-5ba0-42fb-ad0c-f15ee32c6df3',
[2026-08-19T17:11:32.104Z] name: 'Produzindo',
[2026-08-19T17:11:32.104Z] color: '#ff6600',
[2026-08-19T17:11:32.104Z] duration_minutes: 57,
[2026-08-19T17:11:32.104Z] created_at: '2026-01-19T22:01:03.082007+00:00'
[2026-08-19T17:11:32.104Z] },
[2026-08-19T17:11:32.104Z] {
[2026-08-19T17:11:32.104Z] id: '5e6728b1-cde5-4c8b-a296-116604eadee0',
[2026-08-19T17:11:32.104Z] user_id: '57fc7b0a-5ba0-42fb-ad0c-f15ee32c6df3',
[2026-08-19T17:11:32.104Z] name: 'Estudando',
[2026-08-19T17:11:32.104Z] color: '#002aff',
[2026-08-19T17:11:32.104Z] duration_minutes: 30,
[2026-08-19T17:11:32.104Z] created_at: '2026-01-19T22:01:03.284823+00:00'
[2026-08-19T17:11:32.104Z] },
[2026-08-19T17:11:32.104Z] {
[2026-08-19T17:11:32.104Z] id: '4ec39e04-b451-4c7a-845d-571dc624e600',
[2026-08-19T17:11:32.104Z] user_id: '57fc7b0a-5ba0-42fb-ad0c-f15ee32c6df3',
[2026-08-19T17:11:32.104Z] name: 'Conteúdos',
[2026-08-19T17:11:32.104Z] color: '#00d13f',
[2026-08-19T17:11:32.104Z] duration_minutes: 27,
[2026-08-19T17:11:32.104Z] created_at: '2026-01-19T22:01:03.486292+00:00'
[2026-08-19T17:11:32.104Z] }
[2026-08-19T17:11:32.104Z] ]
[2026-08-19T17:11:32.105Z] }
[2026-08-19T17:11:32.105Z] [API /pomodoro/get-settings] Settings response: {
[2026-08-19T17:11:32.105Z] data: {
[2026-08-19T17:11:32.105Z] id: '6729871f-4efa-4304-a753-1f7dd1859400',
[2026-08-19T17:11:32.105Z] user_id: '57fc7b0a-5ba0-42fb-ad0c-f15ee32c6df3',
[2026-08-19T17:11:32.105Z] short_break_minutes: 5,
[2026-08-19T17:11:32.105Z] long_break_minutes: 15,
[2026-08-19T17:11:32.105Z] cycles_until_long_break: 4,
[2026-08-19T17:11:32.105Z] updated_at: '2026-01-31T22:04:42.725+00:00'
[2026-08-19T17:11:32.105Z] },
[2026-08-19T17:11:32.105Z] error: undefined
[2026-08-19T17:11:32.105Z] }
[2026-08-19T17:11:32.105Z] [API /pomodoro/get-settings] Sessions response: { count: 19, error: undefined }
[2026-08-19T17:11:32.105Z] [API /pomodoro/get-settings] Returning settings with 19 sessions
[2026-08-19T17:11:32.105Z] GET /api/pomodoro/get-settings 200 in 510ms
[2026-08-19T17:11:52.870Z] [API /pomodoro/get-settings] Starting request...
[2026-08-19T17:11:53.020Z] [API /pomodoro/get-settings] User authenticated: 57fc7b0a-5ba0-42fb-ad0c-f15ee32c6df3
[2026-08-19T17:11:53.150Z] [API /pomodoro/get-settings] Categories response: {
[2026-08-19T17:11:53.150Z] count: 3,
[2026-08-19T17:11:53.150Z] error: undefined,
[2026-08-19T17:11:53.150Z] data: [
[2026-08-19T17:11:53.150Z] {
[2026-08-19T17:11:53.150Z] id: '67040b77-248a-420d-8be2-5c5eca65ca8f',
[2026-08-19T17:11:53.150Z] user_id: '57fc7b0a-5ba0-42fb-ad0c-f15ee32c6df3',
[2026-08-19T17:11:53.150Z] name: 'Produzindo',
[2026-08-19T17:11:53.150Z] color: '#ff6600',
[2026-08-19T17:11:53.150Z] duration_minutes: 57,
[2026-08-19T17:11:53.150Z] created_at: '2026-01-19T22:01:03.082007+00:00'
[2026-08-19T17:11:53.150Z] },
[2026-08-19T17:11:53.150Z] {
[2026-08-19T17:11:53.150Z] id: '5e6728b1-cde5-4c8b-a296-116604eadee0',
[2026-08-19T17:11:53.150Z] user_id: '57fc7b0a-5ba0-42fb-ad0c-f15ee32c6df3',
[2026-08-19T17:11:53.150Z] name: 'Estudando',
[2026-08-19T17:11:53.150Z] color: '#002aff',
[2026-08-19T17:11:53.150Z] duration_minutes: 30,
[2026-08-19T17:11:53.150Z] created_at: '2026-01-19T22:01:03.284823+00:00'
[2026-08-19T17:11:53.150Z] },
[2026-08-19T17:11:53.150Z] {
[2026-08-19T17:11:53.150Z] id: '4ec39e04-b451-4c7a-845d-571dc624e600',
[2026-08-19T17:11:53.150Z] user_id: '57fc7b0a-5ba0-42fb-ad0c-f15ee32c6df3',
[2026-08-19T17:11:53.150Z] name: 'Conteúdos',
[2026-08-19T17:11:53.150Z] color: '#00d13f',
[2026-08-19T17:11:53.150Z] duration_minutes: 27,
[2026-08-19T17:11:53.150Z] created_at: '2026-01-19T22:01:03.486292+00:00'
[2026-08-19T17:11:53.150Z] }
[2026-08-19T17:11:53.150Z] ]
[2026-08-19T17:11:53.150Z] }
[2026-08-19T17:11:53.150Z] [API /pomodoro/get-settings] Settings response: {
[2026-08-19T17:11:53.150Z] data: {
[2026-08-19T17:11:53.150Z] id: '6729871f-4efa-4304-a753-1f7dd1859400',
[2026-08-19T17:11:53.150Z] user_id: '57fc7b0a-5ba0-42fb-ad0c-f15ee32c6df3',
[2026-08-19T17:11:53.150Z] short_break_minutes: 5,
[2026-08-19T17:11:53.150Z] long_break_minutes: 15,
[2026-08-19T17:11:53.150Z] cycles_until_long_break: 4,
[2026-08-19T17:11:53.150Z] updated_at: '2026-01-31T22:04:42.725+00:00'
[2026-08-19T17:11:53.150Z] },
[2026-08-19T17:11:53.150Z] error: undefined
[2026-08-19T17:11:53.150Z] }
[2026-08-19T17:11:53.150Z] [API /pomodoro/get-settings] Sessions response: { count: 19, error: undefined }
[2026-08-19T17:11:53.150Z] [API /pomodoro/get-settings] Returning settings with 19 sessions
[2026-08-19T17:11:53.151Z] GET /api/pomodoro/get-settings 200 in 518ms
[2026-08-19T17:12:05.233Z] [API /pomodoro/get-settings] Starting request...
[2026-08-19T17:12:05.373Z] [API /pomodoro/get-settings] User authenticated: 57fc7b0a-5ba0-42fb-ad0c-f15ee32c6df3
[2026-08-19T17:12:05.535Z] [API /pomodoro/get-settings] Categories response: {
[2026-08-19T17:12:05.535Z] count: 3,
[2026-08-19T17:12:05.535Z] error: undefined,
[2026-08-19T17:12:05.535Z] data: [
[2026-08-19T17:12:05.535Z] {
[2026-08-19T17:12:05.535Z] id: '67040b77-248a-420d-8be2-5c5eca65ca8f',
[2026-08-19T17:12:05.535Z] user_id: '57fc7b0a-5ba0-42fb-ad0c-f15ee32c6df3',
[2026-08-19T17:12:05.535Z] name: 'Produzindo',
[2026-08-19T17:12:05.535Z] color: '#ff6600',
[2026-08-19T17:12:05.535Z] duration_minutes: 57,
[2026-08-19T17:12:05.535Z] created_at: '2026-01-19T22:01:03.082007+00:00'
[2026-08-19T17:12:05.535Z] },
[2026-08-19T17:12:05.535Z] {
[2026-08-19T17:12:05.535Z] id: '5e6728b1-cde5-4c8b-a296-116604eadee0',
[2026-08-19T17:12:05.535Z] user_id: '57fc7b0a-5ba0-42fb-ad0c-f15ee32c6df3',
[2026-08-19T17:12:05.535Z] name: 'Estudando',
[2026-08-19T17:12:05.535Z] color: '#002aff',
[2026-08-19T17:12:05.535Z] duration_minutes: 30,
[2026-08-19T17:12:05.535Z] created_at: '2026-01-19T22:01:03.284823+00:00'
[2026-08-19T17:12:05.535Z] },
[2026-08-19T17:12:05.535Z] {
[2026-08-19T17:12:05.535Z] id: '4ec39e04-b451-4c7a-845d-571dc624e600',
[2026-08-19T17:12:05.535Z] user_id: '57fc7b0a-5ba0-42fb-ad0c-f15ee32c6df3',
[2026-08-19T17:12:05.535Z] name: 'Conteúdos',
[2026-08-19T17:12:05.535Z] color: '#00d13f',
[2026-08-19T17:12:05.535Z] duration_minutes: 27,
[2026-08-19T17:12:05.535Z] created_at: '2026-01-19T22:01:03.486292+00:00'
[2026-08-19T17:12:05.535Z] }
[2026-08-19T17:12:05.535Z] ]
[2026-08-19T17:12:05.535Z] }
[2026-08-19T17:12:05.535Z] [API /pomodoro/get-settings] Settings response: {
[2026-08-19T17:12:05.535Z] data: {
[2026-08-19T17:12:05.535Z] id: '6729871f-4efa-4304-a753-1f7dd1859400',
[2026-08-19T17:12:05.535Z] user_id: '57fc7b0a-5ba0-42fb-ad0c-f15ee32c6df3',
[2026-08-19T17:12:05.535Z] short_break_minutes: 5,
[2026-08-19T17:12:05.535Z] long_break_minutes: 15,
[2026-08-19T17:12:05.535Z] cycles_until_long_break: 4,
[2026-08-19T17:12:05.535Z] updated_at: '2026-01-31T22:04:42.725+00:00'
[2026-08-19T17:12:05.535Z] },
[2026-08-19T17:12:05.535Z] error: undefined
[2026-08-19T17:12:05.535Z] }
[2026-08-19T17:12:05.535Z] [API /pomodoro/get-settings] Sessions response: { count: 19, error: undefined }
[2026-08-19T17:12:05.535Z] [API /pomodoro/get-settings] Returning settings with 19 sessions
[2026-08-19T17:12:05.536Z] GET /api/pomodoro/get-settings 200 in 541ms
[2026-08-19T17:12:50.109Z] [API /pomodoro/get-settings] Starting request...
[2026-08-19T17:12:50.256Z] [API /pomodoro/get-settings] User authenticated: 57fc7b0a-5ba0-42fb-ad0c-f15ee32c6df3
[2026-08-19T17:12:50.411Z] [API /pomodoro/get-settings] Categories response: {
[2026-08-19T17:12:50.411Z] count: 3,
[2026-08-19T17:12:50.411Z] error: undefined,
[2026-08-19T17:12:50.411Z] data: [
[2026-08-19T17:12:50.411Z] {
[2026-08-19T17:12:50.411Z] id: '67040b77-248a-420d-8be2-5c5eca65ca8f',
[2026-08-19T17:12:50.411Z] user_id: '57fc7b0a-5ba0-42fb-ad0c-f15ee32c6df3',
[2026-08-19T17:12:50.411Z] name: 'Produzindo',
[2026-08-19T17:12:50.411Z] color: '#ff6600',
[2026-08-19T17:12:50.411Z] duration_minutes: 57,
[2026-08-19T17:12:50.411Z] created_at: '2026-01-19T22:01:03.082007+00:00'
[2026-08-19T17:12:50.411Z] },
[2026-08-19T17:12:50.411Z] {
[2026-08-19T17:12:50.411Z] id: '5e6728b1-cde5-4c8b-a296-116604eadee0',
[2026-08-19T17:12:50.411Z] user_id: '57fc7b0a-5ba0-42fb-ad0c-f15ee32c6df3',
[2026-08-19T17:12:50.411Z] name: 'Estudando',
[2026-08-19T17:12:50.411Z] color: '#002aff',
[2026-08-19T17:12:50.411Z] duration_minutes: 30,
[2026-08-19T17:12:50.412Z] created_at: '2026-01-19T22:01:03.284823+00:00'
[2026-08-19T17:12:50.412Z] },
[2026-08-19T17:12:50.412Z] {
[2026-08-19T17:12:50.412Z] id: '4ec39e04-b451-4c7a-845d-571dc624e600',
[2026-08-19T17:12:50.412Z] user_id: '57fc7b0a-5ba0-42fb-ad0c-f15ee32c6df3',
[2026-08-19T17:12:50.412Z] name: 'Conteúdos',
[2026-08-19T17:12:50.412Z] color: '#00d13f',
[2026-08-19T17:12:50.412Z] duration_minutes: 27,
[2026-08-19T17:12:50.412Z] created_at: '2026-01-19T22:01:03.486292+00:00'
[2026-08-19T17:12:50.412Z] }
[2026-08-19T17:12:50.412Z] ]
[2026-08-19T17:12:50.412Z] }
[2026-08-19T17:12:50.412Z] [API /pomodoro/get-settings] Settings response: {
[2026-08-19T17:12:50.412Z] data: {
[2026-08-19T17:12:50.412Z] id: '6729871f-4efa-4304-a753-1f7dd1859400',
[2026-08-19T17:12:50.412Z] user_id: '57fc7b0a-5ba0-42fb-ad0c-f15ee32c6df3',
[2026-08-19T17:12:50.412Z] short_break_minutes: 5,
[2026-08-19T17:12:50.412Z] long_break_minutes: 15,
[2026-08-19T17:12:50.412Z] cycles_until_long_break: 4,
[2026-08-19T17:12:50.412Z] updated_at: '2026-01-31T22:04:42.725+00:00'
[2026-08-19T17:12:50.412Z] },
[2026-08-19T17:12:50.412Z] error: undefined
[2026-08-19T17:12:50.412Z] }
[2026-08-19T17:12:50.412Z] [API /pomodoro/get-settings] Sessions response: { count: 19, error: undefined }
[2026-08-19T17:12:50.412Z] [API /pomodoro/get-settings] Returning settings with 19 sessions
[2026-08-19T17:12:50.413Z] GET /api/pomodoro/get-settings 200 in 545ms
[2026-08-19T17:13:50.231Z] [API /pomodoro/get-settings] Starting request...
[2026-08-19T17:13:50.385Z] [API /pomodoro/get-settings] User authenticated: 57fc7b0a-5ba0-42fb-ad0c-f15ee32c6df3
[2026-08-19T17:13:50.545Z] [API /pomodoro/get-settings] Categories response: {
[2026-08-19T17:13:50.545Z] count: 3,
[2026-08-19T17:13:50.545Z] error: undefined,
[2026-08-19T17:13:50.545Z] data: [
[2026-08-19T17:13:50.545Z] {
[2026-08-19T17:13:50.545Z] id: '67040b77-248a-420d-8be2-5c5eca65ca8f',
[2026-08-19T17:13:50.545Z] user_id: '57fc7b0a-5ba0-42fb-ad0c-f15ee32c6df3',
[2026-08-19T17:13:50.545Z] name: 'Produzindo',
[2026-08-19T17:13:50.545Z] color: '#ff6600',
[2026-08-19T17:13:50.545Z] duration_minutes: 57,
[2026-08-19T17:13:50.545Z] created_at: '2026-01-19T22:01:03.082007+00:00'
[2026-08-19T17:13:50.545Z] },
[2026-08-19T17:13:50.545Z] {
[2026-08-19T17:13:50.545Z] id: '5e6728b1-cde5-4c8b-a296-116604eadee0',
[2026-08-19T17:13:50.545Z] user_id: '57fc7b0a-5ba0-42fb-ad0c-f15ee32c6df3',
[2026-08-19T17:13:50.545Z] name: 'Estudando',
[2026-08-19T17:13:50.545Z] color: '#002aff',
[2026-08-19T17:13:50.545Z] duration_minutes: 30,
[2026-08-19T17:13:50.545Z] created_at: '2026-01-19T22:01:03.284823+00:00'
[2026-08-19T17:13:50.545Z] },
[2026-08-19T17:13:50.545Z] {
[2026-08-19T17:13:50.545Z] id: '4ec39e04-b451-4c7a-845d-571dc624e600',
[2026-08-19T17:13:50.545Z] user_id: '57fc7b0a-5ba0-42fb-ad0c-f15ee32c6df3',
[2026-08-19T17:13:50.545Z] name: 'Conteúdos',
[2026-08-19T17:13:50.545Z] color: '#00d13f',
[2026-08-19T17:13:50.545Z] duration_minutes: 27,
[2026-08-19T17:13:50.545Z] created_at: '2026-01-19T22:01:03.486292+00:00'
[2026-08-19T17:13:50.545Z] }
[2026-08-19T17:13:50.545Z] ]
[2026-08-19T17:13:50.545Z] }
[2026-08-19T17:13:50.545Z] [API /pomodoro/get-settings] Settings response: {
[2026-08-19T17:13:50.545Z] data: {
[2026-08-19T17:13:50.545Z] id: '6729871f-4efa-4304-a753-1f7dd1859400',
[2026-08-19T17:13:50.545Z] user_id: '57fc7b0a-5ba0-42fb-ad0c-f15ee32c6df3',
[2026-08-19T17:13:50.545Z] short_break_minutes: 5,
[2026-08-19T17:13:50.545Z] long_break_minutes: 15,
[2026-08-19T17:13:50.545Z] cycles_until_long_break: 4,
[2026-08-19T17:13:50.545Z] updated_at: '2026-01-31T22:04:42.725+00:00'
[2026-08-19T17:13:50.545Z] },
[2026-08-19T17:13:50.545Z] error: undefined
[2026-08-19T17:13:50.545Z] }
[2026-08-19T17:13:50.545Z] [API /pomodoro/get-settings] Sessions response: { count: 19, error: undefined }
[2026-08-19T17:13:50.545Z] [API /pomodoro/get-settings] Returning settings with 19 sessions
[2026-08-19T17:13:50.546Z] GET /api/pomodoro/get-settings 200 in 554ms
[2026-08-19T17:13:52.253Z] [API /pomodoro/get-settings] Starting request...
[2026-08-19T17:13:52.312Z] [API /pomodoro/get-settings] User authenticated: 57fc7b0a-5ba0-42fb-ad0c-f15ee32c6df3
[2026-08-19T17:13:52.380Z] [API /pomodoro/get-settings] Categories response: {
[2026-08-19T17:13:52.380Z] count: 3,
[2026-08-19T17:13:52.380Z] error: undefined,
[2026-08-19T17:13:52.380Z] data: [
[2026-08-19T17:13:52.380Z] {
[2026-08-19T17:13:52.380Z] id: '67040b77-248a-420d-8be2-5c5eca65ca8f',
[2026-08-19T17:13:52.380Z] user_id: '57fc7b0a-5ba0-42fb-ad0c-f15ee32c6df3',
[2026-08-19T17:13:52.380Z] name: 'Produzindo',
[2026-08-19T17:13:52.380Z] color: '#ff6600',
[2026-08-19T17:13:52.380Z] duration_minutes: 57,
[2026-08-19T17:13:52.380Z] created_at: '2026-01-19T22:01:03.082007+00:00'
[2026-08-19T17:13:52.380Z] },
[2026-08-19T17:13:52.380Z] {
[2026-08-19T17:13:52.380Z] id: '5e6728b1-cde5-4c8b-a296-116604eadee0',
[2026-08-19T17:13:52.380Z] user_id: '57fc7b0a-5ba0-42fb-ad0c-f15ee32c6df3',
[2026-08-19T17:13:52.380Z] name: 'Estudando',
[2026-08-19T17:13:52.380Z] color: '#002aff',
[2026-08-19T17:13:52.380Z] duration_minutes: 30,
[2026-08-19T17:13:52.380Z] created_at: '2026-01-19T22:01:03.284823+00:00'
[2026-08-19T17:13:52.380Z] },
[2026-08-19T17:13:52.380Z] {
[2026-08-19T17:13:52.380Z] id: '4ec39e04-b451-4c7a-845d-571dc624e600',
[2026-08-19T17:13:52.380Z] user_id: '57fc7b0a-5ba0-42fb-ad0c-f15ee32c6df3',
[2026-08-19T17:13:52.380Z] name: 'Conteúdos',
[2026-08-19T17:13:52.380Z] color: '#00d13f',
[2026-08-19T17:13:52.380Z] duration_minutes: 27,
[2026-08-19T17:13:52.380Z] created_at: '2026-01-19T22:01:03.486292+00:00'
[2026-08-19T17:13:52.380Z] }
[2026-08-19T17:13:52.380Z] ]
[2026-08-19T17:13:52.380Z] }
[2026-08-19T17:13:52.380Z] [API /pomodoro/get-settings] Settings response: {
[2026-08-19T17:13:52.380Z] data: {
[2026-08-19T17:13:52.380Z] id: '6729871f-4efa-4304-a753-1f7dd1859400',
[2026-08-19T17:13:52.380Z] user_id: '57fc7b0a-5ba0-42fb-ad0c-f15ee32c6df3',
[2026-08-19T17:13:52.380Z] short_break_minutes: 5,
[2026-08-19T17:13:52.380Z] long_break_minutes: 15,
[2026-08-19T17:13:52.380Z] cycles_until_long_break: 4,
[2026-08-19T17:13:52.380Z] updated_at: '2026-01-31T22:04:42.725+00:00'
[2026-08-19T17:13:52.380Z] },
[2026-08-19T17:13:52.380Z] error: undefined
[2026-08-19T17:13:52.380Z] }
[2026-08-19T17:13:52.380Z] [API /pomodoro/get-settings] Sessions response: { count: 19, error: undefined }
[2026-08-19T17:13:52.380Z] [API /pomodoro/get-settings] Returning settings with 19 sessions
[2026-08-19T17:13:52.381Z] GET /api/pomodoro/get-settings 200 in 362ms
[2026-08-19T17:14:27.895Z] [API /pomodoro/get-settings] Starting request...
[2026-08-19T17:14:28.168Z] [API /pomodoro/get-settings] User authenticated: 57fc7b0a-5ba0-42fb-ad0c-f15ee32c6df3
[2026-08-19T17:14:28.368Z] [API /pomodoro/get-settings] Categories response: {
[2026-08-19T17:14:28.368Z] count: 3,
[2026-08-19T17:14:28.368Z] error: undefined,
[2026-08-19T17:14:28.368Z] data: [
[2026-08-19T17:14:28.368Z] {
[2026-08-19T17:14:28.368Z] id: '67040b77-248a-420d-8be2-5c5eca65ca8f',
[2026-08-19T17:14:28.368Z] user_id: '57fc7b0a-5ba0-42fb-ad0c-f15ee32c6df3',
[2026-08-19T17:14:28.368Z] name: 'Produzindo',
[2026-08-19T17:14:28.368Z] color: '#ff6600',
[2026-08-19T17:14:28.368Z] duration_minutes: 57,
[2026-08-19T17:14:28.368Z] created_at: '2026-01-19T22:01:03.082007+00:00'
[2026-08-19T17:14:28.368Z] },
[2026-08-19T17:14:28.368Z] {
[2026-08-19T17:14:28.368Z] id: '5e6728b1-cde5-4c8b-a296-116604eadee0',
[2026-08-19T17:14:28.368Z] user_id: '57fc7b0a-5ba0-42fb-ad0c-f15ee32c6df3',
[2026-08-19T17:14:28.368Z] name: 'Estudando',
[2026-08-19T17:14:28.368Z] color: '#002aff',
[2026-08-19T17:14:28.368Z] duration_minutes: 30,
[2026-08-19T17:14:28.368Z] created_at: '2026-01-19T22:01:03.284823+00:00'
[2026-08-19T17:14:28.368Z] },
[2026-08-19T17:14:28.368Z] {
[2026-08-19T17:14:28.369Z] id: '4ec39e04-b451-4c7a-845d-571dc624e600',
[2026-08-19T17:14:28.369Z] user_id: '57fc7b0a-5ba0-42fb-ad0c-f15ee32c6df3',
[2026-08-19T17:14:28.369Z] name: 'Conteúdos',
[2026-08-19T17:14:28.369Z] color: '#00d13f',
[2026-08-19T17:14:28.369Z] duration_minutes: 27,
[2026-08-19T17:14:28.369Z] created_at: '2026-01-19T22:01:03.486292+00:00'
[2026-08-19T17:14:28.369Z] }
[2026-08-19T17:14:28.369Z] ]
[2026-08-19T17:14:28.369Z] }
[2026-08-19T17:14:28.369Z] [API /pomodoro/get-settings] Settings response: {
[2026-08-19T17:14:28.369Z] data: {
[2026-08-19T17:14:28.369Z] id: '6729871f-4efa-4304-a753-1f7dd1859400',
[2026-08-19T17:14:28.369Z] user_id: '57fc7b0a-5ba0-42fb-ad0c-f15ee32c6df3',
[2026-08-19T17:14:28.369Z] short_break_minutes: 5,
[2026-08-19T17:14:28.369Z] long_break_minutes: 15,
[2026-08-19T17:14:28.369Z] cycles_until_long_break: 4,
[2026-08-19T17:14:28.369Z] updated_at: '2026-01-31T22:04:42.725+00:00'
[2026-08-19T17:14:28.369Z] },
[2026-08-19T17:14:28.369Z] error: undefined
[2026-08-19T17:14:28.369Z] }
[2026-08-19T17:14:28.369Z] [API /pomodoro/get-settings] Sessions response: { count: 19, error: undefined }
[2026-08-19T17:14:28.369Z] [API /pomodoro/get-settings] Returning settings with 19 sessions
[2026-08-19T17:14:28.370Z] GET /api/pomodoro/get-settings 200 in 717ms
[2026-08-19T17:15:28.294Z] [API /pomodoro/get-settings] Starting request...
[2026-08-19T17:15:28.568Z] [API /pomodoro/get-settings] User authenticated: 57fc7b0a-5ba0-42fb-ad0c-f15ee32c6df3
[2026-08-19T17:15:28.732Z] [API /pomodoro/get-settings] Categories response: {
[2026-08-19T17:15:28.732Z] count: 3,
[2026-08-19T17:15:28.732Z] error: undefined,
[2026-08-19T17:15:28.732Z] data: [
[2026-08-19T17:15:28.732Z] {
[2026-08-19T17:15:28.732Z] id: '67040b77-248a-420d-8be2-5c5eca65ca8f',
[2026-08-19T17:15:28.732Z] user_id: '57fc7b0a-5ba0-42fb-ad0c-f15ee32c6df3',
[2026-08-19T17:15:28.732Z] name: 'Produzindo',
[2026-08-19T17:15:28.732Z] color: '#ff6600',
[2026-08-19T17:15:28.732Z] duration_minutes: 57,
[2026-08-19T17:15:28.732Z] created_at: '2026-01-19T22:01:03.082007+00:00'
[2026-08-19T17:15:28.732Z] },
[2026-08-19T17:15:28.732Z] {
[2026-08-19T17:15:28.732Z] id: '5e6728b1-cde5-4c8b-a296-116604eadee0',
[2026-08-19T17:15:28.732Z] user_id: '57fc7b0a-5ba0-42fb-ad0c-f15ee32c6df3',
[2026-08-19T17:15:28.732Z] name: 'Estudando',
[2026-08-19T17:15:28.732Z] color: '#002aff',
[2026-08-19T17:15:28.732Z] duration_minutes: 30,
[2026-08-19T17:15:28.732Z] created_at: '2026-01-19T22:01:03.284823+00:00'
[2026-08-19T17:15:28.732Z] },
[2026-08-19T17:15:28.732Z] {
[2026-08-19T17:15:28.732Z] id: '4ec39e04-b451-4c7a-845d-571dc624e600',
[2026-08-19T17:15:28.732Z] user_id: '57fc7b0a-5ba0-42fb-ad0c-f15ee32c6df3',
[2026-08-19T17:15:28.732Z] name: 'Conteúdos',
[2026-08-19T17:15:28.732Z] color: '#00d13f',
[2026-08-19T17:15:28.732Z] duration_minutes: 27,
[2026-08-19T17:15:28.732Z] created_at: '2026-01-19T22:01:03.486292+00:00'
[2026-08-19T17:15:28.732Z] }
[2026-08-19T17:15:28.732Z] ]
[2026-08-19T17:15:28.732Z] }
[2026-08-19T17:15:28.732Z] [API /pomodoro/get-settings] Settings response: {
[2026-08-19T17:15:28.732Z] data: {
[2026-08-19T17:15:28.732Z] id: '6729871f-4efa-4304-a753-1f7dd1859400',
[2026-08-19T17:15:28.732Z] user_id: '57fc7b0a-5ba0-42fb-ad0c-f15ee32c6df3',
[2026-08-19T17:15:28.732Z] short_break_minutes: 5,
[2026-08-19T17:15:28.732Z] long_break_minutes: 15,
[2026-08-19T17:15:28.732Z] cycles_until_long_break: 4,
[2026-08-19T17:15:28.732Z] updated_at: '2026-01-31T22:04:42.725+00:00'
[2026-08-19T17:15:28.732Z] },
[2026-08-19T17:15:28.732Z] error: undefined
[2026-08-19T17:15:28.732Z] }
[2026-08-19T17:15:28.732Z] [API /pomodoro/get-settings] Sessions response: { count: 19, error: undefined }
[2026-08-19T17:15:28.732Z] [API /pomodoro/get-settings] Returning settings with 19 sessions
[2026-08-19T17:15:28.733Z] GET /api/pomodoro/get-settings 200 in 675ms
[2026-08-19T17:16:28.240Z] [API /pomodoro/get-settings] Starting request...
[2026-08-19T17:16:28.427Z] [API /pomodoro/get-settings] User authenticated: 57fc7b0a-5ba0-42fb-ad0c-f15ee32c6df3
[2026-08-19T17:16:28.576Z] [API /pomodoro/get-settings] Categories response: {
[2026-08-19T17:16:28.576Z] count: 3,
[2026-08-19T17:16:28.576Z] error: undefined,
[2026-08-19T17:16:28.576Z] data: [
[2026-08-19T17:16:28.576Z] {
[2026-08-19T17:16:28.576Z] id: '67040b77-248a-420d-8be2-5c5eca65ca8f',
[2026-08-19T17:16:28.576Z] user_id: '57fc7b0a-5ba0-42fb-ad0c-f15ee32c6df3',
[2026-08-19T17:16:28.576Z] name: 'Produzindo',
[2026-08-19T17:16:28.576Z] color: '#ff6600',
[2026-08-19T17:16:28.576Z] duration_minutes: 57,
[2026-08-19T17:16:28.576Z] created_at: '2026-01-19T22:01:03.082007+00:00'
[2026-08-19T17:16:28.576Z] },
[2026-08-19T17:16:28.576Z] {
[2026-08-19T17:16:28.576Z] id: '5e6728b1-cde5-4c8b-a296-116604eadee0',
[2026-08-19T17:16:28.576Z] user_id: '57fc7b0a-5ba0-42fb-ad0c-f15ee32c6df3',
[2026-08-19T17:16:28.576Z] name: 'Estudando',
[2026-08-19T17:16:28.576Z] color: '#002aff',
[2026-08-19T17:16:28.576Z] duration_minutes: 30,
[2026-08-19T17:16:28.576Z] created_at: '2026-01-19T22:01:03.284823+00:00'
[2026-08-19T17:16:28.576Z] },
[2026-08-19T17:16:28.576Z] {
[2026-08-19T17:16:28.576Z] id: '4ec39e04-b451-4c7a-845d-571dc624e600',
[2026-08-19T17:16:28.576Z] user_id: '57fc7b0a-5ba0-42fb-ad0c-f15ee32c6df3',
[2026-08-19T17:16:28.576Z] name: 'Conteúdos',
[2026-08-19T17:16:28.576Z] color: '#00d13f',
[2026-08-19T17:16:28.576Z] duration_minutes: 27,
[2026-08-19T17:16:28.576Z] created_at: '2026-01-19T22:01:03.486292+00:00'
[2026-08-19T17:16:28.576Z] }
[2026-08-19T17:16:28.576Z] ]
[2026-08-19T17:16:28.576Z] }
[2026-08-19T17:16:28.576Z] [API /pomodoro/get-settings] Settings response: {
[2026-08-19T17:16:28.576Z] data: {
[2026-08-19T17:16:28.576Z] id: '6729871f-4efa-4304-a753-1f7dd1859400',
[2026-08-19T17:16:28.576Z] user_id: '57fc7b0a-5ba0-42fb-ad0c-f15ee32c6df3',
[2026-08-19T17:16:28.576Z] short_break_minutes: 5,
[2026-08-19T17:16:28.576Z] long_break_minutes: 15,
[2026-08-19T17:16:28.576Z] cycles_until_long_break: 4,
[2026-08-19T17:16:28.576Z] updated_at: '2026-01-31T22:04:42.725+00:00'
[2026-08-19T17:16:28.576Z] },
[2026-08-19T17:16:28.576Z] error: undefined
[2026-08-19T17:16:28.576Z] }
[2026-08-19T17:16:28.576Z] [API /pomodoro/get-settings] Sessions response: { count: 19, error: undefined }
[2026-08-19T17:16:28.576Z] [API /pomodoro/get-settings] Returning settings with 19 sessions
[2026-08-19T17:16:28.577Z] GET /api/pomodoro/get-settings 200 in 578ms
[2026-08-19T17:16:44.579Z] [PomodoroTimer] Initial categoryDurations from settings: { produtividade: 25, estudos: 50, descanso: 15 }
[2026-08-19T17:16:44.626Z] GET /?from_webdev=1 200 in 182ms
[2026-08-19T17:16:46.179Z] [PomodoroTimer] Initial categoryDurations from settings: { produtividade: 25, estudos: 50, descanso: 15 }
[2026-08-19T17:16:46.214Z] HEAD / 200 in 129ms
[2026-08-19T17:16:46.783Z] [PomodoroTimer] Initial categoryDurations from settings: { produtividade: 25, estudos: 50, descanso: 15 }
[2026-08-19T17:16:46.830Z] GET /?from_webdev=1 200 in 134ms
[2026-08-19T17:17:28.250Z] [API /pomodoro/get-settings] Starting request...
[2026-08-19T17:17:28.420Z] [API /pomodoro/get-settings] User authenticated: 57fc7b0a-5ba0-42fb-ad0c-f15ee32c6df3
[2026-08-19T17:17:28.564Z] [API /pomodoro/get-settings] Categories response: {
[2026-08-19T17:17:28.564Z] count: 3,
[2026-08-19T17:17:28.564Z] error: undefined,
[2026-08-19T17:17:28.564Z] data: [
[2026-08-19T17:17:28.564Z] {
[2026-08-19T17:17:28.564Z] id: '67040b77-248a-420d-8be2-5c5eca65ca8f',
[2026-08-19T17:17:28.564Z] user_id: '57fc7b0a-5ba0-42fb-ad0c-f15ee32c6df3',
[2026-08-19T17:17:28.564Z] name: 'Produzindo',
[2026-08-19T17:17:28.564Z] color: '#ff6600',
[2026-08-19T17:17:28.564Z] duration_minutes: 57,
[2026-08-19T17:17:28.564Z] created_at: '2026-01-19T22:01:03.082007+00:00'
[2026-08-19T17:17:28.564Z] },
[2026-08-19T17:17:28.564Z] {
[2026-08-19T17:17:28.564Z] id: '5e6728b1-cde5-4c8b-a296-116604eadee0',
[2026-08-19T17:17:28.564Z] user_id: '57fc7b0a-5ba0-42fb-ad0c-f15ee32c6df3',
[2026-08-19T17:17:28.564Z] name: 'Estudando',
[2026-08-19T17:17:28.564Z] color: '#002aff',
[2026-08-19T17:17:28.564Z] duration_minutes: 30,
[2026-08-19T17:17:28.564Z] created_at: '2026-01-19T22:01:03.284823+00:00'
[2026-08-19T17:17:28.564Z] },
[2026-08-19T17:17:28.564Z] {
[2026-08-19T17:17:28.564Z] id: '4ec39e04-b451-4c7a-845d-571dc624e600',
[2026-08-19T17:17:28.564Z] user_id: '57fc7b0a-5ba0-42fb-ad0c-f15ee32c6df3',
[2026-08-19T17:17:28.564Z] name: 'Conteúdos',
[2026-08-19T17:17:28.564Z] color: '#00d13f',
[2026-08-19T17:17:28.564Z] duration_minutes: 27,
[2026-08-19T17:17:28.564Z] created_at: '2026-01-19T22:01:03.486292+00:00'
[2026-08-19T17:17:28.564Z] }
[2026-08-19T17:17:28.564Z] ]
[2026-08-19T17:17:28.564Z] }
[2026-08-19T17:17:28.564Z] [API /pomodoro/get-settings] Settings response: {
[2026-08-19T17:17:28.564Z] data: {
[2026-08-19T17:17:28.564Z] id: '6729871f-4efa-4304-a753-1f7dd1859400',
[2026-08-19T17:17:28.564Z] user_id: '57fc7b0a-5ba0-42fb-ad0c-f15ee32c6df3',
[2026-08-19T17:17:28.564Z] short_break_minutes: 5,
[2026-08-19T17:17:28.564Z] long_break_minutes: 15,
[2026-08-19T17:17:28.564Z] cycles_until_long_break: 4,
[2026-08-19T17:17:28.564Z] updated_at: '2026-01-31T22:04:42.725+00:00'
[2026-08-19T17:17:28.565Z] },
[2026-08-19T17:17:28.565Z] error: undefined
[2026-08-19T17:17:28.565Z] }
[2026-08-19T17:17:28.565Z] [API /pomodoro/get-settings] Sessions response: { count: 19, error: undefined }
[2026-08-19T17:17:28.565Z] [API /pomodoro/get-settings] Returning settings with 19 sessions
[2026-08-19T17:17:28.566Z] GET /api/pomodoro/get-settings 200 in 563ms
[2026-08-19T17:18:09.494Z] [API /pomodoro/get-settings] Starting request...
[2026-08-19T17:18:09.636Z] [API /pomodoro/get-settings] User authenticated: 57fc7b0a-5ba0-42fb-ad0c-f15ee32c6df3
[2026-08-19T17:18:09.847Z] [API /pomodoro/get-settings] Categories response: {
[2026-08-19T17:18:09.847Z] count: 3,
[2026-08-19T17:18:09.847Z] error: undefined,
[2026-08-19T17:18:09.847Z] data: [
[2026-08-19T17:18:09.847Z] {
[2026-08-19T17:18:09.847Z] id: '67040b77-248a-420d-8be2-5c5eca65ca8f',
[2026-08-19T17:18:09.847Z] user_id: '57fc7b0a-5ba0-42fb-ad0c-f15ee32c6df3',
[2026-08-19T17:18:09.847Z] name: 'Produzindo',
[2026-08-19T17:18:09.847Z] color: '#ff6600',
[2026-08-19T17:18:09.847Z] duration_minutes: 57,
[2026-08-19T17:18:09.847Z] created_at: '2026-01-19T22:01:03.082007+00:00'
[2026-08-19T17:18:09.847Z] },
[2026-08-19T17:18:09.847Z] {
[2026-08-19T17:18:09.847Z] id: '5e6728b1-cde5-4c8b-a296-116604eadee0',
[2026-08-19T17:18:09.847Z] user_id: '57fc7b0a-5ba0-42fb-ad0c-f15ee32c6df3',
[2026-08-19T17:18:09.847Z] name: 'Estudando',
[2026-08-19T17:18:09.847Z] color: '#002aff',
[2026-08-19T17:18:09.847Z] duration_minutes: 30,
[2026-08-19T17:18:09.847Z] created_at: '2026-01-19T22:01:03.284823+00:00'
[2026-08-19T17:18:09.847Z] },
[2026-08-19T17:18:09.847Z] {
[2026-08-19T17:18:09.847Z] id: '4ec39e04-b451-4c7a-845d-571dc624e600',
[2026-08-19T17:18:09.847Z] user_id: '57fc7b0a-5ba0-42fb-ad0c-f15ee32c6df3',
[2026-08-19T17:18:09.847Z] name: 'Conteúdos',
[2026-08-19T17:18:09.847Z] color: '#00d13f',
[2026-08-19T17:18:09.847Z] duration_minutes: 27,
[2026-08-19T17:18:09.847Z] created_at: '2026-01-19T22:01:03.486292+00:00'
[2026-08-19T17:18:09.847Z] }
[2026-08-19T17:18:09.847Z] ]
[2026-08-19T17:18:09.847Z] }
[2026-08-19T17:18:09.847Z] [API /pomodoro/get-settings] Settings response: {
[2026-08-19T17:18:09.847Z] data: {
[2026-08-19T17:18:09.847Z] id: '6729871f-4efa-4304-a753-1f7dd1859400',
[2026-08-19T17:18:09.847Z] user_id: '57fc7b0a-5ba0-42fb-ad0c-f15ee32c6df3',
[2026-08-19T17:18:09.847Z] short_break_minutes: 5,
[2026-08-19T17:18:09.847Z] long_break_minutes: 15,
[2026-08-19T17:18:09.847Z] cycles_until_long_break: 4,
[2026-08-19T17:18:09.847Z] updated_at: '2026-01-31T22:04:42.725+00:00'
[2026-08-19T17:18:09.847Z] },
[2026-08-19T17:18:09.847Z] error: undefined
[2026-08-19T17:18:09.847Z] }
[2026-08-19T17:18:09.847Z] [API /pomodoro/get-settings] Sessions response: { count: 19, error: undefined }
[2026-08-19T17:18:09.847Z] [API /pomodoro/get-settings] Returning settings with 19 sessions
[2026-08-19T17:18:09.848Z] GET /api/pomodoro/get-settings 200 in 597ms
[2026-08-19T17:19:10.236Z] [API /pomodoro/get-settings] Starting request...
[2026-08-19T17:19:10.522Z] [API /pomodoro/get-settings] User authenticated: 57fc7b0a-5ba0-42fb-ad0c-f15ee32c6df3
[2026-08-19T17:19:10.677Z] [API /pomodoro/get-settings] Categories response: {
[2026-08-19T17:19:10.677Z] count: 3,
[2026-08-19T17:19:10.677Z] error: undefined,
[2026-08-19T17:19:10.677Z] data: [
[2026-08-19T17:19:10.677Z] {
[2026-08-19T17:19:10.677Z] id: '67040b77-248a-420d-8be2-5c5eca65ca8f',
[2026-08-19T17:19:10.677Z] user_id: '57fc7b0a-5ba0-42fb-ad0c-f15ee32c6df3',
[2026-08-19T17:19:10.677Z] name: 'Produzindo',
[2026-08-19T17:19:10.677Z] color: '#ff6600',
[2026-08-19T17:19:10.677Z] duration_minutes: 57,
[2026-08-19T17:19:10.677Z] created_at: '2026-01-19T22:01:03.082007+00:00'
[2026-08-19T17:19:10.677Z] },
[2026-08-19T17:19:10.677Z] {
[2026-08-19T17:19:10.677Z] id: '5e6728b1-cde5-4c8b-a296-116604eadee0',
[2026-08-19T17:19:10.677Z] user_id: '57fc7b0a-5ba0-42fb-ad0c-f15ee32c6df3',
[2026-08-19T17:19:10.677Z] name: 'Estudando',
[2026-08-19T17:19:10.677Z] color: '#002aff',
[2026-08-19T17:19:10.677Z] duration_minutes: 30,
[2026-08-19T17:19:10.677Z] created_at: '2026-01-19T22:01:03.284823+00:00'
[2026-08-19T17:19:10.677Z] },
[2026-08-19T17:19:10.677Z] {
[2026-08-19T17:19:10.677Z] id: '4ec39e04-b451-4c7a-845d-571dc624e600',
[2026-08-19T17:19:10.677Z] user_id: '57fc7b0a-5ba0-42fb-ad0c-f15ee32c6df3',
[2026-08-19T17:19:10.677Z] name: 'Conteúdos',
[2026-08-19T17:19:10.677Z] color: '#00d13f',
[2026-08-19T17:19:10.677Z] duration_minutes: 27,
[2026-08-19T17:19:10.677Z] created_at: '2026-01-19T22:01:03.486292+00:00'
[2026-08-19T17:19:10.677Z] }
[2026-08-19T17:19:10.677Z] ]
[2026-08-19T17:19:10.677Z] }
[2026-08-19T17:19:10.677Z] [API /pomodoro/get-settings] Settings response: {
[2026-08-19T17:19:10.677Z] data: {
[2026-08-19T17:19:10.677Z] id: '6729871f-4efa-4304-a753-1f7dd1859400',
[2026-08-19T17:19:10.677Z] user_id: '57fc7b0a-5ba0-42fb-ad0c-f15ee32c6df3',
[2026-08-19T17:19:10.677Z] short_break_minutes: 5,
[2026-08-19T17:19:10.677Z] long_break_minutes: 15,
[2026-08-19T17:19:10.677Z] cycles_until_long_break: 4,
[2026-08-19T17:19:10.677Z] updated_at: '2026-01-31T22:04:42.725+00:00'
[2026-08-19T17:19:10.677Z] },
[2026-08-19T17:19:10.677Z] error: undefined
[2026-08-19T17:19:10.677Z] }
[2026-08-19T17:19:10.677Z] [API /pomodoro/get-settings] Sessions response: { count: 19, error: undefined }
[2026-08-19T17:19:10.677Z] [API /pomodoro/get-settings] Returning settings with 19 sessions
[2026-08-19T17:19:10.678Z] GET /api/pomodoro/get-settings 200 in 687ms
[2026-08-19T17:20:10.237Z] [API /pomodoro/get-settings] Starting request...
[2026-08-19T17:20:10.429Z] [API /pomodoro/get-settings] User authenticated: 57fc7b0a-5ba0-42fb-ad0c-f15ee32c6df3
[2026-08-19T17:20:11.033Z] [API /pomodoro/get-settings] Categories response: {
[2026-08-19T17:20:11.033Z] count: 3,
[2026-08-19T17:20:11.033Z] error: undefined,
[2026-08-19T17:20:11.033Z] data: [
[2026-08-19T17:20:11.033Z] {
[2026-08-19T17:20:11.033Z] id: '67040b77-248a-420d-8be2-5c5eca65ca8f',
[2026-08-19T17:20:11.033Z] user_id: '57fc7b0a-5ba0-42fb-ad0c-f15ee32c6df3',
[2026-08-19T17:20:11.033Z] name: 'Produzindo',
[2026-08-19T17:20:11.033Z] color: '#ff6600',
[2026-08-19T17:20:11.033Z] duration_minutes: 57,
[2026-08-19T17:20:11.033Z] created_at: '2026-01-19T22:01:03.082007+00:00'
[2026-08-19T17:20:11.033Z] },
[2026-08-19T17:20:11.033Z] {
[2026-08-19T17:20:11.033Z] id: '5e6728b1-cde5-4c8b-a296-116604eadee0',
[2026-08-19T17:20:11.033Z] user_id: '57fc7b0a-5ba0-42fb-ad0c-f15ee32c6df3',
[2026-08-19T17:20:11.033Z] name: 'Estudando',
[2026-08-19T17:20:11.033Z] color: '#002aff',
[2026-08-19T17:20:11.033Z] duration_minutes: 30,
[2026-08-19T17:20:11.033Z] created_at: '2026-01-19T22:01:03.284823+00:00'
[2026-08-19T17:20:11.033Z] },
[2026-08-19T17:20:11.033Z] {
[2026-08-19T17:20:11.033Z] id: '4ec39e04-b451-4c7a-845d-571dc624e600',
[2026-08-19T17:20:11.033Z] user_id: '57fc7b0a-5ba0-42fb-ad0c-f15ee32c6df3',
[2026-08-19T17:20:11.033Z] name: 'Conteúdos',
[2026-08-19T17:20:11.033Z] color: '#00d13f',
[2026-08-19T17:20:11.033Z] duration_minutes: 27,
[2026-08-19T17:20:11.033Z] created_at: '2026-01-19T22:01:03.486292+00:00'
[2026-08-19T17:20:11.033Z] }
[2026-08-19T17:20:11.033Z] ]
[2026-08-19T17:20:11.033Z] }
[2026-08-19T17:20:11.033Z] [API /pomodoro/get-settings] Settings response: {
[2026-08-19T17:20:11.033Z] data: {
[2026-08-19T17:20:11.033Z] id: '6729871f-4efa-4304-a753-1f7dd1859400',
[2026-08-19T17:20:11.033Z] user_id: '57fc7b0a-5ba0-42fb-ad0c-f15ee32c6df3',
[2026-08-19T17:20:11.033Z] short_break_minutes: 5,
[2026-08-19T17:20:11.033Z] long_break_minutes: 15,
[2026-08-19T17:20:11.033Z] cycles_until_long_break: 4,
[2026-08-19T17:20:11.033Z] updated_at: '2026-01-31T22:04:42.725+00:00'
[2026-08-19T17:20:11.033Z] },
[2026-08-19T17:20:11.033Z] error: undefined
[2026-08-19T17:20:11.033Z] }
[2026-08-19T17:20:11.033Z] [API /pomodoro/get-settings] Sessions response: { count: 19, error: undefined }
[2026-08-19T17:20:11.033Z] [API /pomodoro/get-settings] Returning settings with 19 sessions
[2026-08-19T17:20:11.034Z] GET /api/pomodoro/get-settings 200 in 1044ms
[2026-08-19T17:21:10.235Z] [API /pomodoro/get-settings] Starting request...
[2026-08-19T17:21:10.409Z] [API /pomodoro/get-settings] User authenticated: 57fc7b0a-5ba0-42fb-ad0c-f15ee32c6df3
[2026-08-19T17:21:10.566Z] [API /pomodoro/get-settings] Categories response: {
[2026-08-19T17:21:10.566Z] count: 3,
[2026-08-19T17:21:10.566Z] error: undefined,
[2026-08-19T17:21:10.566Z] data: [
[2026-08-19T17:21:10.566Z] {
[2026-08-19T17:21:10.566Z] id: '67040b77-248a-420d-8be2-5c5eca65ca8f',
[2026-08-19T17:21:10.566Z] user_id: '57fc7b0a-5ba0-42fb-ad0c-f15ee32c6df3',
[2026-08-19T17:21:10.566Z] name: 'Produzindo',
[2026-08-19T17:21:10.566Z] color: '#ff6600',
[2026-08-19T17:21:10.566Z] duration_minutes: 57,
[2026-08-19T17:21:10.566Z] created_at: '2026-01-19T22:01:03.082007+00:00'
[2026-08-19T17:21:10.566Z] },
[2026-08-19T17:21:10.566Z] {
[2026-08-19T17:21:10.566Z] id: '5e6728b1-cde5-4c8b-a296-116604eadee0',
[2026-08-19T17:21:10.566Z] user_id: '57fc7b0a-5ba0-42fb-ad0c-f15ee32c6df3',
[2026-08-19T17:21:10.566Z] name: 'Estudando',
[2026-08-19T17:21:10.566Z] color: '#002aff',
[2026-08-19T17:21:10.566Z] duration_minutes: 30,
[2026-08-19T17:21:10.566Z] created_at: '2026-01-19T22:01:03.284823+00:00'
[2026-08-19T17:21:10.566Z] },
[2026-08-19T17:21:10.566Z] {
[2026-08-19T17:21:10.566Z] id: '4ec39e04-b451-4c7a-845d-571dc624e600',
[2026-08-19T17:21:10.566Z] user_id: '57fc7b0a-5ba0-42fb-ad0c-f15ee32c6df3',
[2026-08-19T17:21:10.566Z] name: 'Conteúdos',
[2026-08-19T17:21:10.566Z] color: '#00d13f',
[2026-08-19T17:21:10.567Z] duration_minutes: 27,
[2026-08-19T17:21:10.567Z] created_at: '2026-01-19T22:01:03.486292+00:00'
[2026-08-19T17:21:10.567Z] }
[2026-08-19T17:21:10.567Z] ]
[2026-08-19T17:21:10.567Z] }
[2026-08-19T17:21:10.567Z] [API /pomodoro/get-settings] Settings response: {
[2026-08-19T17:21:10.567Z] data: {
[2026-08-19T17:21:10.567Z] id: '6729871f-4efa-4304-a753-1f7dd1859400',
[2026-08-19T17:21:10.567Z] user_id: '57fc7b0a-5ba0-42fb-ad0c-f15ee32c6df3',
[2026-08-19T17:21:10.567Z] short_break_minutes: 5,
[2026-08-19T17:21:10.567Z] long_break_minutes: 15,
[2026-08-19T17:21:10.567Z] cycles_until_long_break: 4,
[2026-08-19T17:21:10.567Z] updated_at: '2026-01-31T22:04:42.725+00:00'
[2026-08-19T17:21:10.567Z] },
[2026-08-19T17:21:10.567Z] error: undefined
[2026-08-19T17:21:10.567Z] }
[2026-08-19T17:21:10.567Z] [API /pomodoro/get-settings] Sessions response: { count: 19, error: undefined }
[2026-08-19T17:21:10.567Z] [API /pomodoro/get-settings] Returning settings with 19 sessions
[2026-08-19T17:21:10.567Z] GET /api/pomodoro/get-settings 200 in 572ms
[2026-08-19T17:22:10.257Z] [API /pomodoro/get-settings] Starting request...
[2026-08-19T17:22:10.425Z] [API /pomodoro/get-settings] User authenticated: 57fc7b0a-5ba0-42fb-ad0c-f15ee32c6df3
[2026-08-19T17:22:10.591Z] [API /pomodoro/get-settings] Categories response: {
[2026-08-19T17:22:10.591Z] count: 3,
[2026-08-19T17:22:10.591Z] error: undefined,
[2026-08-19T17:22:10.591Z] data: [
[2026-08-19T17:22:10.591Z] {
[2026-08-19T17:22:10.591Z] id: '67040b77-248a-420d-8be2-5c5eca65ca8f',
[2026-08-19T17:22:10.591Z] user_id: '57fc7b0a-5ba0-42fb-ad0c-f15ee32c6df3',
[2026-08-19T17:22:10.591Z] name: 'Produzindo',
[2026-08-19T17:22:10.591Z] color: '#ff6600',
[2026-08-19T17:22:10.591Z] duration_minutes: 57,
[2026-08-19T17:22:10.591Z] created_at: '2026-01-19T22:01:03.082007+00:00'
[2026-08-19T17:22:10.591Z] },
[2026-08-19T17:22:10.591Z] {
[2026-08-19T17:22:10.591Z] id: '5e6728b1-cde5-4c8b-a296-116604eadee0',
[2026-08-19T17:22:10.591Z] user_id: '57fc7b0a-5ba0-42fb-ad0c-f15ee32c6df3',
[2026-08-19T17:22:10.591Z] name: 'Estudando',
[2026-08-19T17:22:10.591Z] color: '#002aff',
[2026-08-19T17:22:10.591Z] duration_minutes: 30,
[2026-08-19T17:22:10.591Z] created_at: '2026-01-19T22:01:03.284823+00:00'
[2026-08-19T17:22:10.591Z] },
[2026-08-19T17:22:10.591Z] {
[2026-08-19T17:22:10.592Z] id: '4ec39e04-b451-4c7a-845d-571dc624e600',
[2026-08-19T17:22:10.592Z] user_id: '57fc7b0a-5ba0-42fb-ad0c-f15ee32c6df3',
[2026-08-19T17:22:10.592Z] name: 'Conteúdos',
[2026-08-19T17:22:10.592Z] color: '#00d13f',
[2026-08-19T17:22:10.592Z] duration_minutes: 27,
[2026-08-19T17:22:10.592Z] created_at: '2026-01-19T22:01:03.486292+00:00'
[2026-08-19T17:22:10.592Z] }
[2026-08-19T17:22:10.592Z] ]
[2026-08-19T17:22:10.592Z] }
[2026-08-19T17:22:10.592Z] [API /pomodoro/get-settings] Settings response: {
[2026-08-19T17:22:10.592Z] data: {
[2026-08-19T17:22:10.592Z] id: '6729871f-4efa-4304-a753-1f7dd1859400',
[2026-08-19T17:22:10.592Z] user_id: '57fc7b0a-5ba0-42fb-ad0c-f15ee32c6df3',
[2026-08-19T17:22:10.592Z] short_break_minutes: 5,
[2026-08-19T17:22:10.592Z] long_break_minutes: 15,
[2026-08-19T17:22:10.592Z] cycles_until_long_break: 4,
[2026-08-19T17:22:10.592Z] updated_at: '2026-01-31T22:04:42.725+00:00'
[2026-08-19T17:22:10.592Z] },
[2026-08-19T17:22:10.592Z] error: undefined
[2026-08-19T17:22:10.592Z] }
[2026-08-19T17:22:10.592Z] [API /pomodoro/get-settings] Sessions response: { count: 19, error: undefined }
[2026-08-19T17:22:10.592Z] [API /pomodoro/get-settings] Returning settings with 19 sessions
[2026-08-19T17:22:10.593Z] GET /api/pomodoro/get-settings 200 in 586ms
[2026-08-19T17:23:10.283Z] [API /pomodoro/get-settings] Starting request...
[2026-08-19T17:23:10.463Z] [API /pomodoro/get-settings] User authenticated: 57fc7b0a-5ba0-42fb-ad0c-f15ee32c6df3
[2026-08-19T17:23:10.617Z] [API /pomodoro/get-settings] Categories response: {
[2026-08-19T17:23:10.617Z] count: 3,
[2026-08-19T17:23:10.618Z] error: undefined,
[2026-08-19T17:23:10.618Z] data: [
[2026-08-19T17:23:10.618Z] {
[2026-08-19T17:23:10.618Z] id: '67040b77-248a-420d-8be2-5c5eca65ca8f',
[2026-08-19T17:23:10.618Z] user_id: '57fc7b0a-5ba0-42fb-ad0c-f15ee32c6df3',
[2026-08-19T17:23:10.618Z] name: 'Produzindo',
[2026-08-19T17:23:10.618Z] color: '#ff6600',
[2026-08-19T17:23:10.618Z] duration_minutes: 57,
[2026-08-19T17:23:10.618Z] created_at: '2026-01-19T22:01:03.082007+00:00'
[2026-08-19T17:23:10.618Z] },
[2026-08-19T17:23:10.618Z] {
[2026-08-19T17:23:10.618Z] id: '5e6728b1-cde5-4c8b-a296-116604eadee0',
[2026-08-19T17:23:10.618Z] user_id: '57fc7b0a-5ba0-42fb-ad0c-f15ee32c6df3',
[2026-08-19T17:23:10.618Z] name: 'Estudando',
[2026-08-19T17:23:10.618Z] color: '#002aff',
[2026-08-19T17:23:10.618Z] duration_minutes: 30,
[2026-08-19T17:23:10.618Z] created_at: '2026-01-19T22:01:03.284823+00:00'
[2026-08-19T17:23:10.618Z] },
[2026-08-19T17:23:10.618Z] {
[2026-08-19T17:23:10.618Z] id: '4ec39e04-b451-4c7a-845d-571dc624e600',
[2026-08-19T17:23:10.618Z] user_id: '57fc7b0a-5ba0-42fb-ad0c-f15ee32c6df3',
[2026-08-19T17:23:10.618Z] name: 'Conteúdos',
[2026-08-19T17:23:10.618Z] color: '#00d13f',
[2026-08-19T17:23:10.618Z] duration_minutes: 27,
[2026-08-19T17:23:10.618Z] created_at: '2026-01-19T22:01:03.486292+00:00'
[2026-08-19T17:23:10.618Z] }
[2026-08-19T17:23:10.618Z] ]
[2026-08-19T17:23:10.618Z] }
[2026-08-19T17:23:10.618Z] [API /pomodoro/get-settings] Settings response: {
[2026-08-19T17:23:10.618Z] data: {
[2026-08-19T17:23:10.618Z] id: '6729871f-4efa-4304-a753-1f7dd1859400',
[2026-08-19T17:23:10.618Z] user_id: '57fc7b0a-5ba0-42fb-ad0c-f15ee32c6df3',
[2026-08-19T17:23:10.618Z] short_break_minutes: 5,
[2026-08-19T17:23:10.618Z] long_break_minutes: 15,
[2026-08-19T17:23:10.618Z] cycles_until_long_break: 4,
[2026-08-19T17:23:10.618Z] updated_at: '2026-01-31T22:04:42.725+00:00'
[2026-08-19T17:23:10.618Z] },
[2026-08-19T17:23:10.618Z] error: undefined
[2026-08-19T17:23:10.618Z] }
[2026-08-19T17:23:10.618Z] [API /pomodoro/get-settings] Sessions response: { count: 19, error: undefined }
[2026-08-19T17:23:10.618Z] [API /pomodoro/get-settings] Returning settings with 19 sessions
[2026-08-19T17:23:10.619Z] GET /api/pomodoro/get-settings 200 in 627ms
[2026-08-19T17:23:30.044Z] ✓ Compiled in 452ms
[2026-08-19T17:24:10.298Z] [API /pomodoro/get-settings] Starting request...
[2026-08-19T17:24:10.447Z] [API /pomodoro/get-settings] User authenticated: 57fc7b0a-5ba0-42fb-ad0c-f15ee32c6df3
[2026-08-19T17:24:10.626Z] [API /pomodoro/get-settings] Categories response: {
[2026-08-19T17:24:10.626Z] count: 3,
[2026-08-19T17:24:10.626Z] error: undefined,
[2026-08-19T17:24:10.626Z] data: [
[2026-08-19T17:24:10.626Z] {
[2026-08-19T17:24:10.626Z] id: '67040b77-248a-420d-8be2-5c5eca65ca8f',
[2026-08-19T17:24:10.626Z] user_id: '57fc7b0a-5ba0-42fb-ad0c-f15ee32c6df3',
[2026-08-19T17:24:10.626Z] name: 'Produzindo',
[2026-08-19T17:24:10.626Z] color: '#ff6600',
[2026-08-19T17:24:10.626Z] duration_minutes: 57,
[2026-08-19T17:24:10.626Z] created_at: '2026-01-19T22:01:03.082007+00:00'
[2026-08-19T17:24:10.626Z] },
[2026-08-19T17:24:10.626Z] {
[2026-08-19T17:24:10.626Z] id: '5e6728b1-cde5-4c8b-a296-116604eadee0',
[2026-08-19T17:24:10.626Z] user_id: '57fc7b0a-5ba0-42fb-ad0c-f15ee32c6df3',
[2026-08-19T17:24:10.626Z] name: 'Estudando',
[2026-08-19T17:24:10.626Z] color: '#002aff',
[2026-08-19T17:24:10.626Z] duration_minutes: 30,
[2026-08-19T17:24:10.626Z] created_at: '2026-01-19T22:01:03.284823+00:00'
[2026-08-19T17:24:10.626Z] },
[2026-08-19T17:24:10.626Z] {
[2026-08-19T17:24:10.626Z] id: '4ec39e04-b451-4c7a-845d-571dc624e600',
[2026-08-19T17:24:10.626Z] user_id: '57fc7b0a-5ba0-42fb-ad0c-f15ee32c6df3',
[2026-08-19T17:24:10.626Z] name: 'Conteúdos',
[2026-08-19T17:24:10.626Z] color: '#00d13f',
[2026-08-19T17:24:10.626Z] duration_minutes: 27,
[2026-08-19T17:24:10.626Z] created_at: '2026-01-19T22:01:03.486292+00:00'
[2026-08-19T17:24:10.626Z] }
[2026-08-19T17:24:10.626Z] ]
[2026-08-19T17:24:10.626Z] }
[2026-08-19T17:24:10.626Z] [API /pomodoro/get-settings] Settings response: {
[2026-08-19T17:24:10.626Z] data: {
[2026-08-19T17:24:10.626Z] id: '6729871f-4efa-4304-a753-1f7dd1859400',
[2026-08-19T17:24:10.626Z] user_id: '57fc7b0a-5ba0-42fb-ad0c-f15ee32c6df3',
[2026-08-19T17:24:10.626Z] short_break_minutes: 5,
[2026-08-19T17:24:10.626Z] long_break_minutes: 15,
[2026-08-19T17:24:10.626Z] cycles_until_long_break: 4,
[2026-08-19T17:24:10.626Z] updated_at: '2026-01-31T22:04:42.725+00:00'
[2026-08-19T17:24:10.626Z] },
[2026-08-19T17:24:10.626Z] error: undefined
[2026-08-19T17:24:10.626Z] }
[2026-08-19T17:24:10.626Z] [API /pomodoro/get-settings] Sessions response: { count: 19, error: undefined }
[2026-08-19T17:24:10.626Z] [API /pomodoro/get-settings] Returning settings with 19 sessions
[2026-08-19T17:24:10.627Z] GET /api/pomodoro/get-settings 200 in 632ms
[2026-08-19T17:25:57.325Z] [API /pomodoro/get-settings] Starting request...
[2026-08-19T17:25:57.566Z] [API /pomodoro/get-settings] User authenticated: 57fc7b0a-5ba0-42fb-ad0c-f15ee32c6df3
[2026-08-19T17:25:57.741Z] [API /pomodoro/get-settings] Categories response: {
[2026-08-19T17:25:57.741Z] count: 3,
[2026-08-19T17:25:57.741Z] error: undefined,
[2026-08-19T17:25:57.741Z] data: [
[2026-08-19T17:25:57.741Z] {
[2026-08-19T17:25:57.741Z] id: '67040b77-248a-420d-8be2-5c5eca65ca8f',
[2026-08-19T17:25:57.741Z] user_id: '57fc7b0a-5ba0-42fb-ad0c-f15ee32c6df3',
[2026-08-19T17:25:57.741Z] name: 'Produzindo',
[2026-08-19T17:25:57.741Z] color: '#ff6600',
[2026-08-19T17:25:57.741Z] duration_minutes: 57,
[2026-08-19T17:25:57.741Z] created_at: '2026-01-19T22:01:03.082007+00:00'
[2026-08-19T17:25:57.741Z] },
[2026-08-19T17:25:57.741Z] {
[2026-08-19T17:25:57.741Z] id: '5e6728b1-cde5-4c8b-a296-116604eadee0',
[2026-08-19T17:25:57.741Z] user_id: '57fc7b0a-5ba0-42fb-ad0c-f15ee32c6df3',
[2026-08-19T17:25:57.741Z] name: 'Estudando',
[2026-08-19T17:25:57.741Z] color: '#002aff',
[2026-08-19T17:25:57.741Z] duration_minutes: 30,
[2026-08-19T17:25:57.742Z] created_at: '2026-01-19T22:01:03.284823+00:00'
[2026-08-19T17:25:57.742Z] },
[2026-08-19T17:25:57.742Z] {
[2026-08-19T17:25:57.742Z] id: '4ec39e04-b451-4c7a-845d-571dc624e600',
[2026-08-19T17:25:57.742Z] user_id: '57fc7b0a-5ba0-42fb-ad0c-f15ee32c6df3',
[2026-08-19T17:25:57.742Z] name: 'Conteúdos',
[2026-08-19T17:25:57.742Z] color: '#00d13f',
[2026-08-19T17:25:57.742Z] duration_minutes: 27,
[2026-08-19T17:25:57.742Z] created_at: '2026-01-19T22:01:03.486292+00:00'
[2026-08-19T17:25:57.742Z] }
[2026-08-19T17:25:57.742Z] ]
[2026-08-19T17:25:57.742Z] }
[2026-08-19T17:25:57.742Z] [API /pomodoro/get-settings] Settings response: {
[2026-08-19T17:25:57.742Z] data: {
[2026-08-19T17:25:57.742Z] id: '6729871f-4efa-4304-a753-1f7dd1859400',
[2026-08-19T17:25:57.742Z] user_id: '57fc7b0a-5ba0-42fb-ad0c-f15ee32c6df3',
[2026-08-19T17:25:57.742Z] short_break_minutes: 5,
[2026-08-19T17:25:57.742Z] long_break_minutes: 15,
[2026-08-19T17:25:57.742Z] cycles_until_long_break: 4,
[2026-08-19T17:25:57.742Z] updated_at: '2026-01-31T22:04:42.725+00:00'
[2026-08-19T17:25:57.742Z] },
[2026-08-19T17:25:57.742Z] error: undefined
[2026-08-19T17:25:57.742Z] }
[2026-08-19T17:25:57.742Z] [API /pomodoro/get-settings] Sessions response: { count: 19, error: undefined }
[2026-08-19T17:25:57.742Z] [API /pomodoro/get-settings] Returning settings with 19 sessions
[2026-08-19T17:25:57.744Z] GET /api/pomodoro/get-settings 200 in 729ms
[2026-08-19T17:26:04.733Z] [API /pomodoro/get-settings] Starting request...
[2026-08-19T17:26:04.949Z] [API /pomodoro/get-settings] User authenticated: 57fc7b0a-5ba0-42fb-ad0c-f15ee32c6df3
[2026-08-19T17:26:05.091Z] [API /pomodoro/get-settings] Categories response: {
[2026-08-19T17:26:05.091Z] count: 3,
[2026-08-19T17:26:05.091Z] error: undefined,
[2026-08-19T17:26:05.091Z] data: [
[2026-08-19T17:26:05.091Z] {
[2026-08-19T17:26:05.092Z] id: '67040b77-248a-420d-8be2-5c5eca65ca8f',
[2026-08-19T17:26:05.092Z] user_id: '57fc7b0a-5ba0-42fb-ad0c-f15ee32c6df3',
[2026-08-19T17:26:05.092Z] name: 'Produzindo',
[2026-08-19T17:26:05.092Z] color: '#ff6600',
[2026-08-19T17:26:05.092Z] duration_minutes: 57,
[2026-08-19T17:26:05.092Z] created_at: '2026-01-19T22:01:03.082007+00:00'
[2026-08-19T17:26:05.092Z] },
[2026-08-19T17:26:05.092Z] {
[2026-08-19T17:26:05.092Z] id: '5e6728b1-cde5-4c8b-a296-116604eadee0',
[2026-08-19T17:26:05.092Z] user_id: '57fc7b0a-5ba0-42fb-ad0c-f15ee32c6df3',
[2026-08-19T17:26:05.092Z] name: 'Estudando',
[2026-08-19T17:26:05.092Z] color: '#002aff',
[2026-08-19T17:26:05.092Z] duration_minutes: 30,
[2026-08-19T17:26:05.092Z] created_at: '2026-01-19T22:01:03.284823+00:00'
[2026-08-19T17:26:05.092Z] },
[2026-08-19T17:26:05.092Z] {
[2026-08-19T17:26:05.092Z] id: '4ec39e04-b451-4c7a-845d-571dc624e600',
[2026-08-19T17:26:05.092Z] user_id: '57fc7b0a-5ba0-42fb-ad0c-f15ee32c6df3',
[2026-08-19T17:26:05.092Z] name: 'Conteúdos',
[2026-08-19T17:26:05.092Z] color: '#00d13f',
[2026-08-19T17:26:05.092Z] duration_minutes: 27,
[2026-08-19T17:26:05.092Z] created_at: '2026-01-19T22:01:03.486292+00:00'
[2026-08-19T17:26:05.092Z] }
[2026-08-19T17:26:05.092Z] ]
[2026-08-19T17:26:05.092Z] }
[2026-08-19T17:26:05.092Z] [API /pomodoro/get-settings] Settings response: {
[2026-08-19T17:26:05.092Z] data: {
[2026-08-19T17:26:05.092Z] id: '6729871f-4efa-4304-a753-1f7dd1859400',
[2026-08-19T17:26:05.092Z] user_id: '57fc7b0a-5ba0-42fb-ad0c-f15ee32c6df3',
[2026-08-19T17:26:05.092Z] short_break_minutes: 5,
[2026-08-19T17:26:05.092Z] long_break_minutes: 15,
[2026-08-19T17:26:05.092Z] cycles_until_long_break: 4,
[2026-08-19T17:26:05.092Z] updated_at: '2026-01-31T22:04:42.725+00:00'
[2026-08-19T17:26:05.092Z] },
[2026-08-19T17:26:05.092Z] error: undefined
[2026-08-19T17:26:05.092Z] }
[2026-08-19T17:26:05.092Z] [API /pomodoro/get-settings] Sessions response: { count: 19, error: undefined }
[2026-08-19T17:26:05.092Z] [API /pomodoro/get-settings] Returning settings with 19 sessions
[2026-08-19T17:26:05.093Z] GET /api/pomodoro/get-settings 200 in 605ms
[2026-08-19T17:26:11.323Z] ✓ Compiled / in 74ms
[2026-08-19T17:26:12.308Z] ⨯ [Error: Failed to load chunk server/chunks/ssr/ubuntu_orchids-blindy_src_app_global-error_tsx_3317fafb._.js from module [project]/ubuntu/orchids-blindy/node_modules/.pnpm/next@15.5.7_@babel+core@7.29.7_supports-color@7.2.0__react-dom@19.0.0_react@19.0.0__react@19.0.0/node_modules/next/dist/esm/build/templates/app-page.js?page=/page { GLOBAL_ERROR_MODULE => "[project]/ubuntu/orchids-blindy/src/app/global-error.tsx [app-rsc] (ecmascript, Next.js Server Component)", METADATA_0 => "[project]/ubuntu/orchids-blindy/src/app/favicon.ico.mjs { IMAGE => \"[project]/ubuntu/orchids-blindy/src/app/favicon.ico (static in ecmascript)\" } [app-rsc] (structured image object, ecmascript, Next.js Server Component)", MODULE_1 => "[project]/ubuntu/orchids-blindy/src/app/layout.tsx [app-rsc] (ecmascript, Next.js Server Component)", MODULE_2 => "[project]/ubuntu/orchids-blindy/src/app/not-found.tsx [app-rsc] (ecmascript, Next.js Server Component)", MODULE_3 => "[project]/ubuntu/orchids-blindy/node_modules/.pnpm/next@15.5.7_@babel+core@7.29.7_supports-color@7.2.0__react-dom@19.0.0_react@19.0.0__react@19.0.0/node_modules/next/dist/client/components/builtin/forbidden.js [app-rsc] (ecmascript, Next.js Server Component)", MODULE_4 => "[project]/ubuntu/orchids-blindy/node_modules/.pnpm/next@15.5.7_@babel+core@7.29.7_supports-color@7.2.0__react-dom@19.0.0_react@19.0.0__react@19.0.0/node_modules/next/dist/client/components/builtin/unauthorized.js [app-rsc] (ecmascript, Next.js Server Component)", MODULE_5 => "[project]/ubuntu/orchids-blindy/src/app/global-error.tsx [app-rsc] (ecmascript, Next.js Server Component)", MODULE_6 => "[project]/ubuntu/orchids-blindy/src/app/page.tsx [app-rsc] (ecmascript, Next.js Server Component)" } [app-rsc] (ecmascript) <locals>] {
[2026-08-19T17:26:12.308Z] digest: '2147131580',
[2026-08-19T17:26:12.308Z] [cause]: [Error: ENOENT: no such file or directory, open '/home/ubuntu/orchids-blindy/.next/server/chunks/ssr/ubuntu_orchids-blindy_src_app_global-error_tsx_3317fafb._.js'] {
[2026-08-19T17:26:12.308Z] errno: -2,
[2026-08-19T17:26:12.308Z] code: 'ENOENT',
[2026-08-19T17:26:12.308Z] syscall: 'open',
[2026-08-19T17:26:12.308Z] path: '/home/ubuntu/orchids-blindy/.next/server/chunks/ssr/ubuntu_orchids-blindy_src_app_global-error_tsx_3317fafb._.js'
[2026-08-19T17:26:12.308Z] }
[2026-08-19T17:26:12.308Z] }
[2026-08-19T17:26:12.740Z] [Error: Failed to load chunk server/chunks/ssr/ubuntu_orchids-blindy_src_app_global-error_tsx_3317fafb._.js from module [project]/ubuntu/orchids-blindy/node_modules/.pnpm/next@15.5.7_@babel+core@7.29.7_supports-color@7.2.0__react-dom@19.0.0_react@19.0.0__react@19.0.0/node_modules/next/dist/esm/build/templates/app-page.js?page=/page { GLOBAL_ERROR_MODULE => "[project]/ubuntu/orchids-blindy/src/app/global-error.tsx [app-rsc] (ecmascript, Next.js Server Component)", METADATA_0 => "[project]/ubuntu/orchids-blindy/src/app/favicon.ico.mjs { IMAGE => \"[project]/ubuntu/orchids-blindy/src/app/favicon.ico (static in ecmascript)\" } [app-rsc] (structured image object, ecmascript, Next.js Server Component)", MODULE_1 => "[project]/ubuntu/orchids-blindy/src/app/layout.tsx [app-rsc] (ecmascript, Next.js Server Component)", MODULE_2 => "[project]/ubuntu/orchids-blindy/src/app/not-found.tsx [app-rsc] (ecmascript, Next.js Server Component)", MODULE_3 => "[project]/ubuntu/orchids-blindy/node_modules/.pnpm/next@15.5.7_@babel+core@7.29.7_supports-color@7.2.0__react-dom@19.0.0_react@19.0.0__react@19.0.0/node_modules/next/dist/client/components/builtin/forbidden.js [app-rsc] (ecmascript, Next.js Server Component)", MODULE_4 => "[project]/ubuntu/orchids-blindy/node_modules/.pnpm/next@15.5.7_@babel+core@7.29.7_supports-color@7.2.0__react-dom@19.0.0_react@19.0.0__react@19.0.0/node_modules/next/dist/client/components/builtin/unauthorized.js [app-rsc] (ecmascript, Next.js Server Component)", MODULE_5 => "[project]/ubuntu/orchids-blindy/src/app/global-error.tsx [app-rsc] (ecmascript, Next.js Server Component)", MODULE_6 => "[project]/ubuntu/orchids-blindy/src/app/page.tsx [app-rsc] (ecmascript, Next.js Server Component)" } [app-rsc] (ecmascript) <locals>] {
[2026-08-19T17:26:12.740Z] digest: '2147131580',
[2026-08-19T17:26:12.740Z] [cause]: [Error: ENOENT: no such file or directory, open '/home/ubuntu/orchids-blindy/.next/server/chunks/ssr/ubuntu_orchids-blindy_src_app_global-error_tsx_3317fafb._.js'] {
[2026-08-19T17:26:12.740Z] errno: -2,
[2026-08-19T17:26:12.740Z] code: 'ENOENT',
[2026-08-19T17:26:12.740Z] syscall: 'open',
[2026-08-19T17:26:12.740Z] path: '/home/ubuntu/orchids-blindy/.next/server/chunks/ssr/ubuntu_orchids-blindy_src_app_global-error_tsx_3317fafb._.js'
[2026-08-19T17:26:12.740Z] }
[2026-08-19T17:26:12.740Z] }
[2026-08-19T17:26:13.179Z] ⨯ [Error: Failed to load chunk server/chunks/ssr/ubuntu_orchids-blindy_src_app_global-error_tsx_3317fafb._.js from module [project]/ubuntu/orchids-blindy/node_modules/.pnpm/next@15.5.7_@babel+core@7.29.7_supports-color@7.2.0__react-dom@19.0.0_react@19.0.0__react@19.0.0/node_modules/next/dist/esm/build/templates/app-page.js?page=/page { GLOBAL_ERROR_MODULE => "[project]/ubuntu/orchids-blindy/src/app/global-error.tsx [app-rsc] (ecmascript, Next.js Server Component)", METADATA_0 => "[project]/ubuntu/orchids-blindy/src/app/favicon.ico.mjs { IMAGE => \"[project]/ubuntu/orchids-blindy/src/app/favicon.ico (static in ecmascript)\" } [app-rsc] (structured image object, ecmascript, Next.js Server Component)", MODULE_1 => "[project]/ubuntu/orchids-blindy/src/app/layout.tsx [app-rsc] (ecmascript, Next.js Server Component)", MODULE_2 => "[project]/ubuntu/orchids-blindy/src/app/not-found.tsx [app-rsc] (ecmascript, Next.js Server Component)", MODULE_3 => "[project]/ubuntu/orchids-blindy/node_modules/.pnpm/next@15.5.7_@babel+core@7.29.7_supports-color@7.2.0__react-dom@19.0.0_react@19.0.0__react@19.0.0/node_modules/next/dist/client/components/builtin/forbidden.js [app-rsc] (ecmascript, Next.js Server Component)", MODULE_4 => "[project]/ubuntu/orchids-blindy/node_modules/.pnpm/next@15.5.7_@babel+core@7.29.7_supports-color@7.2.0__react-dom@19.0.0_react@19.0.0__react@19.0.0/node_modules/next/dist/client/components/builtin/unauthorized.js [app-rsc] (ecmascript, Next.js Server Component)", MODULE_5 => "[project]/ubuntu/orchids-blindy/src/app/global-error.tsx [app-rsc] (ecmascript, Next.js Server Component)", MODULE_6 => "[project]/ubuntu/orchids-blindy/src/app/page.tsx [app-rsc] (ecmascript, Next.js Server Component)" } [app-rsc] (ecmascript) <locals>] {
[2026-08-19T17:26:13.179Z] digest: '2147131580',
[2026-08-19T17:26:13.179Z] [cause]: [Error: ENOENT: no such file or directory, open '/home/ubuntu/orchids-blindy/.next/server/chunks/ssr/ubuntu_orchids-blindy_src_app_global-error_tsx_3317fafb._.js'] {
[2026-08-19T17:26:13.179Z] errno: -2,
[2026-08-19T17:26:13.179Z] code: 'ENOENT',
[2026-08-19T17:26:13.179Z] syscall: 'open',
[2026-08-19T17:26:13.179Z] path: '/home/ubuntu/orchids-blindy/.next/server/chunks/ssr/ubuntu_orchids-blindy_src_app_global-error_tsx_3317fafb._.js'
[2026-08-19T17:26:13.179Z] }
[2026-08-19T17:26:13.179Z] }
[2026-08-19T17:26:13.600Z] ⨯ [Error: Failed to load chunk server/chunks/ssr/ubuntu_orchids-blindy_src_app_global-error_tsx_3317fafb._.js from module [project]/ubuntu/orchids-blindy/node_modules/.pnpm/next@15.5.7_@babel+core@7.29.7_supports-color@7.2.0__react-dom@19.0.0_react@19.0.0__react@19.0.0/node_modules/next/dist/esm/build/templates/app-page.js?page=/page { GLOBAL_ERROR_MODULE => "[project]/ubuntu/orchids-blindy/src/app/global-error.tsx [app-rsc] (ecmascript, Next.js Server Component)", METADATA_0 => "[project]/ubuntu/orchids-blindy/src/app/favicon.ico.mjs { IMAGE => \"[project]/ubuntu/orchids-blindy/src/app/favicon.ico (static in ecmascript)\" } [app-rsc] (structured image object, ecmascript, Next.js Server Component)", MODULE_1 => "[project]/ubuntu/orchids-blindy/src/app/layout.tsx [app-rsc] (ecmascript, Next.js Server Component)", MODULE_2 => "[project]/ubuntu/orchids-blindy/src/app/not-found.tsx [app-rsc] (ecmascript, Next.js Server Component)", MODULE_3 => "[project]/ubuntu/orchids-blindy/node_modules/.pnpm/next@15.5.7_@babel+core@7.29.7_supports-color@7.2.0__react-dom@19.0.0_react@19.0.0__react@19.0.0/node_modules/next/dist/client/components/builtin/forbidden.js [app-rsc] (ecmascript, Next.js Server Component)", MODULE_4 => "[project]/ubuntu/orchids-blindy/node_modules/.pnpm/next@15.5.7_@babel+core@7.29.7_supports-color@7.2.0__react-dom@19.0.0_react@19.0.0__react@19.0.0/node_modules/next/dist/client/components/builtin/unauthorized.js [app-rsc] (ecmascript, Next.js Server Component)", MODULE_5 => "[project]/ubuntu/orchids-blindy/src/app/global-error.tsx [app-rsc] (ecmascript, Next.js Server Component)", MODULE_6 => "[project]/ubuntu/orchids-blindy/src/app/page.tsx [app-rsc] (ecmascript, Next.js Server Component)" } [app-rsc] (ecmascript) <locals>] {
[2026-08-19T17:26:13.600Z] digest: '2147131580',
[2026-08-19T17:26:13.600Z] page: '/',
[2026-08-19T17:26:13.600Z] [cause]: [Error: ENOENT: no such file or directory, open '/home/ubuntu/orchids-blindy/.next/server/chunks/ssr/ubuntu_orchids-blindy_src_app_global-error_tsx_3317fafb._.js'] {
[2026-08-19T17:26:13.600Z] errno: -2,
[2026-08-19T17:26:13.600Z] code: 'ENOENT',
[2026-08-19T17:26:13.600Z] syscall: 'open',
[2026-08-19T17:26:13.600Z] path: '/home/ubuntu/orchids-blindy/.next/server/chunks/ssr/ubuntu_orchids-blindy_src_app_global-error_tsx_3317fafb._.js'
[2026-08-19T17:26:13.600Z] }
[2026-08-19T17:26:13.600Z] }
[2026-08-19T17:26:14.032Z] [Error: Failed to load chunk server/chunks/ssr/ubuntu_orchids-blindy_src_components_blindados_PomodoroTimer_tsx_844bab1e._.js from module [project]/ubuntu/orchids-blindy/node_modules/.pnpm/next@15.5.7_@babel+core@7.29.7_supports-color@7.2.0__react-dom@19.0.0_react@19.0.0__react@19.0.0/node_modules/next/dist/esm/build/templates/app-page.js?page=/page { GLOBAL_ERROR_MODULE => "[project]/ubuntu/orchids-blindy/src/app/global-error.tsx [app-rsc] (ecmascript, Next.js Server Component)", METADATA_0 => "[project]/ubuntu/orchids-blindy/src/app/favicon.ico.mjs { IMAGE => \"[project]/ubuntu/orchids-blindy/src/app/favicon.ico (static in ecmascript)\" } [app-rsc] (structured image object, ecmascript, Next.js Server Component)", MODULE_1 => "[project]/ubuntu/orchids-blindy/src/app/layout.tsx [app-rsc] (ecmascript, Next.js Server Component)", MODULE_2 => "[project]/ubuntu/orchids-blindy/src/app/not-found.tsx [app-rsc] (ecmascript, Next.js Server Component)", MODULE_3 => "[project]/ubuntu/orchids-blindy/node_modules/.pnpm/next@15.5.7_@babel+core@7.29.7_supports-color@7.2.0__react-dom@19.0.0_react@19.0.0__react@19.0.0/node_modules/next/dist/client/components/builtin/forbidden.js [app-rsc] (ecmascript, Next.js Server Component)", MODULE_4 => "[project]/ubuntu/orchids-blindy/node_modules/.pnpm/next@15.5.7_@babel+core@7.29.7_supports-color@7.2.0__react-dom@19.0.0_react@19.0.0__react@19.0.0/node_modules/next/dist/client/components/builtin/unauthorized.js [app-rsc] (ecmascript, Next.js Server Component)", MODULE_5 => "[project]/ubuntu/orchids-blindy/src/app/global-error.tsx [app-rsc] (ecmascript, Next.js Server Component)", MODULE_6 => "[project]/ubuntu/orchids-blindy/src/app/page.tsx [app-rsc] (ecmascript, Next.js Server Component)" } [app-rsc] (ecmascript) <locals>] {
[2026-08-19T17:26:14.032Z] [cause]: [Error: ENOENT: no such file or directory, open '/home/ubuntu/orchids-blindy/.next/server/chunks/ssr/ubuntu_orchids-blindy_src_components_blindados_PomodoroTimer_tsx_844bab1e._.js'] {
[2026-08-19T17:26:14.032Z] errno: -2,
[2026-08-19T17:26:14.032Z] code: 'ENOENT',
[2026-08-19T17:26:14.032Z] syscall: 'open',
[2026-08-19T17:26:14.032Z] path: '/home/ubuntu/orchids-blindy/.next/server/chunks/ssr/ubuntu_orchids-blindy_src_components_blindados_PomodoroTimer_tsx_844bab1e._.js'
[2026-08-19T17:26:14.032Z] }
[2026-08-19T17:26:14.032Z] }
[2026-08-19T17:26:14.426Z] ⨯ unhandledRejection: [Error: Failed to load chunk server/chunks/ssr/ubuntu_orchids-blindy_src_components_blindados_PomodoroTimer_tsx_844bab1e._.js from module [project]/ubuntu/orchids-blindy/node_modules/.pnpm/next@15.5.7_@babel+core@7.29.7_supports-color@7.2.0__react-dom@19.0.0_react@19.0.0__react@19.0.0/node_modules/next/dist/esm/build/templates/app-page.js?page=/page { GLOBAL_ERROR_MODULE => "[project]/ubuntu/orchids-blindy/src/app/global-error.tsx [app-rsc] (ecmascript, Next.js Server Component)", METADATA_0 => "[project]/ubuntu/orchids-blindy/src/app/favicon.ico.mjs { IMAGE => \"[project]/ubuntu/orchids-blindy/src/app/favicon.ico (static in ecmascript)\" } [app-rsc] (structured image object, ecmascript, Next.js Server Component)", MODULE_1 => "[project]/ubuntu/orchids-blindy/src/app/layout.tsx [app-rsc] (ecmascript, Next.js Server Component)", MODULE_2 => "[project]/ubuntu/orchids-blindy/src/app/not-found.tsx [app-rsc] (ecmascript, Next.js Server Component)", MODULE_3 => "[project]/ubuntu/orchids-blindy/node_modules/.pnpm/next@15.5.7_@babel+core@7.29.7_supports-color@7.2.0__react-dom@19.0.0_react@19.0.0__react@19.0.0/node_modules/next/dist/client/components/builtin/forbidden.js [app-rsc] (ecmascript, Next.js Server Component)", MODULE_4 => "[project]/ubuntu/orchids-blindy/node_modules/.pnpm/next@15.5.7_@babel+core@7.29.7_supports-color@7.2.0__react-dom@19.0.0_react@19.0.0__react@19.0.0/node_modules/next/dist/client/components/builtin/unauthorized.js [app-rsc] (ecmascript, Next.js Server Component)", MODULE_5 => "[project]/ubuntu/orchids-blindy/src/app/global-error.tsx [app-rsc] (ecmascript, Next.js Server Component)", MODULE_6 => "[project]/ubuntu/orchids-blindy/src/app/page.tsx [app-rsc] (ecmascript, Next.js Server Component)" } [app-rsc] (ecmascript) <locals>] {
[2026-08-19T17:26:14.426Z] [cause]: [Error: ENOENT: no such file or directory, open '/home/ubuntu/orchids-blindy/.next/server/chunks/ssr/ubuntu_orchids-blindy_src_components_blindados_PomodoroTimer_tsx_844bab1e._.js'] {
[2026-08-19T17:26:14.986Z] errno: -2,
[2026-08-19T17:26:14.986Z] code: 'ENOENT',
[2026-08-19T17:26:14.986Z] syscall: 'open',
[2026-08-19T17:26:14.986Z] path: '/home/ubuntu/orchids-blindy/.next/server/chunks/ssr/ubuntu_orchids-blindy_src_components_blindados_PomodoroTimer_tsx_844bab1e._.js'
[2026-08-19T17:26:14.986Z] }
[2026-08-19T17:26:14.986Z] }
[2026-08-19T17:26:14.986Z] ⨯ unhandledRejection:  [Error: Failed to load chunk server/chunks/ssr/ubuntu_orchids-blindy_src_components_blindados_PomodoroTimer_tsx_844bab1e._.js from module [project]/ubuntu/orchids-blindy/node_modules/.pnpm/next@15.5.7_@babel+core@7.29.7_supports-color@7.2.0__react-dom@19.0.0_react@19.0.0__react@19.0.0/node_modules/next/dist/esm/build/templates/app-page.js?page=/page { GLOBAL_ERROR_MODULE => "[project]/ubuntu/orchids-blindy/src/app/global-error.tsx [app-rsc] (ecmascript, Next.js Server Component)", METADATA_0 => "[project]/ubuntu/orchids-blindy/src/app/favicon.ico.mjs { IMAGE => \"[project]/ubuntu/orchids-blindy/src/app/favicon.ico (static in ecmascript)\" } [app-rsc] (structured image object, ecmascript, Next.js Server Component)", MODULE_1 => "[project]/ubuntu/orchids-blindy/src/app/layout.tsx [app-rsc] (ecmascript, Next.js Server Component)", MODULE_2 => "[project]/ubuntu/orchids-blindy/src/app/not-found.tsx [app-rsc] (ecmascript, Next.js Server Component)", MODULE_3 => "[project]/ubuntu/orchids-blindy/node_modules/.pnpm/next@15.5.7_@babel+core@7.29.7_supports-color@7.2.0__react-dom@19.0.0_react@19.0.0__react@19.0.0/node_modules/next/dist/client/components/builtin/forbidden.js [app-rsc] (ecmascript, Next.js Server Component)", MODULE_4 => "[project]/ubuntu/orchids-blindy/node_modules/.pnpm/next@15.5.7_@babel+core@7.29.7_supports-color@7.2.0__react-dom@19.0.0_react@19.0.0__react@19.0.0/node_modules/next/dist/client/components/builtin/unauthorized.js [app-rsc] (ecmascript, Next.js Server Component)", MODULE_5 => "[project]/ubuntu/orchids-blindy/src/app/global-error.tsx [app-rsc] (ecmascript, Next.js Server Component)", MODULE_6 => "[project]/ubuntu/orchids-blindy/src/app/page.tsx [app-rsc] (ecmascript, Next.js Server Component)" } [app-rsc] (ecmascript) <locals>] {
[2026-08-19T17:26:14.986Z] [cause]: [Error: ENOENT: no such file or directory, open '/home/ubuntu/orchids-blindy/.next/server/chunks/ssr/ubuntu_orchids-blindy_src_components_blindados_PomodoroTimer_tsx_844bab1e._.js'] {
[2026-08-19T17:26:14.986Z] errno: -2,
[2026-08-19T17:26:14.986Z] code: 'ENOENT',
[2026-08-19T17:26:14.986Z] syscall: 'open',
[2026-08-19T17:26:14.986Z] path: '/home/ubuntu/orchids-blindy/.next/server/chunks/ssr/ubuntu_orchids-blindy_src_components_blindados_PomodoroTimer_tsx_844bab1e._.js'
[2026-08-19T17:26:14.986Z] }
[2026-08-19T17:26:14.986Z] }
[2026-08-19T17:26:15.316Z] [Error: Failed to load chunk server/chunks/ssr/ubuntu_orchids-blindy_src_components_blindados_TimeChart_tsx_30c86e23._.js from module [project]/ubuntu/orchids-blindy/node_modules/.pnpm/next@15.5.7_@babel+core@7.29.7_supports-color@7.2.0__react-dom@19.0.0_react@19.0.0__react@19.0.0/node_modules/next/dist/esm/build/templates/app-page.js?page=/page { GLOBAL_ERROR_MODULE => "[project]/ubuntu/orchids-blindy/src/app/global-error.tsx [app-rsc] (ecmascript, Next.js Server Component)", METADATA_0 => "[project]/ubuntu/orchids-blindy/src/app/favicon.ico.mjs { IMAGE => \"[project]/ubuntu/orchids-blindy/src/app/favicon.ico (static in ecmascript)\" } [app-rsc] (structured image object, ecmascript, Next.js Server Component)", MODULE_1 => "[project]/ubuntu/orchids-blindy/src/app/layout.tsx [app-rsc] (ecmascript, Next.js Server Component)", MODULE_2 => "[project]/ubuntu/orchids-blindy/src/app/not-found.tsx [app-rsc] (ecmascript, Next.js Server Component)", MODULE_3 => "[project]/ubuntu/orchids-blindy/node_modules/.pnpm/next@15.5.7_@babel+core@7.29.7_supports-color@7.2.0__react-dom@19.0.0_react@19.0.0__react@19.0.0/node_modules/next/dist/client/components/builtin/forbidden.js [app-rsc] (ecmascript, Next.js Server Component)", MODULE_4 => "[project]/ubuntu/orchids-blindy/node_modules/.pnpm/next@15.5.7_@babel+core@7.29.7_supports-color@7.2.0__react-dom@19.0.0_react@19.0.0__react@19.0.0/node_modules/next/dist/client/components/builtin/unauthorized.js [app-rsc] (ecmascript, Next.js Server Component)", MODULE_5 => "[project]/ubuntu/orchids-blindy/src/app/global-error.tsx [app-rsc] (ecmascript, Next.js Server Component)", MODULE_6 => "[project]/ubuntu/orchids-blindy/src/app/page.tsx [app-rsc] (ecmascript, Next.js Server Component)" } [app-rsc] (ecmascript) <locals>] {
[2026-08-19T17:26:15.316Z] [cause]: [Error: ENOENT: no such file or directory, open '/home/ubuntu/orchids-blindy/.next/server/chunks/ssr/ubuntu_orchids-blindy_src_components_blindados_TimeChart_tsx_30c86e23._.js'] {
[2026-08-19T17:26:15.316Z] errno: -2,
[2026-08-19T17:26:15.316Z] code: 'ENOENT',
[2026-08-19T17:26:15.316Z] syscall: 'open',
[2026-08-19T17:26:15.316Z] path: '/home/ubuntu/orchids-blindy/.next/server/chunks/ssr/ubuntu_orchids-blindy_src_components_blindados_TimeChart_tsx_30c86e23._.js'
[2026-08-19T17:26:15.316Z] }
[2026-08-19T17:26:15.316Z] }
[2026-08-19T17:26:15.723Z] ⨯ unhandledRejection: [Error: Failed to load chunk server/chunks/ssr/ubuntu_orchids-blindy_src_components_blindados_TimeChart_tsx_30c86e23._.js from module [project]/ubuntu/orchids-blindy/node_modules/.pnpm/next@15.5.7_@babel+core@7.29.7_supports-color@7.2.0__react-dom@19.0.0_react@19.0.0__react@19.0.0/node_modules/next/dist/esm/build/templates/app-page.js?page=/page { GLOBAL_ERROR_MODULE => "[project]/ubuntu/orchids-blindy/src/app/global-error.tsx [app-rsc] (ecmascript, Next.js Server Component)", METADATA_0 => "[project]/ubuntu/orchids-blindy/src/app/favicon.ico.mjs { IMAGE => \"[project]/ubuntu/orchids-blindy/src/app/favicon.ico (static in ecmascript)\" } [app-rsc] (structured image object, ecmascript, Next.js Server Component)", MODULE_1 => "[project]/ubuntu/orchids-blindy/src/app/layout.tsx [app-rsc] (ecmascript, Next.js Server Component)", MODULE_2 => "[project]/ubuntu/orchids-blindy/src/app/not-found.tsx [app-rsc] (ecmascript, Next.js Server Component)", MODULE_3 => "[project]/ubuntu/orchids-blindy/node_modules/.pnpm/next@15.5.7_@babel+core@7.29.7_supports-color@7.2.0__react-dom@19.0.0_react@19.0.0__react@19.0.0/node_modules/next/dist/client/components/builtin/forbidden.js [app-rsc] (ecmascript, Next.js Server Component)", MODULE_4 => "[project]/ubuntu/orchids-blindy/node_modules/.pnpm/next@15.5.7_@babel+core@7.29.7_supports-color@7.2.0__react-dom@19.0.0_react@19.0.0__react@19.0.0/node_modules/next/dist/client/components/builtin/unauthorized.js [app-rsc] (ecmascript, Next.js Server Component)", MODULE_5 => "[project]/ubuntu/orchids-blindy/src/app/global-error.tsx [app-rsc] (ecmascript, Next.js Server Component)", MODULE_6 => "[project]/ubuntu/orchids-blindy/src/app/page.tsx [app-rsc] (ecmascript, Next.js Server Component)" } [app-rsc] (ecmascript) <locals>] {
[2026-08-19T17:26:15.723Z] [cause]: [Error: ENOENT: no such file or directory, open '/home/ubuntu/orchids-blindy/.next/server/chunks/ssr/ubuntu_orchids-blindy_src_components_blindados_TimeChart_tsx_30c86e23._.js'] {
[2026-08-19T17:26:15.723Z] errno: -2,
[2026-08-19T17:26:15.723Z] code: 'ENOENT',
[2026-08-19T17:26:15.723Z] syscall: 'open',
[2026-08-19T17:26:15.723Z] path: '/home/ubuntu/orchids-blindy/.next/server/chunks/ssr/ubuntu_orchids-blindy_src_components_blindados_TimeChart_tsx_30c86e23._.js'
[2026-08-19T17:26:15.723Z] }
[2026-08-19T17:26:15.723Z] }
[2026-08-19T17:26:16.114Z] ⨯ unhandledRejection:  [Error: Failed to load chunk server/chunks/ssr/ubuntu_orchids-blindy_src_components_blindados_TimeChart_tsx_30c86e23._.js from module [project]/ubuntu/orchids-blindy/node_modules/.pnpm/next@15.5.7_@babel+core@7.29.7_supports-color@7.2.0__react-dom@19.0.0_react@19.0.0__react@19.0.0/node_modules/next/dist/esm/build/templates/app-page.js?page=/page { GLOBAL_ERROR_MODULE => "[project]/ubuntu/orchids-blindy/src/app/global-error.tsx [app-rsc] (ecmascript, Next.js Server Component)", METADATA_0 => "[project]/ubuntu/orchids-blindy/src/app/favicon.ico.mjs { IMAGE => \"[project]/ubuntu/orchids-blindy/src/app/favicon.ico (static in ecmascript)\" } [app-rsc] (structured image object, ecmascript, Next.js Server Component)", MODULE_1 => "[project]/ubuntu/orchids-blindy/src/app/layout.tsx [app-rsc] (ecmascript, Next.js Server Component)", MODULE_2 => "[project]/ubuntu/orchids-blindy/src/app/not-found.tsx [app-rsc] (ecmascript, Next.js Server Component)", MODULE_3 => "[project]/ubuntu/orchids-blindy/node_modules/.pnpm/next@15.5.7_@babel+core@7.29.7_supports-color@7.2.0__react-dom@19.0.0_react@19.0.0__react@19.0.0/node_modules/next/dist/client/components/builtin/forbidden.js [app-rsc] (ecmascript, Next.js Server Component)", MODULE_4 => "[project]/ubuntu/orchids-blindy/node_modules/.pnpm/next@15.5.7_@babel+core@7.29.7_supports-color@7.2.0__react-dom@19.0.0_react@19.0.0__react@19.0.0/node_modules/next/dist/client/components/builtin/unauthorized.js [app-rsc] (ecmascript, Next.js Server Component)", MODULE_5 => "[project]/ubuntu/orchids-blindy/src/app/global-error.tsx [app-rsc] (ecmascript, Next.js Server Component)", MODULE_6 => "[project]/ubuntu/orchids-blindy/src/app/page.tsx [app-rsc] (ecmascript, Next.js Server Component)" } [app-rsc] (ecmascript) <locals>] {
[2026-08-19T17:26:16.114Z] [cause]: [Error: ENOENT: no such file or directory, open '/home/ubuntu/orchids-blindy/.next/server/chunks/ssr/ubuntu_orchids-blindy_src_components_blindados_TimeChart_tsx_30c86e23._.js'] {
[2026-08-19T17:26:16.114Z] errno: -2,
[2026-08-19T17:26:16.114Z] code: 'ENOENT',
[2026-08-19T17:26:16.114Z] syscall: 'open',
[2026-08-19T17:26:16.114Z] path: '/home/ubuntu/orchids-blindy/.next/server/chunks/ssr/ubuntu_orchids-blindy_src_components_blindados_TimeChart_tsx_30c86e23._.js'
[2026-08-19T17:26:16.114Z] }
[2026-08-19T17:26:16.114Z] }
[2026-08-19T17:26:16.585Z] [Error: Failed to load chunk server/chunks/ssr/ubuntu_orchids-blindy_src_components_blindados_KanbanBoard_tsx_16055c41._.js from module [project]/ubuntu/orchids-blindy/node_modules/.pnpm/next@15.5.7_@babel+core@7.29.7_supports-color@7.2.0__react-dom@19.0.0_react@19.0.0__react@19.0.0/node_modules/next/dist/esm/build/templates/app-page.js?page=/page { GLOBAL_ERROR_MODULE => "[project]/ubuntu/orchids-blindy/src/app/global-error.tsx [app-rsc] (ecmascript, Next.js Server Component)", METADATA_0 => "[project]/ubuntu/orchids-blindy/src/app/favicon.ico.mjs { IMAGE => \"[project]/ubuntu/orchids-blindy/src/app/favicon.ico (static in ecmascript)\" } [app-rsc] (structured image object, ecmascript, Next.js Server Component)", MODULE_1 => "[project]/ubuntu/orchids-blindy/src/app/layout.tsx [app-rsc] (ecmascript, Next.js Server Component)", MODULE_2 => "[project]/ubuntu/orchids-blindy/src/app/not-found.tsx [app-rsc] (ecmascript, Next.js Server Component)", MODULE_3 => "[project]/ubuntu/orchids-blindy/node_modules/.pnpm/next@15.5.7_@babel+core@7.29.7_supports-color@7.2.0__react-dom@19.0.0_react@19.0.0__react@19.0.0/node_modules/next/dist/client/components/builtin/forbidden.js [app-rsc] (ecmascript, Next.js Server Component)", MODULE_4 => "[project]/ubuntu/orchids-blindy/node_modules/.pnpm/next@15.5.7_@babel+core@7.29.7_supports-color@7.2.0__react-dom@19.0.0_react@19.0.0__react@19.0.0/node_modules/next/dist/client/components/builtin/unauthorized.js [app-rsc] (ecmascript, Next.js Server Component)", MODULE_5 => "[project]/ubuntu/orchids-blindy/src/app/global-error.tsx [app-rsc] (ecmascript, Next.js Server Component)", MODULE_6 => "[project]/ubuntu/orchids-blindy/src/app/page.tsx [app-rsc] (ecmascript, Next.js Server Component)" } [app-rsc] (ecmascript) <locals>] {
[2026-08-19T17:26:16.585Z] [cause]: [Error: ENOENT: no such file or directory, open '/home/ubuntu/orchids-blindy/.next/server/chunks/ssr/ubuntu_orchids-blindy_src_components_blindados_KanbanBoard_tsx_16055c41._.js'] {
[2026-08-19T17:26:16.585Z] errno: -2,
[2026-08-19T17:26:16.585Z] code: 'ENOENT',
[2026-08-19T17:26:16.585Z] syscall: 'open',
[2026-08-19T17:26:16.585Z] path: '/home/ubuntu/orchids-blindy/.next/server/chunks/ssr/ubuntu_orchids-blindy_src_components_blindados_KanbanBoard_tsx_16055c41._.js'
[2026-08-19T17:26:16.585Z] }
[2026-08-19T17:26:16.585Z] }
[2026-08-19T17:26:16.995Z] ⨯ unhandledRejection: [Error: Failed to load chunk server/chunks/ssr/ubuntu_orchids-blindy_src_components_blindados_KanbanBoard_tsx_16055c41._.js from module [project]/ubuntu/orchids-blindy/node_modules/.pnpm/next@15.5.7_@babel+core@7.29.7_supports-color@7.2.0__react-dom@19.0.0_react@19.0.0__react@19.0.0/node_modules/next/dist/esm/build/templates/app-page.js?page=/page { GLOBAL_ERROR_MODULE => "[project]/ubuntu/orchids-blindy/src/app/global-error.tsx [app-rsc] (ecmascript, Next.js Server Component)", METADATA_0 => "[project]/ubuntu/orchids-blindy/src/app/favicon.ico.mjs { IMAGE => \"[project]/ubuntu/orchids-blindy/src/app/favicon.ico (static in ecmascript)\" } [app-rsc] (structured image object, ecmascript, Next.js Server Component)", MODULE_1 => "[project]/ubuntu/orchids-blindy/src/app/layout.tsx [app-rsc] (ecmascript, Next.js Server Component)", MODULE_2 => "[project]/ubuntu/orchids-blindy/src/app/not-found.tsx [app-rsc] (ecmascript, Next.js Server Component)", MODULE_3 => "[project]/ubuntu/orchids-blindy/node_modules/.pnpm/next@15.5.7_@babel+core@7.29.7_supports-color@7.2.0__react-dom@19.0.0_react@19.0.0__react@19.0.0/node_modules/next/dist/client/components/builtin/forbidden.js [app-rsc] (ecmascript, Next.js Server Component)", MODULE_4 => "[project]/ubuntu/orchids-blindy/node_modules/.pnpm/next@15.5.7_@babel+core@7.29.7_supports-color@7.2.0__react-dom@19.0.0_react@19.0.0__react@19.0.0/node_modules/next/dist/client/components/builtin/unauthorized.js [app-rsc] (ecmascript, Next.js Server Component)", MODULE_5 => "[project]/ubuntu/orchids-blindy/src/app/global-error.tsx [app-rsc] (ecmascript, Next.js Server Component)", MODULE_6 => "[project]/ubuntu/orchids-blindy/src/app/page.tsx [app-rsc] (ecmascript, Next.js Server Component)" } [app-rsc] (ecmascript) <locals>] {
[2026-08-19T17:26:16.995Z] [cause]: [Error: ENOENT: no such file or directory, open '/home/ubuntu/orchids-blindy/.next/server/chunks/ssr/ubuntu_orchids-blindy_src_components_blindados_KanbanBoard_tsx_16055c41._.js'] {
[2026-08-19T17:26:16.995Z] errno: -2,
[2026-08-19T17:26:16.995Z] code: 'ENOENT',
[2026-08-19T17:26:16.995Z] syscall: 'open',
[2026-08-19T17:26:16.995Z] path: '/home/ubuntu/orchids-blindy/.next/server/chunks/ssr/ubuntu_orchids-blindy_src_components_blindados_KanbanBoard_tsx_16055c41._.js'
[2026-08-19T17:26:16.995Z] }
[2026-08-19T17:26:16.995Z] }
[2026-08-19T17:26:17.417Z] ⨯ unhandledRejection:  [Error: Failed to load chunk server/chunks/ssr/ubuntu_orchids-blindy_src_components_blindados_KanbanBoard_tsx_16055c41._.js from module [project]/ubuntu/orchids-blindy/node_modules/.pnpm/next@15.5.7_@babel+core@7.29.7_supports-color@7.2.0__react-dom@19.0.0_react@19.0.0__react@19.0.0/node_modules/next/dist/esm/build/templates/app-page.js?page=/page { GLOBAL_ERROR_MODULE => "[project]/ubuntu/orchids-blindy/src/app/global-error.tsx [app-rsc] (ecmascript, Next.js Server Component)", METADATA_0 => "[project]/ubuntu/orchids-blindy/src/app/favicon.ico.mjs { IMAGE => \"[project]/ubuntu/orchids-blindy/src/app/favicon.ico (static in ecmascript)\" } [app-rsc] (structured image object, ecmascript, Next.js Server Component)", MODULE_1 => "[project]/ubuntu/orchids-blindy/src/app/layout.tsx [app-rsc] (ecmascript, Next.js Server Component)", MODULE_2 => "[project]/ubuntu/orchids-blindy/src/app/not-found.tsx [app-rsc] (ecmascript, Next.js Server Component)", MODULE_3 => "[project]/ubuntu/orchids-blindy/node_modules/.pnpm/next@15.5.7_@babel+core@7.29.7_supports-color@7.2.0__react-dom@19.0.0_react@19.0.0__react@19.0.0/node_modules/next/dist/client/components/builtin/forbidden.js [app-rsc] (ecmascript, Next.js Server Component)", MODULE_4 => "[project]/ubuntu/orchids-blindy/node_modules/.pnpm/next@15.5.7_@babel+core@7.29.7_supports-color@7.2.0__react-dom@19.0.0_react@19.0.0__react@19.0.0/node_modules/next/dist/client/components/builtin/unauthorized.js [app-rsc] (ecmascript, Next.js Server Component)", MODULE_5 => "[project]/ubuntu/orchids-blindy/src/app/global-error.tsx [app-rsc] (ecmascript, Next.js Server Component)", MODULE_6 => "[project]/ubuntu/orchids-blindy/src/app/page.tsx [app-rsc] (ecmascript, Next.js Server Component)" } [app-rsc] (ecmascript) <locals>] {
[2026-08-19T17:26:17.417Z] [cause]: [Error: ENOENT: no such file or directory, open '/home/ubuntu/orchids-blindy/.next/server/chunks/ssr/ubuntu_orchids-blindy_src_components_blindados_KanbanBoard_tsx_16055c41._.js'] {
[2026-08-19T17:26:17.417Z] errno: -2,
[2026-08-19T17:26:17.417Z] code: 'ENOENT',
[2026-08-19T17:26:17.417Z] syscall: 'open',
[2026-08-19T17:26:17.417Z] path: '/home/ubuntu/orchids-blindy/.next/server/chunks/ssr/ubuntu_orchids-blindy_src_components_blindados_KanbanBoard_tsx_16055c41._.js'
[2026-08-19T17:26:17.417Z] }
[2026-08-19T17:26:17.417Z] }
[2026-08-19T17:26:17.830Z] [Error: Failed to load chunk server/chunks/ssr/ubuntu_orchids-blindy_src_components_blindados_TeamsSection_tsx_cab9db86._.js from module [project]/ubuntu/orchids-blindy/node_modules/.pnpm/next@15.5.7_@babel+core@7.29.7_supports-color@7.2.0__react-dom@19.0.0_react@19.0.0__react@19.0.0/node_modules/next/dist/esm/build/templates/app-page.js?page=/page { GLOBAL_ERROR_MODULE => "[project]/ubuntu/orchids-blindy/src/app/global-error.tsx [app-rsc] (ecmascript, Next.js Server Component)", METADATA_0 => "[project]/ubuntu/orchids-blindy/src/app/favicon.ico.mjs { IMAGE => \"[project]/ubuntu/orchids-blindy/src/app/favicon.ico (static in ecmascript)\" } [app-rsc] (structured image object, ecmascript, Next.js Server Component)", MODULE_1 => "[project]/ubuntu/orchids-blindy/src/app/layout.tsx [app-rsc] (ecmascript, Next.js Server Component)", MODULE_2 => "[project]/ubuntu/orchids-blindy/src/app/not-found.tsx [app-rsc] (ecmascript, Next.js Server Component)", MODULE_3 => "[project]/ubuntu/orchids-blindy/node_modules/.pnpm/next@15.5.7_@babel+core@7.29.7_supports-color@7.2.0__react-dom@19.0.0_react@19.0.0__react@19.0.0/node_modules/next/dist/client/components/builtin/forbidden.js [app-rsc] (ecmascript, Next.js Server Component)", MODULE_4 => "[project]/ubuntu/orchids-blindy/node_modules/.pnpm/next@15.5.7_@babel+core@7.29.7_supports-color@7.2.0__react-dom@19.0.0_react@19.0.0__react@19.0.0/node_modules/next/dist/client/components/builtin/unauthorized.js [app-rsc] (ecmascript, Next.js Server Component)", MODULE_5 => "[project]/ubuntu/orchids-blindy/src/app/global-error.tsx [app-rsc] (ecmascript, Next.js Server Component)", MODULE_6 => "[project]/ubuntu/orchids-blindy/src/app/page.tsx [app-rsc] (ecmascript, Next.js Server Component)" } [app-rsc] (ecmascript) <locals>] {
[2026-08-19T17:26:17.831Z] [cause]: [Error: ENOENT: no such file or directory, open '/home/ubuntu/orchids-blindy/.next/server/chunks/ssr/ubuntu_orchids-blindy_src_components_blindados_TeamsSection_tsx_cab9db86._.js'] {
[2026-08-19T17:26:17.831Z] errno: -2,
[2026-08-19T17:26:17.831Z] code: 'ENOENT',
[2026-08-19T17:26:17.831Z] syscall: 'open',
[2026-08-19T17:26:17.831Z] path: '/home/ubuntu/orchids-blindy/.next/server/chunks/ssr/ubuntu_orchids-blindy_src_components_blindados_TeamsSection_tsx_cab9db86._.js'
[2026-08-19T17:26:17.831Z] }
[2026-08-19T17:26:17.831Z] }
[2026-08-19T17:26:18.253Z] ⨯ unhandledRejection: [Error: Failed to load chunk server/chunks/ssr/ubuntu_orchids-blindy_src_components_blindados_TeamsSection_tsx_cab9db86._.js from module [project]/ubuntu/orchids-blindy/node_modules/.pnpm/next@15.5.7_@babel+core@7.29.7_supports-color@7.2.0__react-dom@19.0.0_react@19.0.0__react@19.0.0/node_modules/next/dist/esm/build/templates/app-page.js?page=/page { GLOBAL_ERROR_MODULE => "[project]/ubuntu/orchids-blindy/src/app/global-error.tsx [app-rsc] (ecmascript, Next.js Server Component)", METADATA_0 => "[project]/ubuntu/orchids-blindy/src/app/favicon.ico.mjs { IMAGE => \"[project]/ubuntu/orchids-blindy/src/app/favicon.ico (static in ecmascript)\" } [app-rsc] (structured image object, ecmascript, Next.js Server Component)", MODULE_1 => "[project]/ubuntu/orchids-blindy/src/app/layout.tsx [app-rsc] (ecmascript, Next.js Server Component)", MODULE_2 => "[project]/ubuntu/orchids-blindy/src/app/not-found.tsx [app-rsc] (ecmascript, Next.js Server Component)", MODULE_3 => "[project]/ubuntu/orchids-blindy/node_modules/.pnpm/next@15.5.7_@babel+core@7.29.7_supports-color@7.2.0__react-dom@19.0.0_react@19.0.0__react@19.0.0/node_modules/next/dist/client/components/builtin/forbidden.js [app-rsc] (ecmascript, Next.js Server Component)", MODULE_4 => "[project]/ubuntu/orchids-blindy/node_modules/.pnpm/next@15.5.7_@babel+core@7.29.7_supports-color@7.2.0__react-dom@19.0.0_react@19.0.0__react@19.0.0/node_modules/next/dist/client/components/builtin/unauthorized.js [app-rsc] (ecmascript, Next.js Server Component)", MODULE_5 => "[project]/ubuntu/orchids-blindy/src/app/global-error.tsx [app-rsc] (ecmascript, Next.js Server Component)", MODULE_6 => "[project]/ubuntu/orchids-blindy/src/app/page.tsx [app-rsc] (ecmascript, Next.js Server Component)" } [app-rsc] (ecmascript) <locals>] {
[2026-08-19T17:26:18.253Z] [cause]: [Error: ENOENT: no such file or directory, open '/home/ubuntu/orchids-blindy/.next/server/chunks/ssr/ubuntu_orchids-blindy_src_components_blindados_TeamsSection_tsx_cab9db86._.js'] {
[2026-08-19T17:26:18.253Z] errno: -2,
[2026-08-19T17:26:18.253Z] code: 'ENOENT',
[2026-08-19T17:26:18.253Z] syscall: 'open',
[2026-08-19T17:26:18.253Z] path: '/home/ubuntu/orchids-blindy/.next/server/chunks/ssr/ubuntu_orchids-blindy_src_components_blindados_TeamsSection_tsx_cab9db86._.js'
[2026-08-19T17:26:18.253Z] }
[2026-08-19T17:26:18.253Z] }
[2026-08-19T17:26:18.691Z] ⨯ unhandledRejection:  [Error: Failed to load chunk server/chunks/ssr/ubuntu_orchids-blindy_src_components_blindados_TeamsSection_tsx_cab9db86._.js from module [project]/ubuntu/orchids-blindy/node_modules/.pnpm/next@15.5.7_@babel+core@7.29.7_supports-color@7.2.0__react-dom@19.0.0_react@19.0.0__react@19.0.0/node_modules/next/dist/esm/build/templates/app-page.js?page=/page { GLOBAL_ERROR_MODULE => "[project]/ubuntu/orchids-blindy/src/app/global-error.tsx [app-rsc] (ecmascript, Next.js Server Component)", METADATA_0 => "[project]/ubuntu/orchids-blindy/src/app/favicon.ico.mjs { IMAGE => \"[project]/ubuntu/orchids-blindy/src/app/favicon.ico (static in ecmascript)\" } [app-rsc] (structured image object, ecmascript, Next.js Server Component)", MODULE_1 => "[project]/ubuntu/orchids-blindy/src/app/layout.tsx [app-rsc] (ecmascript, Next.js Server Component)", MODULE_2 => "[project]/ubuntu/orchids-blindy/src/app/not-found.tsx [app-rsc] (ecmascript, Next.js Server Component)", MODULE_3 => "[project]/ubuntu/orchids-blindy/node_modules/.pnpm/next@15.5.7_@babel+core@7.29.7_supports-color@7.2.0__react-dom@19.0.0_react@19.0.0__react@19.0.0/node_modules/next/dist/client/components/builtin/forbidden.js [app-rsc] (ecmascript, Next.js Server Component)", MODULE_4 => "[project]/ubuntu/orchids-blindy/node_modules/.pnpm/next@15.5.7_@babel+core@7.29.7_supports-color@7.2.0__react-dom@19.0.0_react@19.0.0__react@19.0.0/node_modules/next/dist/client/components/builtin/unauthorized.js [app-rsc] (ecmascript, Next.js Server Component)", MODULE_5 => "[project]/ubuntu/orchids-blindy/src/app/global-error.tsx [app-rsc] (ecmascript, Next.js Server Component)", MODULE_6 => "[project]/ubuntu/orchids-blindy/src/app/page.tsx [app-rsc] (ecmascript, Next.js Server Component)" } [app-rsc] (ecmascript) <locals>] {
[2026-08-19T17:26:18.692Z] [cause]: [Error: ENOENT: no such file or directory, open '/home/ubuntu/orchids-blindy/.next/server/chunks/ssr/ubuntu_orchids-blindy_src_components_blindados_TeamsSection_tsx_cab9db86._.js'] {
[2026-08-19T17:26:18.692Z] errno: -2,
[2026-08-19T17:26:18.692Z] code: 'ENOENT',
[2026-08-19T17:26:18.692Z] syscall: 'open',
[2026-08-19T17:26:18.692Z] path: '/home/ubuntu/orchids-blindy/.next/server/chunks/ssr/ubuntu_orchids-blindy_src_components_blindados_TeamsSection_tsx_cab9db86._.js'
[2026-08-19T17:26:18.692Z] }
[2026-08-19T17:26:18.692Z] }
[2026-08-19T17:26:19.129Z] [Error: Failed to load chunk server/chunks/ssr/ubuntu_orchids-blindy_src_components_blindados_5eeae70a._.js from module [project]/ubuntu/orchids-blindy/node_modules/.pnpm/next@15.5.7_@babel+core@7.29.7_supports-color@7.2.0__react-dom@19.0.0_react@19.0.0__react@19.0.0/node_modules/next/dist/esm/build/templates/app-page.js?page=/page { GLOBAL_ERROR_MODULE => "[project]/ubuntu/orchids-blindy/src/app/global-error.tsx [app-rsc] (ecmascript, Next.js Server Component)", METADATA_0 => "[project]/ubuntu/orchids-blindy/src/app/favicon.ico.mjs { IMAGE => \"[project]/ubuntu/orchids-blindy/src/app/favicon.ico (static in ecmascript)\" } [app-rsc] (structured image object, ecmascript, Next.js Server Component)", MODULE_1 => "[project]/ubuntu/orchids-blindy/src/app/layout.tsx [app-rsc] (ecmascript, Next.js Server Component)", MODULE_2 => "[project]/ubuntu/orchids-blindy/src/app/not-found.tsx [app-rsc] (ecmascript, Next.js Server Component)", MODULE_3 => "[project]/ubuntu/orchids-blindy/node_modules/.pnpm/next@15.5.7_@babel+core@7.29.7_supports-color@7.2.0__react-dom@19.0.0_react@19.0.0__react@19.0.0/node_modules/next/dist/client/components/builtin/forbidden.js [app-rsc] (ecmascript, Next.js Server Component)", MODULE_4 => "[project]/ubuntu/orchids-blindy/node_modules/.pnpm/next@15.5.7_@babel+core@7.29.7_supports-color@7.2.0__react-dom@19.0.0_react@19.0.0__react@19.0.0/node_modules/next/dist/client/components/builtin/unauthorized.js [app-rsc] (ecmascript, Next.js Server Component)", MODULE_5 => "[project]/ubuntu/orchids-blindy/src/app/global-error.tsx [app-rsc] (ecmascript, Next.js Server Component)", MODULE_6 => "[project]/ubuntu/orchids-blindy/src/app/page.tsx [app-rsc] (ecmascript, Next.js Server Component)" } [app-rsc] (ecmascript) <locals>] {
[2026-08-19T17:26:19.129Z] [cause]: [Error: ENOENT: no such file or directory, open '/home/ubuntu/orchids-blindy/.next/server/chunks/ssr/ubuntu_orchids-blindy_src_components_blindados_5eeae70a._.js'] {
[2026-08-19T17:26:19.129Z] errno: -2,
[2026-08-19T17:26:19.129Z] code: 'ENOENT',
[2026-08-19T17:26:19.129Z] syscall: 'open',
[2026-08-19T17:26:19.129Z] path: '/home/ubuntu/orchids-blindy/.next/server/chunks/ssr/ubuntu_orchids-blindy_src_components_blindados_5eeae70a._.js'
[2026-08-19T17:26:19.129Z] }
[2026-08-19T17:26:19.129Z] }
[2026-08-19T17:26:19.650Z] ⨯ unhandledRejection: [Error: Failed to load chunk server/chunks/ssr/ubuntu_orchids-blindy_src_components_blindados_5eeae70a._.js from module [project]/ubuntu/orchids-blindy/node_modules/.pnpm/next@15.5.7_@babel+core@7.29.7_supports-color@7.2.0__react-dom@19.0.0_react@19.0.0__react@19.0.0/node_modules/next/dist/esm/build/templates/app-page.js?page=/page { GLOBAL_ERROR_MODULE => "[project]/ubuntu/orchids-blindy/src/app/global-error.tsx [app-rsc] (ecmascript, Next.js Server Component)", METADATA_0 => "[project]/ubuntu/orchids-blindy/src/app/favicon.ico.mjs { IMAGE => \"[project]/ubuntu/orchids-blindy/src/app/favicon.ico (static in ecmascript)\" } [app-rsc] (structured image object, ecmascript, Next.js Server Component)", MODULE_1 => "[project]/ubuntu/orchids-blindy/src/app/layout.tsx [app-rsc] (ecmascript, Next.js Server Component)", MODULE_2 => "[project]/ubuntu/orchids-blindy/src/app/not-found.tsx [app-rsc] (ecmascript, Next.js Server Component)", MODULE_3 => "[project]/ubuntu/orchids-blindy/node_modules/.pnpm/next@15.5.7_@babel+core@7.29.7_supports-color@7.2.0__react-dom@19.0.0_react@19.0.0__react@19.0.0/node_modules/next/dist/client/components/builtin/forbidden.js [app-rsc] (ecmascript, Next.js Server Component)", MODULE_4 => "[project]/ubuntu/orchids-blindy/node_modules/.pnpm/next@15.5.7_@babel+core@7.29.7_supports-color@7.2.0__react-dom@19.0.0_react@19.0.0__react@19.0.0/node_modules/next/dist/client/components/builtin/unauthorized.js [app-rsc] (ecmascript, Next.js Server Component)", MODULE_5 => "[project]/ubuntu/orchids-blindy/src/app/global-error.tsx [app-rsc] (ecmascript, Next.js Server Component)", MODULE_6 => "[project]/ubuntu/orchids-blindy/src/app/page.tsx [app-rsc] (ecmascript, Next.js Server Component)" } [app-rsc] (ecmascript) <locals>] {
[2026-08-19T17:26:19.650Z] [cause]: [Error: ENOENT: no such file or directory, open '/home/ubuntu/orchids-blindy/.next/server/chunks/ssr/ubuntu_orchids-blindy_src_components_blindados_5eeae70a._.js'] {
[2026-08-19T17:26:19.650Z] errno: -2,
[2026-08-19T17:26:19.650Z] code: 'ENOENT',
[2026-08-19T17:26:19.650Z] syscall: 'open',
[2026-08-19T17:26:19.650Z] path: '/home/ubuntu/orchids-blindy/.next/server/chunks/ssr/ubuntu_orchids-blindy_src_components_blindados_5eeae70a._.js'
[2026-08-19T17:26:19.650Z] }
[2026-08-19T17:26:19.650Z] }
[2026-08-19T17:26:20.042Z] ⨯ unhandledRejection:  [Error: Failed to load chunk server/chunks/ssr/ubuntu_orchids-blindy_src_components_blindados_5eeae70a._.js from module [project]/ubuntu/orchids-blindy/node_modules/.pnpm/next@15.5.7_@babel+core@7.29.7_supports-color@7.2.0__react-dom@19.0.0_react@19.0.0__react@19.0.0/node_modules/next/dist/esm/build/templates/app-page.js?page=/page { GLOBAL_ERROR_MODULE => "[project]/ubuntu/orchids-blindy/src/app/global-error.tsx [app-rsc] (ecmascript, Next.js Server Component)", METADATA_0 => "[project]/ubuntu/orchids-blindy/src/app/favicon.ico.mjs { IMAGE => \"[project]/ubuntu/orchids-blindy/src/app/favicon.ico (static in ecmascript)\" } [app-rsc] (structured image object, ecmascript, Next.js Server Component)", MODULE_1 => "[project]/ubuntu/orchids-blindy/src/app/layout.tsx [app-rsc] (ecmascript, Next.js Server Component)", MODULE_2 => "[project]/ubuntu/orchids-blindy/src/app/not-found.tsx [app-rsc] (ecmascript, Next.js Server Component)", MODULE_3 => "[project]/ubuntu/orchids-blindy/node_modules/.pnpm/next@15.5.7_@babel+core@7.29.7_supports-color@7.2.0__react-dom@19.0.0_react@19.0.0__react@19.0.0/node_modules/next/dist/client/components/builtin/forbidden.js [app-rsc] (ecmascript, Next.js Server Component)", MODULE_4 => "[project]/ubuntu/orchids-blindy/node_modules/.pnpm/next@15.5.7_@babel+core@7.29.7_supports-color@7.2.0__react-dom@19.0.0_react@19.0.0__react@19.0.0/node_modules/next/dist/client/components/builtin/unauthorized.js [app-rsc] (ecmascript, Next.js Server Component)", MODULE_5 => "[project]/ubuntu/orchids-blindy/src/app/global-error.tsx [app-rsc] (ecmascript, Next.js Server Component)", MODULE_6 => "[project]/ubuntu/orchids-blindy/src/app/page.tsx [app-rsc] (ecmascript, Next.js Server Component)" } [app-rsc] (ecmascript) <locals>] {
[2026-08-19T17:26:20.042Z] [cause]: [Error: ENOENT: no such file or directory, open '/home/ubuntu/orchids-blindy/.next/server/chunks/ssr/ubuntu_orchids-blindy_src_components_blindados_5eeae70a._.js'] {
[2026-08-19T17:26:20.042Z] errno: -2,
[2026-08-19T17:26:20.042Z] code: 'ENOENT',
[2026-08-19T17:26:20.042Z] syscall: 'open',
[2026-08-19T17:26:20.042Z] path: '/home/ubuntu/orchids-blindy/.next/server/chunks/ssr/ubuntu_orchids-blindy_src_components_blindados_5eeae70a._.js'
[2026-08-19T17:26:20.042Z] }
[2026-08-19T17:26:20.042Z] }
[2026-08-19T17:26:20.473Z] [Error: Failed to load chunk server/chunks/ssr/ubuntu_orchids-blindy_src_components_visoes_FinancasPage_tsx_bf6f29e8._.js from module [project]/ubuntu/orchids-blindy/node_modules/.pnpm/next@15.5.7_@babel+core@7.29.7_supports-color@7.2.0__react-dom@19.0.0_react@19.0.0__react@19.0.0/node_modules/next/dist/esm/build/templates/app-page.js?page=/page { GLOBAL_ERROR_MODULE => "[project]/ubuntu/orchids-blindy/src/app/global-error.tsx [app-rsc] (ecmascript, Next.js Server Component)", METADATA_0 => "[project]/ubuntu/orchids-blindy/src/app/favicon.ico.mjs { IMAGE => \"[project]/ubuntu/orchids-blindy/src/app/favicon.ico (static in ecmascript)\" } [app-rsc] (structured image object, ecmascript, Next.js Server Component)", MODULE_1 => "[project]/ubuntu/orchids-blindy/src/app/layout.tsx [app-rsc] (ecmascript, Next.js Server Component)", MODULE_2 => "[project]/ubuntu/orchids-blindy/src/app/not-found.tsx [app-rsc] (ecmascript, Next.js Server Component)", MODULE_3 => "[project]/ubuntu/orchids-blindy/node_modules/.pnpm/next@15.5.7_@babel+core@7.29.7_supports-color@7.2.0__react-dom@19.0.0_react@19.0.0__react@19.0.0/node_modules/next/dist/client/components/builtin/forbidden.js [app-rsc] (ecmascript, Next.js Server Component)", MODULE_4 => "[project]/ubuntu/orchids-blindy/node_modules/.pnpm/next@15.5.7_@babel+core@7.29.7_supports-color@7.2.0__react-dom@19.0.0_react@19.0.0__react@19.0.0/node_modules/next/dist/client/components/builtin/unauthorized.js [app-rsc] (ecmascript, Next.js Server Component)", MODULE_5 => "[project]/ubuntu/orchids-blindy/src/app/global-error.tsx [app-rsc] (ecmascript, Next.js Server Component)", MODULE_6 => "[project]/ubuntu/orchids-blindy/src/app/page.tsx [app-rsc] (ecmascript, Next.js Server Component)" } [app-rsc] (ecmascript) <locals>] {
[2026-08-19T17:26:20.473Z] [cause]: [Error: ENOENT: no such file or directory, open '/home/ubuntu/orchids-blindy/.next/server/chunks/ssr/ubuntu_orchids-blindy_src_components_visoes_FinancasPage_tsx_bf6f29e8._.js'] {
[2026-08-19T17:26:20.473Z] errno: -2,
[2026-08-19T17:26:20.473Z] code: 'ENOENT',
[2026-08-19T17:26:20.473Z] syscall: 'open',
[2026-08-19T17:26:20.473Z] path: '/home/ubuntu/orchids-blindy/.next/server/chunks/ssr/ubuntu_orchids-blindy_src_components_visoes_FinancasPage_tsx_bf6f29e8._.js'
[2026-08-19T17:26:20.473Z] }
[2026-08-19T17:26:20.473Z] }
[2026-08-19T17:26:20.861Z] ⨯ unhandledRejection: [Error: Failed to load chunk server/chunks/ssr/ubuntu_orchids-blindy_src_components_visoes_FinancasPage_tsx_bf6f29e8._.js from module [project]/ubuntu/orchids-blindy/node_modules/.pnpm/next@15.5.7_@babel+core@7.29.7_supports-color@7.2.0__react-dom@19.0.0_react@19.0.0__react@19.0.0/node_modules/next/dist/esm/build/templates/app-page.js?page=/page { GLOBAL_ERROR_MODULE => "[project]/ubuntu/orchids-blindy/src/app/global-error.tsx [app-rsc] (ecmascript, Next.js Server Component)", METADATA_0 => "[project]/ubuntu/orchids-blindy/src/app/favicon.ico.mjs { IMAGE => \"[project]/ubuntu/orchids-blindy/src/app/favicon.ico (static in ecmascript)\" } [app-rsc] (structured image object, ecmascript, Next.js Server Component)", MODULE_1 => "[project]/ubuntu/orchids-blindy/src/app/layout.tsx [app-rsc] (ecmascript, Next.js Server Component)", MODULE_2 => "[project]/ubuntu/orchids-blindy/src/app/not-found.tsx [app-rsc] (ecmascript, Next.js Server Component)", MODULE_3 => "[project]/ubuntu/orchids-blindy/node_modules/.pnpm/next@15.5.7_@babel+core@7.29.7_supports-color@7.2.0__react-dom@19.0.0_react@19.0.0__react@19.0.0/node_modules/next/dist/client/components/builtin/forbidden.js [app-rsc] (ecmascript, Next.js Server Component)", MODULE_4 => "[project]/ubuntu/orchids-blindy/node_modules/.pnpm/next@15.5.7_@babel+core@7.29.7_supports-color@7.2.0__react-dom@19.0.0_react@19.0.0__react@19.0.0/node_modules/next/dist/client/components/builtin/unauthorized.js [app-rsc] (ecmascript, Next.js Server Component)", MODULE_5 => "[project]/ubuntu/orchids-blindy/src/app/global-error.tsx [app-rsc] (ecmascript, Next.js Server Component)", MODULE_6 => "[project]/ubuntu/orchids-blindy/src/app/page.tsx [app-rsc] (ecmascript, Next.js Server Component)" } [app-rsc] (ecmascript) <locals>] {
[2026-08-19T17:26:20.861Z] [cause]: [Error: ENOENT: no such file or directory, open '/home/ubuntu/orchids-blindy/.next/server/chunks/ssr/ubuntu_orchids-blindy_src_components_visoes_FinancasPage_tsx_bf6f29e8._.js'] {
[2026-08-19T17:26:20.861Z] errno: -2,
[2026-08-19T17:26:20.861Z] code: 'ENOENT',
[2026-08-19T17:26:20.861Z] syscall: 'open',
[2026-08-19T17:26:20.861Z] path: '/home/ubuntu/orchids-blindy/.next/server/chunks/ssr/ubuntu_orchids-blindy_src_components_visoes_FinancasPage_tsx_bf6f29e8._.js'
[2026-08-19T17:26:20.861Z] }
[2026-08-19T17:26:20.861Z] }
[2026-08-19T17:26:21.277Z] ⨯ unhandledRejection:  [Error: Failed to load chunk server/chunks/ssr/ubuntu_orchids-blindy_src_components_visoes_FinancasPage_tsx_bf6f29e8._.js from module [project]/ubuntu/orchids-blindy/node_modules/.pnpm/next@15.5.7_@babel+core@7.29.7_supports-color@7.2.0__react-dom@19.0.0_react@19.0.0__react@19.0.0/node_modules/next/dist/esm/build/templates/app-page.js?page=/page { GLOBAL_ERROR_MODULE => "[project]/ubuntu/orchids-blindy/src/app/global-error.tsx [app-rsc] (ecmascript, Next.js Server Component)", METADATA_0 => "[project]/ubuntu/orchids-blindy/src/app/favicon.ico.mjs { IMAGE => \"[project]/ubuntu/orchids-blindy/src/app/favicon.ico (static in ecmascript)\" } [app-rsc] (structured image object, ecmascript, Next.js Server Component)", MODULE_1 => "[project]/ubuntu/orchids-blindy/src/app/layout.tsx [app-rsc] (ecmascript, Next.js Server Component)", MODULE_2 => "[project]/ubuntu/orchids-blindy/src/app/not-found.tsx [app-rsc] (ecmascript, Next.js Server Component)", MODULE_3 => "[project]/ubuntu/orchids-blindy/node_modules/.pnpm/next@15.5.7_@babel+core@7.29.7_supports-color@7.2.0__react-dom@19.0.0_react@19.0.0__react@19.0.0/node_modules/next/dist/client/components/builtin/forbidden.js [app-rsc] (ecmascript, Next.js Server Component)", MODULE_4 => "[project]/ubuntu/orchids-blindy/node_modules/.pnpm/next@15.5.7_@babel+core@7.29.7_supports-color@7.2.0__react-dom@19.0.0_react@19.0.0__react@19.0.0/node_modules/next/dist/client/components/builtin/unauthorized.js [app-rsc] (ecmascript, Next.js Server Component)", MODULE_5 => "[project]/ubuntu/orchids-blindy/src/app/global-error.tsx [app-rsc] (ecmascript, Next.js Server Component)", MODULE_6 => "[project]/ubuntu/orchids-blindy/src/app/page.tsx [app-rsc] (ecmascript, Next.js Server Component)" } [app-rsc] (ecmascript) <locals>] {
[2026-08-19T17:26:21.278Z] [cause]: [Error: ENOENT: no such file or directory, open '/home/ubuntu/orchids-blindy/.next/server/chunks/ssr/ubuntu_orchids-blindy_src_components_visoes_FinancasPage_tsx_bf6f29e8._.js'] {
[2026-08-19T17:26:21.278Z] errno: -2,
[2026-08-19T17:26:21.278Z] code: 'ENOENT',
[2026-08-19T17:26:21.278Z] syscall: 'open',
[2026-08-19T17:26:21.278Z] path: '/home/ubuntu/orchids-blindy/.next/server/chunks/ssr/ubuntu_orchids-blindy_src_components_visoes_FinancasPage_tsx_bf6f29e8._.js'
[2026-08-19T17:26:21.278Z] }
[2026-08-19T17:26:21.278Z] }
[2026-08-19T17:26:21.683Z] [Error: Failed to load chunk server/chunks/ssr/ubuntu_orchids-blindy_src_components_visoes_FontesConhecimentoPage_tsx_e6b67fa3._.js from module [project]/ubuntu/orchids-blindy/node_modules/.pnpm/next@15.5.7_@babel+core@7.29.7_supports-color@7.2.0__react-dom@19.0.0_react@19.0.0__react@19.0.0/node_modules/next/dist/esm/build/templates/app-page.js?page=/page { GLOBAL_ERROR_MODULE => "[project]/ubuntu/orchids-blindy/src/app/global-error.tsx [app-rsc] (ecmascript, Next.js Server Component)", METADATA_0 => "[project]/ubuntu/orchids-blindy/src/app/favicon.ico.mjs { IMAGE => \"[project]/ubuntu/orchids-blindy/src/app/favicon.ico (static in ecmascript)\" } [app-rsc] (structured image object, ecmascript, Next.js Server Component)", MODULE_1 => "[project]/ubuntu/orchids-blindy/src/app/layout.tsx [app-rsc] (ecmascript, Next.js Server Component)", MODULE_2 => "[project]/ubuntu/orchids-blindy/src/app/not-found.tsx [app-rsc] (ecmascript, Next.js Server Component)", MODULE_3 => "[project]/ubuntu/orchids-blindy/node_modules/.pnpm/next@15.5.7_@babel+core@7.29.7_supports-color@7.2.0__react-dom@19.0.0_react@19.0.0__react@19.0.0/node_modules/next/dist/client/components/builtin/forbidden.js [app-rsc] (ecmascript, Next.js Server Component)", MODULE_4 => "[project]/ubuntu/orchids-blindy/node_modules/.pnpm/next@15.5.7_@babel+core@7.29.7_supports-color@7.2.0__react-dom@19.0.0_react@19.0.0__react@19.0.0/node_modules/next/dist/client/components/builtin/unauthorized.js [app-rsc] (ecmascript, Next.js Server Component)", MODULE_5 => "[project]/ubuntu/orchids-blindy/src/app/global-error.tsx [app-rsc] (ecmascript, Next.js Server Component)", MODULE_6 => "[project]/ubuntu/orchids-blindy/src/app/page.tsx [app-rsc] (ecmascript, Next.js Server Component)" } [app-rsc] (ecmascript) <locals>] {
[2026-08-19T17:26:21.683Z] [cause]: [Error: ENOENT: no such file or directory, open '/home/ubuntu/orchids-blindy/.next/server/chunks/ssr/ubuntu_orchids-blindy_src_components_visoes_FontesConhecimentoPage_tsx_e6b67fa3._.js'] {
[2026-08-19T17:26:21.683Z] errno: -2,
[2026-08-19T17:26:21.683Z] code: 'ENOENT',
[2026-08-19T17:26:21.683Z] syscall: 'open',
[2026-08-19T17:26:21.683Z] path: '/home/ubuntu/orchids-blindy/.next/server/chunks/ssr/ubuntu_orchids-blindy_src_components_visoes_FontesConhecimentoPage_tsx_e6b67fa3._.js'
[2026-08-19T17:26:21.683Z] }
[2026-08-19T17:26:21.683Z] }
[2026-08-19T17:26:22.116Z] ⨯ unhandledRejection: [Error: Failed to load chunk server/chunks/ssr/ubuntu_orchids-blindy_src_components_visoes_FontesConhecimentoPage_tsx_e6b67fa3._.js from module [project]/ubuntu/orchids-blindy/node_modules/.pnpm/next@15.5.7_@babel+core@7.29.7_supports-color@7.2.0__react-dom@19.0.0_react@19.0.0__react@19.0.0/node_modules/next/dist/esm/build/templates/app-page.js?page=/page { GLOBAL_ERROR_MODULE => "[project]/ubuntu/orchids-blindy/src/app/global-error.tsx [app-rsc] (ecmascript, Next.js Server Component)", METADATA_0 => "[project]/ubuntu/orchids-blindy/src/app/favicon.ico.mjs { IMAGE => \"[project]/ubuntu/orchids-blindy/src/app/favicon.ico (static in ecmascript)\" } [app-rsc] (structured image object, ecmascript, Next.js Server Component)", MODULE_1 => "[project]/ubuntu/orchids-blindy/src/app/layout.tsx [app-rsc] (ecmascript, Next.js Server Component)", MODULE_2 => "[project]/ubuntu/orchids-blindy/src/app/not-found.tsx [app-rsc] (ecmascript, Next.js Server Component)", MODULE_3 => "[project]/ubuntu/orchids-blindy/node_modules/.pnpm/next@15.5.7_@babel+core@7.29.7_supports-color@7.2.0__react-dom@19.0.0_react@19.0.0__react@19.0.0/node_modules/next/dist/client/components/builtin/forbidden.js [app-rsc] (ecmascript, Next.js Server Component)", MODULE_4 => "[project]/ubuntu/orchids-blindy/node_modules/.pnpm/next@15.5.7_@babel+core@7.29.7_supports-color@7.2.0__react-dom@19.0.0_react@19.0.0__react@19.0.0/node_modules/next/dist/client/components/builtin/unauthorized.js [app-rsc] (ecmascript, Next.js Server Component)", MODULE_5 => "[project]/ubuntu/orchids-blindy/src/app/global-error.tsx [app-rsc] (ecmascript, Next.js Server Component)", MODULE_6 => "[project]/ubuntu/orchids-blindy/src/app/page.tsx [app-rsc] (ecmascript, Next.js Server Component)" } [app-rsc] (ecmascript) <locals>] {
[2026-08-19T17:26:22.116Z] [cause]: [Error: ENOENT: no such file or directory, open '/home/ubuntu/orchids-blindy/.next/server/chunks/ssr/ubuntu_orchids-blindy_src_components_visoes_FontesConhecimentoPage_tsx_e6b67fa3._.js'] {
[2026-08-19T17:26:22.116Z] errno: -2,
[2026-08-19T17:26:22.116Z] code: 'ENOENT',
[2026-08-19T17:26:22.116Z] syscall: 'open',
[2026-08-19T17:26:22.116Z] path: '/home/ubuntu/orchids-blindy/.next/server/chunks/ssr/ubuntu_orchids-blindy_src_components_visoes_FontesConhecimentoPage_tsx_e6b67fa3._.js'
[2026-08-19T17:26:22.116Z] }
[2026-08-19T17:26:22.116Z] }
[2026-08-19T17:26:22.531Z] ⨯ unhandledRejection:  [Error: Failed to load chunk server/chunks/ssr/ubuntu_orchids-blindy_src_components_visoes_FontesConhecimentoPage_tsx_e6b67fa3._.js from module [project]/ubuntu/orchids-blindy/node_modules/.pnpm/next@15.5.7_@babel+core@7.29.7_supports-color@7.2.0__react-dom@19.0.0_react@19.0.0__react@19.0.0/node_modules/next/dist/esm/build/templates/app-page.js?page=/page { GLOBAL_ERROR_MODULE => "[project]/ubuntu/orchids-blindy/src/app/global-error.tsx [app-rsc] (ecmascript, Next.js Server Component)", METADATA_0 => "[project]/ubuntu/orchids-blindy/src/app/favicon.ico.mjs { IMAGE => \"[project]/ubuntu/orchids-blindy/src/app/favicon.ico (static in ecmascript)\" } [app-rsc] (structured image object, ecmascript, Next.js Server Component)", MODULE_1 => "[project]/ubuntu/orchids-blindy/src/app/layout.tsx [app-rsc] (ecmascript, Next.js Server Component)", MODULE_2 => "[project]/ubuntu/orchids-blindy/src/app/not-found.tsx [app-rsc] (ecmascript, Next.js Server Component)", MODULE_3 => "[project]/ubuntu/orchids-blindy/node_modules/.pnpm/next@15.5.7_@babel+core@7.29.7_supports-color@7.2.0__react-dom@19.0.0_react@19.0.0__react@19.0.0/node_modules/next/dist/client/components/builtin/forbidden.js [app-rsc] (ecmascript, Next.js Server Component)", MODULE_4 => "[project]/ubuntu/orchids-blindy/node_modules/.pnpm/next@15.5.7_@babel+core@7.29.7_supports-color@7.2.0__react-dom@19.0.0_react@19.0.0__react@19.0.0/node_modules/next/dist/client/components/builtin/unauthorized.js [app-rsc] (ecmascript, Next.js Server Component)", MODULE_5 => "[project]/ubuntu/orchids-blindy/src/app/global-error.tsx [app-rsc] (ecmascript, Next.js Server Component)", MODULE_6 => "[project]/ubuntu/orchids-blindy/src/app/page.tsx [app-rsc] (ecmascript, Next.js Server Component)" } [app-rsc] (ecmascript) <locals>] {
[2026-08-19T17:26:22.531Z] [cause]: [Error: ENOENT: no such file or directory, open '/home/ubuntu/orchids-blindy/.next/server/chunks/ssr/ubuntu_orchids-blindy_src_components_visoes_FontesConhecimentoPage_tsx_e6b67fa3._.js'] {
[2026-08-19T17:26:22.531Z] errno: -2,
[2026-08-19T17:26:22.531Z] code: 'ENOENT',
[2026-08-19T17:26:22.531Z] syscall: 'open',
[2026-08-19T17:26:22.531Z] path: '/home/ubuntu/orchids-blindy/.next/server/chunks/ssr/ubuntu_orchids-blindy_src_components_visoes_FontesConhecimentoPage_tsx_e6b67fa3._.js'
[2026-08-19T17:26:22.531Z] }
[2026-08-19T17:26:22.531Z] }
[2026-08-19T17:26:22.956Z] [Error: Failed to load chunk server/chunks/ssr/ubuntu_orchids-blindy_src_components_visoes_48442cf8._.js from module [project]/ubuntu/orchids-blindy/node_modules/.pnpm/next@15.5.7_@babel+core@7.29.7_supports-color@7.2.0__react-dom@19.0.0_react@19.0.0__react@19.0.0/node_modules/next/dist/esm/build/templates/app-page.js?page=/page { GLOBAL_ERROR_MODULE => "[project]/ubuntu/orchids-blindy/src/app/global-error.tsx [app-rsc] (ecmascript, Next.js Server Component)", METADATA_0 => "[project]/ubuntu/orchids-blindy/src/app/favicon.ico.mjs { IMAGE => \"[project]/ubuntu/orchids-blindy/src/app/favicon.ico (static in ecmascript)\" } [app-rsc] (structured image object, ecmascript, Next.js Server Component)", MODULE_1 => "[project]/ubuntu/orchids-blindy/src/app/layout.tsx [app-rsc] (ecmascript, Next.js Server Component)", MODULE_2 => "[project]/ubuntu/orchids-blindy/src/app/not-found.tsx [app-rsc] (ecmascript, Next.js Server Component)", MODULE_3 => "[project]/ubuntu/orchids-blindy/node_modules/.pnpm/next@15.5.7_@babel+core@7.29.7_supports-color@7.2.0__react-dom@19.0.0_react@19.0.0__react@19.0.0/node_modules/next/dist/client/components/builtin/forbidden.js [app-rsc] (ecmascript, Next.js Server Component)", MODULE_4 => "[project]/ubuntu/orchids-blindy/node_modules/.pnpm/next@15.5.7_@babel+core@7.29.7_supports-color@7.2.0__react-dom@19.0.0_react@19.0.0__react@19.0.0/node_modules/next/dist/client/components/builtin/unauthorized.js [app-rsc] (ecmascript, Next.js Server Component)", MODULE_5 => "[project]/ubuntu/orchids-blindy/src/app/global-error.tsx [app-rsc] (ecmascript, Next.js Server Component)", MODULE_6 => "[project]/ubuntu/orchids-blindy/src/app/page.tsx [app-rsc] (ecmascript, Next.js Server Component)" } [app-rsc] (ecmascript) <locals>] {
[2026-08-19T17:26:22.956Z] [cause]: [Error: ENOENT: no such file or directory, open '/home/ubuntu/orchids-blindy/.next/server/chunks/ssr/ubuntu_orchids-blindy_src_components_visoes_48442cf8._.js'] {
[2026-08-19T17:26:22.956Z] errno: -2,
[2026-08-19T17:26:22.956Z] code: 'ENOENT',
[2026-08-19T17:26:22.956Z] syscall: 'open',
[2026-08-19T17:26:22.956Z] path: '/home/ubuntu/orchids-blindy/.next/server/chunks/ssr/ubuntu_orchids-blindy_src_components_visoes_48442cf8._.js'
[2026-08-19T17:26:22.956Z] }
[2026-08-19T17:26:22.956Z] }
[2026-08-19T17:26:23.358Z] ⨯ unhandledRejection: [Error: Failed to load chunk server/chunks/ssr/ubuntu_orchids-blindy_src_components_visoes_48442cf8._.js from module [project]/ubuntu/orchids-blindy/node_modules/.pnpm/next@15.5.7_@babel+core@7.29.7_supports-color@7.2.0__react-dom@19.0.0_react@19.0.0__react@19.0.0/node_modules/next/dist/esm/build/templates/app-page.js?page=/page { GLOBAL_ERROR_MODULE => "[project]/ubuntu/orchids-blindy/src/app/global-error.tsx [app-rsc] (ecmascript, Next.js Server Component)", METADATA_0 => "[project]/ubuntu/orchids-blindy/src/app/favicon.ico.mjs { IMAGE => \"[project]/ubuntu/orchids-blindy/src/app/favicon.ico (static in ecmascript)\" } [app-rsc] (structured image object, ecmascript, Next.js Server Component)", MODULE_1 => "[project]/ubuntu/orchids-blindy/src/app/layout.tsx [app-rsc] (ecmascript, Next.js Server Component)", MODULE_2 => "[project]/ubuntu/orchids-blindy/src/app/not-found.tsx [app-rsc] (ecmascript, Next.js Server Component)", MODULE_3 => "[project]/ubuntu/orchids-blindy/node_modules/.pnpm/next@15.5.7_@babel+core@7.29.7_supports-color@7.2.0__react-dom@19.0.0_react@19.0.0__react@19.0.0/node_modules/next/dist/client/components/builtin/forbidden.js [app-rsc] (ecmascript, Next.js Server Component)", MODULE_4 => "[project]/ubuntu/orchids-blindy/node_modules/.pnpm/next@15.5.7_@babel+core@7.29.7_supports-color@7.2.0__react-dom@19.0.0_react@19.0.0__react@19.0.0/node_modules/next/dist/client/components/builtin/unauthorized.js [app-rsc] (ecmascript, Next.js Server Component)", MODULE_5 => "[project]/ubuntu/orchids-blindy/src/app/global-error.tsx [app-rsc] (ecmascript, Next.js Server Component)", MODULE_6 => "[project]/ubuntu/orchids-blindy/src/app/page.tsx [app-rsc] (ecmascript, Next.js Server Component)" } [app-rsc] (ecmascript) <locals>] {
[2026-08-19T17:26:23.358Z] [cause]: [Error: ENOENT: no such file or directory, open '/home/ubuntu/orchids-blindy/.next/server/chunks/ssr/ubuntu_orchids-blindy_src_components_visoes_48442cf8._.js'] {
[2026-08-19T17:26:23.358Z] errno: -2,
[2026-08-19T17:26:23.358Z] code: 'ENOENT',
[2026-08-19T17:26:23.359Z] syscall: 'open',
[2026-08-19T17:26:23.359Z] path: '/home/ubuntu/orchids-blindy/.next/server/chunks/ssr/ubuntu_orchids-blindy_src_components_visoes_48442cf8._.js'
[2026-08-19T17:26:23.359Z] }
[2026-08-19T17:26:23.359Z] }
[2026-08-19T17:26:23.752Z] ⨯ unhandledRejection:  [Error: Failed to load chunk server/chunks/ssr/ubuntu_orchids-blindy_src_components_visoes_48442cf8._.js from module [project]/ubuntu/orchids-blindy/node_modules/.pnpm/next@15.5.7_@babel+core@7.29.7_supports-color@7.2.0__react-dom@19.0.0_react@19.0.0__react@19.0.0/node_modules/next/dist/esm/build/templates/app-page.js?page=/page { GLOBAL_ERROR_MODULE => "[project]/ubuntu/orchids-blindy/src/app/global-error.tsx [app-rsc] (ecmascript, Next.js Server Component)", METADATA_0 => "[project]/ubuntu/orchids-blindy/src/app/favicon.ico.mjs { IMAGE => \"[project]/ubuntu/orchids-blindy/src/app/favicon.ico (static in ecmascript)\" } [app-rsc] (structured image object, ecmascript, Next.js Server Component)", MODULE_1 => "[project]/ubuntu/orchids-blindy/src/app/layout.tsx [app-rsc] (ecmascript, Next.js Server Component)", MODULE_2 => "[project]/ubuntu/orchids-blindy/src/app/not-found.tsx [app-rsc] (ecmascript, Next.js Server Component)", MODULE_3 => "[project]/ubuntu/orchids-blindy/node_modules/.pnpm/next@15.5.7_@babel+core@7.29.7_supports-color@7.2.0__react-dom@19.0.0_react@19.0.0__react@19.0.0/node_modules/next/dist/client/components/builtin/forbidden.js [app-rsc] (ecmascript, Next.js Server Component)", MODULE_4 => "[project]/ubuntu/orchids-blindy/node_modules/.pnpm/next@15.5.7_@babel+core@7.29.7_supports-color@7.2.0__react-dom@19.0.0_react@19.0.0__react@19.0.0/node_modules/next/dist/client/components/builtin/unauthorized.js [app-rsc] (ecmascript, Next.js Server Component)", MODULE_5 => "[project]/ubuntu/orchids-blindy/src/app/global-error.tsx [app-rsc] (ecmascript, Next.js Server Component)", MODULE_6 => "[project]/ubuntu/orchids-blindy/src/app/page.tsx [app-rsc] (ecmascript, Next.js Server Component)" } [app-rsc] (ecmascript) <locals>] {
[2026-08-19T17:26:23.752Z] [cause]: [Error: ENOENT: no such file or directory, open '/home/ubuntu/orchids-blindy/.next/server/chunks/ssr/ubuntu_orchids-blindy_src_components_visoes_48442cf8._.js'] {
[2026-08-19T17:26:23.752Z] errno: -2,
[2026-08-19T17:26:23.752Z] code: 'ENOENT',
[2026-08-19T17:26:23.752Z] syscall: 'open',
[2026-08-19T17:26:23.752Z] path: '/home/ubuntu/orchids-blindy/.next/server/chunks/ssr/ubuntu_orchids-blindy_src_components_visoes_48442cf8._.js'
[2026-08-19T17:26:23.752Z] }
[2026-08-19T17:26:23.752Z] }
[2026-08-19T17:26:24.147Z] [Error: Failed to load chunk server/chunks/ssr/63f59_orchids-blindy_src_components_quick-capture_QuickCaptureModal_tsx_20fef627._.js from module [project]/ubuntu/orchids-blindy/node_modules/.pnpm/next@15.5.7_@babel+core@7.29.7_supports-color@7.2.0__react-dom@19.0.0_react@19.0.0__react@19.0.0/node_modules/next/dist/esm/build/templates/app-page.js?page=/page { GLOBAL_ERROR_MODULE => "[project]/ubuntu/orchids-blindy/src/app/global-error.tsx [app-rsc] (ecmascript, Next.js Server Component)", METADATA_0 => "[project]/ubuntu/orchids-blindy/src/app/favicon.ico.mjs { IMAGE => \"[project]/ubuntu/orchids-blindy/src/app/favicon.ico (static in ecmascript)\" } [app-rsc] (structured image object, ecmascript, Next.js Server Component)", MODULE_1 => "[project]/ubuntu/orchids-blindy/src/app/layout.tsx [app-rsc] (ecmascript, Next.js Server Component)", MODULE_2 => "[project]/ubuntu/orchids-blindy/src/app/not-found.tsx [app-rsc] (ecmascript, Next.js Server Component)", MODULE_3 => "[project]/ubuntu/orchids-blindy/node_modules/.pnpm/next@15.5.7_@babel+core@7.29.7_supports-color@7.2.0__react-dom@19.0.0_react@19.0.0__react@19.0.0/node_modules/next/dist/client/components/builtin/forbidden.js [app-rsc] (ecmascript, Next.js Server Component)", MODULE_4 => "[project]/ubuntu/orchids-blindy/node_modules/.pnpm/next@15.5.7_@babel+core@7.29.7_supports-color@7.2.0__react-dom@19.0.0_react@19.0.0__react@19.0.0/node_modules/next/dist/client/components/builtin/unauthorized.js [app-rsc] (ecmascript, Next.js Server Component)", MODULE_5 => "[project]/ubuntu/orchids-blindy/src/app/global-error.tsx [app-rsc] (ecmascript, Next.js Server Component)", MODULE_6 => "[project]/ubuntu/orchids-blindy/src/app/page.tsx [app-rsc] (ecmascript, Next.js Server Component)" } [app-rsc] (ecmascript) <locals>] {
[2026-08-19T17:26:24.147Z] [cause]: [Error: ENOENT: no such file or directory, open '/home/ubuntu/orchids-blindy/.next/server/chunks/ssr/63f59_orchids-blindy_src_components_quick-capture_QuickCaptureModal_tsx_20fef627._.js'] {
[2026-08-19T17:26:24.147Z] errno: -2,
[2026-08-19T17:26:24.147Z] code: 'ENOENT',
[2026-08-19T17:26:24.147Z] syscall: 'open',
[2026-08-19T17:26:24.147Z] path: '/home/ubuntu/orchids-blindy/.next/server/chunks/ssr/63f59_orchids-blindy_src_components_quick-capture_QuickCaptureModal_tsx_20fef627._.js'
[2026-08-19T17:26:24.147Z] }
[2026-08-19T17:26:24.148Z] }
[2026-08-19T17:26:24.560Z] ⨯ unhandledRejection: [Error: Failed to load chunk server/chunks/ssr/63f59_orchids-blindy_src_components_quick-capture_QuickCaptureModal_tsx_20fef627._.js from module [project]/ubuntu/orchids-blindy/node_modules/.pnpm/next@15.5.7_@babel+core@7.29.7_supports-color@7.2.0__react-dom@19.0.0_react@19.0.0__react@19.0.0/node_modules/next/dist/esm/build/templates/app-page.js?page=/page { GLOBAL_ERROR_MODULE => "[project]/ubuntu/orchids-blindy/src/app/global-error.tsx [app-rsc] (ecmascript, Next.js Server Component)", METADATA_0 => "[project]/ubuntu/orchids-blindy/src/app/favicon.ico.mjs { IMAGE => \"[project]/ubuntu/orchids-blindy/src/app/favicon.ico (static in ecmascript)\" } [app-rsc] (structured image object, ecmascript, Next.js Server Component)", MODULE_1 => "[project]/ubuntu/orchids-blindy/src/app/layout.tsx [app-rsc] (ecmascript, Next.js Server Component)", MODULE_2 => "[project]/ubuntu/orchids-blindy/src/app/not-found.tsx [app-rsc] (ecmascript, Next.js Server Component)", MODULE_3 => "[project]/ubuntu/orchids-blindy/node_modules/.pnpm/next@15.5.7_@babel+core@7.29.7_supports-color@7.2.0__react-dom@19.0.0_react@19.0.0__react@19.0.0/node_modules/next/dist/client/components/builtin/forbidden.js [app-rsc] (ecmascript, Next.js Server Component)", MODULE_4 => "[project]/ubuntu/orchids-blindy/node_modules/.pnpm/next@15.5.7_@babel+core@7.29.7_supports-color@7.2.0__react-dom@19.0.0_react@19.0.0__react@19.0.0/node_modules/next/dist/client/components/builtin/unauthorized.js [app-rsc] (ecmascript, Next.js Server Component)", MODULE_5 => "[project]/ubuntu/orchids-blindy/src/app/global-error.tsx [app-rsc] (ecmascript, Next.js Server Component)", MODULE_6 => "[project]/ubuntu/orchids-blindy/src/app/page.tsx [app-rsc] (ecmascript, Next.js Server Component)" } [app-rsc] (ecmascript) <locals>] {
[2026-08-19T17:26:24.560Z] [cause]: [Error: ENOENT: no such file or directory, open '/home/ubuntu/orchids-blindy/.next/server/chunks/ssr/63f59_orchids-blindy_src_components_quick-capture_QuickCaptureModal_tsx_20fef627._.js'] {
[2026-08-19T17:26:24.560Z] errno: -2,
[2026-08-19T17:26:24.560Z] code: 'ENOENT',
[2026-08-19T17:26:24.560Z] syscall: 'open',
[2026-08-19T17:26:24.560Z] path: '/home/ubuntu/orchids-blindy/.next/server/chunks/ssr/63f59_orchids-blindy_src_components_quick-capture_QuickCaptureModal_tsx_20fef627._.js'
[2026-08-19T17:26:24.560Z] }
[2026-08-19T17:26:24.560Z] }
[2026-08-19T17:26:24.962Z] ⨯ unhandledRejection:  [Error: Failed to load chunk server/chunks/ssr/63f59_orchids-blindy_src_components_quick-capture_QuickCaptureModal_tsx_20fef627._.js from module [project]/ubuntu/orchids-blindy/node_modules/.pnpm/next@15.5.7_@babel+core@7.29.7_supports-color@7.2.0__react-dom@19.0.0_react@19.0.0__react@19.0.0/node_modules/next/dist/esm/build/templates/app-page.js?page=/page { GLOBAL_ERROR_MODULE => "[project]/ubuntu/orchids-blindy/src/app/global-error.tsx [app-rsc] (ecmascript, Next.js Server Component)", METADATA_0 => "[project]/ubuntu/orchids-blindy/src/app/favicon.ico.mjs { IMAGE => \"[project]/ubuntu/orchids-blindy/src/app/favicon.ico (static in ecmascript)\" } [app-rsc] (structured image object, ecmascript, Next.js Server Component)", MODULE_1 => "[project]/ubuntu/orchids-blindy/src/app/layout.tsx [app-rsc] (ecmascript, Next.js Server Component)", MODULE_2 => "[project]/ubuntu/orchids-blindy/src/app/not-found.tsx [app-rsc] (ecmascript, Next.js Server Component)", MODULE_3 => "[project]/ubuntu/orchids-blindy/node_modules/.pnpm/next@15.5.7_@babel+core@7.29.7_supports-color@7.2.0__react-dom@19.0.0_react@19.0.0__react@19.0.0/node_modules/next/dist/client/components/builtin/forbidden.js [app-rsc] (ecmascript, Next.js Server Component)", MODULE_4 => "[project]/ubuntu/orchids-blindy/node_modules/.pnpm/next@15.5.7_@babel+core@7.29.7_supports-color@7.2.0__react-dom@19.0.0_react@19.0.0__react@19.0.0/node_modules/next/dist/client/components/builtin/unauthorized.js [app-rsc] (ecmascript, Next.js Server Component)", MODULE_5 => "[project]/ubuntu/orchids-blindy/src/app/global-error.tsx [app-rsc] (ecmascript, Next.js Server Component)", MODULE_6 => "[project]/ubuntu/orchids-blindy/src/app/page.tsx [app-rsc] (ecmascript, Next.js Server Component)" } [app-rsc] (ecmascript) <locals>] {
[2026-08-19T17:26:24.962Z] [cause]: [Error: ENOENT: no such file or directory, open '/home/ubuntu/orchids-blindy/.next/server/chunks/ssr/63f59_orchids-blindy_src_components_quick-capture_QuickCaptureModal_tsx_20fef627._.js'] {
[2026-08-19T17:26:24.962Z] errno: -2,
[2026-08-19T17:26:24.962Z] code: 'ENOENT',
[2026-08-19T17:26:24.962Z] syscall: 'open',
[2026-08-19T17:26:24.962Z] path: '/home/ubuntu/orchids-blindy/.next/server/chunks/ssr/63f59_orchids-blindy_src_components_quick-capture_QuickCaptureModal_tsx_20fef627._.js'
[2026-08-19T17:26:24.962Z] }
[2026-08-19T17:26:24.962Z] }
[2026-08-19T17:26:25.424Z] [Error: Failed to load chunk server/chunks/ssr/ubuntu_orchids-blindy_src_components_de12f7ba._.js from module [project]/ubuntu/orchids-blindy/node_modules/.pnpm/next@15.5.7_@babel+core@7.29.7_supports-color@7.2.0__react-dom@19.0.0_react@19.0.0__react@19.0.0/node_modules/next/dist/esm/build/templates/app-page.js?page=/page { GLOBAL_ERROR_MODULE => "[project]/ubuntu/orchids-blindy/src/app/global-error.tsx [app-rsc] (ecmascript, Next.js Server Component)", METADATA_0 => "[project]/ubuntu/orchids-blindy/src/app/favicon.ico.mjs { IMAGE => \"[project]/ubuntu/orchids-blindy/src/app/favicon.ico (static in ecmascript)\" } [app-rsc] (structured image object, ecmascript, Next.js Server Component)", MODULE_1 => "[project]/ubuntu/orchids-blindy/src/app/layout.tsx [app-rsc] (ecmascript, Next.js Server Component)", MODULE_2 => "[project]/ubuntu/orchids-blindy/src/app/not-found.tsx [app-rsc] (ecmascript, Next.js Server Component)", MODULE_3 => "[project]/ubuntu/orchids-blindy/node_modules/.pnpm/next@15.5.7_@babel+core@7.29.7_supports-color@7.2.0__react-dom@19.0.0_react@19.0.0__react@19.0.0/node_modules/next/dist/client/components/builtin/forbidden.js [app-rsc] (ecmascript, Next.js Server Component)", MODULE_4 => "[project]/ubuntu/orchids-blindy/node_modules/.pnpm/next@15.5.7_@babel+core@7.29.7_supports-color@7.2.0__react-dom@19.0.0_react@19.0.0__react@19.0.0/node_modules/next/dist/client/components/builtin/unauthorized.js [app-rsc] (ecmascript, Next.js Server Component)", MODULE_5 => "[project]/ubuntu/orchids-blindy/src/app/global-error.tsx [app-rsc] (ecmascript, Next.js Server Component)", MODULE_6 => "[project]/ubuntu/orchids-blindy/src/app/page.tsx [app-rsc] (ecmascript, Next.js Server Component)" } [app-rsc] (ecmascript) <locals>] {
[2026-08-19T17:26:25.424Z] [cause]: [Error: ENOENT: no such file or directory, open '/home/ubuntu/orchids-blindy/.next/server/chunks/ssr/ubuntu_orchids-blindy_src_components_de12f7ba._.js'] {
[2026-08-19T17:26:25.424Z] errno: -2,
[2026-08-19T17:26:25.424Z] code: 'ENOENT',
[2026-08-19T17:26:25.424Z] syscall: 'open',
[2026-08-19T17:26:25.424Z] path: '/home/ubuntu/orchids-blindy/.next/server/chunks/ssr/ubuntu_orchids-blindy_src_components_de12f7ba._.js'
[2026-08-19T17:26:25.424Z] }
[2026-08-19T17:26:25.424Z] }
[2026-08-19T17:26:25.859Z] ⨯ unhandledRejection: [Error: Failed to load chunk server/chunks/ssr/ubuntu_orchids-blindy_src_components_de12f7ba._.js from module [project]/ubuntu/orchids-blindy/node_modules/.pnpm/next@15.5.7_@babel+core@7.29.7_supports-color@7.2.0__react-dom@19.0.0_react@19.0.0__react@19.0.0/node_modules/next/dist/esm/build/templates/app-page.js?page=/page { GLOBAL_ERROR_MODULE => "[project]/ubuntu/orchids-blindy/src/app/global-error.tsx [app-rsc] (ecmascript, Next.js Server Component)", METADATA_0 => "[project]/ubuntu/orchids-blindy/src/app/favicon.ico.mjs { IMAGE => \"[project]/ubuntu/orchids-blindy/src/app/favicon.ico (static in ecmascript)\" } [app-rsc] (structured image object, ecmascript, Next.js Server Component)", MODULE_1 => "[project]/ubuntu/orchids-blindy/src/app/layout.tsx [app-rsc] (ecmascript, Next.js Server Component)", MODULE_2 => "[project]/ubuntu/orchids-blindy/src/app/not-found.tsx [app-rsc] (ecmascript, Next.js Server Component)", MODULE_3 => "[project]/ubuntu/orchids-blindy/node_modules/.pnpm/next@15.5.7_@babel+core@7.29.7_supports-color@7.2.0__react-dom@19.0.0_react@19.0.0__react@19.0.0/node_modules/next/dist/client/components/builtin/forbidden.js [app-rsc] (ecmascript, Next.js Server Component)", MODULE_4 => "[project]/ubuntu/orchids-blindy/node_modules/.pnpm/next@15.5.7_@babel+core@7.29.7_supports-color@7.2.0__react-dom@19.0.0_react@19.0.0__react@19.0.0/node_modules/next/dist/client/components/builtin/unauthorized.js [app-rsc] (ecmascript, Next.js Server Component)", MODULE_5 => "[project]/ubuntu/orchids-blindy/src/app/global-error.tsx [app-rsc] (ecmascript, Next.js Server Component)", MODULE_6 => "[project]/ubuntu/orchids-blindy/src/app/page.tsx [app-rsc] (ecmascript, Next.js Server Component)" } [app-rsc] (ecmascript) <locals>] {
[2026-08-19T17:26:25.860Z] [cause]: [Error: ENOENT: no such file or directory, open '/home/ubuntu/orchids-blindy/.next/server/chunks/ssr/ubuntu_orchids-blindy_src_components_de12f7ba._.js'] {
[2026-08-19T17:26:25.860Z] errno: -2,
[2026-08-19T17:26:25.860Z] code: 'ENOENT',
[2026-08-19T17:26:25.860Z] syscall: 'open',
[2026-08-19T17:26:25.860Z] path: '/home/ubuntu/orchids-blindy/.next/server/chunks/ssr/ubuntu_orchids-blindy_src_components_de12f7ba._.js'
[2026-08-19T17:26:25.860Z] }
[2026-08-19T17:26:25.860Z] }
[2026-08-19T17:26:26.263Z] ⨯ unhandledRejection:  [Error: Failed to load chunk server/chunks/ssr/ubuntu_orchids-blindy_src_components_de12f7ba._.js from module [project]/ubuntu/orchids-blindy/node_modules/.pnpm/next@15.5.7_@babel+core@7.29.7_supports-color@7.2.0__react-dom@19.0.0_react@19.0.0__react@19.0.0/node_modules/next/dist/esm/build/templates/app-page.js?page=/page { GLOBAL_ERROR_MODULE => "[project]/ubuntu/orchids-blindy/src/app/global-error.tsx [app-rsc] (ecmascript, Next.js Server Component)", METADATA_0 => "[project]/ubuntu/orchids-blindy/src/app/favicon.ico.mjs { IMAGE => \"[project]/ubuntu/orchids-blindy/src/app/favicon.ico (static in ecmascript)\" } [app-rsc] (structured image object, ecmascript, Next.js Server Component)", MODULE_1 => "[project]/ubuntu/orchids-blindy/src/app/layout.tsx [app-rsc] (ecmascript, Next.js Server Component)", MODULE_2 => "[project]/ubuntu/orchids-blindy/src/app/not-found.tsx [app-rsc] (ecmascript, Next.js Server Component)", MODULE_3 => "[project]/ubuntu/orchids-blindy/node_modules/.pnpm/next@15.5.7_@babel+core@7.29.7_supports-color@7.2.0__react-dom@19.0.0_react@19.0.0__react@19.0.0/node_modules/next/dist/client/components/builtin/forbidden.js [app-rsc] (ecmascript, Next.js Server Component)", MODULE_4 => "[project]/ubuntu/orchids-blindy/node_modules/.pnpm/next@15.5.7_@babel+core@7.29.7_supports-color@7.2.0__react-dom@19.0.0_react@19.0.0__react@19.0.0/node_modules/next/dist/client/components/builtin/unauthorized.js [app-rsc] (ecmascript, Next.js Server Component)", MODULE_5 => "[project]/ubuntu/orchids-blindy/src/app/global-error.tsx [app-rsc] (ecmascript, Next.js Server Component)", MODULE_6 => "[project]/ubuntu/orchids-blindy/src/app/page.tsx [app-rsc] (ecmascript, Next.js Server Component)" } [app-rsc] (ecmascript) <locals>] {
[2026-08-19T17:26:26.263Z] [cause]: [Error: ENOENT: no such file or directory, open '/home/ubuntu/orchids-blindy/.next/server/chunks/ssr/ubuntu_orchids-blindy_src_components_de12f7ba._.js'] {
[2026-08-19T17:26:26.263Z] errno: -2,
[2026-08-19T17:26:26.263Z] code: 'ENOENT',
[2026-08-19T17:26:26.263Z] syscall: 'open',
[2026-08-19T17:26:26.263Z] path: '/home/ubuntu/orchids-blindy/.next/server/chunks/ssr/ubuntu_orchids-blindy_src_components_de12f7ba._.js'
[2026-08-19T17:26:26.263Z] }
[2026-08-19T17:26:26.263Z] }
[2026-08-19T17:26:26.750Z] [Error: Failed to load chunk server/chunks/ssr/ubuntu_orchids-blindy_src_hooks_c19404fa._.js from module [project]/ubuntu/orchids-blindy/node_modules/.pnpm/next@15.5.7_@babel+core@7.29.7_supports-color@7.2.0__react-dom@19.0.0_react@19.0.0__react@19.0.0/node_modules/next/dist/esm/build/templates/app-page.js?page=/page { GLOBAL_ERROR_MODULE => "[project]/ubuntu/orchids-blindy/src/app/global-error.tsx [app-rsc] (ecmascript, Next.js Server Component)", METADATA_0 => "[project]/ubuntu/orchids-blindy/src/app/favicon.ico.mjs { IMAGE => \"[project]/ubuntu/orchids-blindy/src/app/favicon.ico (static in ecmascript)\" } [app-rsc] (structured image object, ecmascript, Next.js Server Component)", MODULE_1 => "[project]/ubuntu/orchids-blindy/src/app/layout.tsx [app-rsc] (ecmascript, Next.js Server Component)", MODULE_2 => "[project]/ubuntu/orchids-blindy/src/app/not-found.tsx [app-rsc] (ecmascript, Next.js Server Component)", MODULE_3 => "[project]/ubuntu/orchids-blindy/node_modules/.pnpm/next@15.5.7_@babel+core@7.29.7_supports-color@7.2.0__react-dom@19.0.0_react@19.0.0__react@19.0.0/node_modules/next/dist/client/components/builtin/forbidden.js [app-rsc] (ecmascript, Next.js Server Component)", MODULE_4 => "[project]/ubuntu/orchids-blindy/node_modules/.pnpm/next@15.5.7_@babel+core@7.29.7_supports-color@7.2.0__react-dom@19.0.0_react@19.0.0__react@19.0.0/node_modules/next/dist/client/components/builtin/unauthorized.js [app-rsc] (ecmascript, Next.js Server Component)", MODULE_5 => "[project]/ubuntu/orchids-blindy/src/app/global-error.tsx [app-rsc] (ecmascript, Next.js Server Component)", MODULE_6 => "[project]/ubuntu/orchids-blindy/src/app/page.tsx [app-rsc] (ecmascript, Next.js Server Component)" } [app-rsc] (ecmascript) <locals>] {
[2026-08-19T17:26:26.750Z] [cause]: [Error: ENOENT: no such file or directory, open '/home/ubuntu/orchids-blindy/.next/server/chunks/ssr/ubuntu_orchids-blindy_src_hooks_c19404fa._.js'] {
[2026-08-19T17:26:26.750Z] errno: -2,
[2026-08-19T17:26:26.750Z] code: 'ENOENT',
[2026-08-19T17:26:26.750Z] syscall: 'open',
[2026-08-19T17:26:26.750Z] path: '/home/ubuntu/orchids-blindy/.next/server/chunks/ssr/ubuntu_orchids-blindy_src_hooks_c19404fa._.js'
[2026-08-19T17:26:26.750Z] }
[2026-08-19T17:26:26.750Z] }
[2026-08-19T17:26:27.170Z] ⨯ unhandledRejection: [Error: Failed to load chunk server/chunks/ssr/ubuntu_orchids-blindy_src_hooks_c19404fa._.js from module [project]/ubuntu/orchids-blindy/node_modules/.pnpm/next@15.5.7_@babel+core@7.29.7_supports-color@7.2.0__react-dom@19.0.0_react@19.0.0__react@19.0.0/node_modules/next/dist/esm/build/templates/app-page.js?page=/page { GLOBAL_ERROR_MODULE => "[project]/ubuntu/orchids-blindy/src/app/global-error.tsx [app-rsc] (ecmascript, Next.js Server Component)", METADATA_0 => "[project]/ubuntu/orchids-blindy/src/app/favicon.ico.mjs { IMAGE => \"[project]/ubuntu/orchids-blindy/src/app/favicon.ico (static in ecmascript)\" } [app-rsc] (structured image object, ecmascript, Next.js Server Component)", MODULE_1 => "[project]/ubuntu/orchids-blindy/src/app/layout.tsx [app-rsc] (ecmascript, Next.js Server Component)", MODULE_2 => "[project]/ubuntu/orchids-blindy/src/app/not-found.tsx [app-rsc] (ecmascript, Next.js Server Component)", MODULE_3 => "[project]/ubuntu/orchids-blindy/node_modules/.pnpm/next@15.5.7_@babel+core@7.29.7_supports-color@7.2.0__react-dom@19.0.0_react@19.0.0__react@19.0.0/node_modules/next/dist/client/components/builtin/forbidden.js [app-rsc] (ecmascript, Next.js Server Component)", MODULE_4 => "[project]/ubuntu/orchids-blindy/node_modules/.pnpm/next@15.5.7_@babel+core@7.29.7_supports-color@7.2.0__react-dom@19.0.0_react@19.0.0__react@19.0.0/node_modules/next/dist/client/components/builtin/unauthorized.js [app-rsc] (ecmascript, Next.js Server Component)", MODULE_5 => "[project]/ubuntu/orchids-blindy/src/app/global-error.tsx [app-rsc] (ecmascript, Next.js Server Component)", MODULE_6 => "[project]/ubuntu/orchids-blindy/src/app/page.tsx [app-rsc] (ecmascript, Next.js Server Component)" } [app-rsc] (ecmascript) <locals>] {
[2026-08-19T17:26:27.170Z] [cause]: [Error: ENOENT: no such file or directory, open '/home/ubuntu/orchids-blindy/.next/server/chunks/ssr/ubuntu_orchids-blindy_src_hooks_c19404fa._.js'] {
[2026-08-19T17:26:27.170Z] errno: -2,
[2026-08-19T17:26:27.170Z] code: 'ENOENT',
[2026-08-19T17:26:27.170Z] syscall: 'open',
[2026-08-19T17:26:27.170Z] path: '/home/ubuntu/orchids-blindy/.next/server/chunks/ssr/ubuntu_orchids-blindy_src_hooks_c19404fa._.js'
[2026-08-19T17:26:27.170Z] }
[2026-08-19T17:26:27.170Z] }
[2026-08-19T17:26:27.588Z] ⨯ unhandledRejection:  [Error: Failed to load chunk server/chunks/ssr/ubuntu_orchids-blindy_src_hooks_c19404fa._.js from module [project]/ubuntu/orchids-blindy/node_modules/.pnpm/next@15.5.7_@babel+core@7.29.7_supports-color@7.2.0__react-dom@19.0.0_react@19.0.0__react@19.0.0/node_modules/next/dist/esm/build/templates/app-page.js?page=/page { GLOBAL_ERROR_MODULE => "[project]/ubuntu/orchids-blindy/src/app/global-error.tsx [app-rsc] (ecmascript, Next.js Server Component)", METADATA_0 => "[project]/ubuntu/orchids-blindy/src/app/favicon.ico.mjs { IMAGE => \"[project]/ubuntu/orchids-blindy/src/app/favicon.ico (static in ecmascript)\" } [app-rsc] (structured image object, ecmascript, Next.js Server Component)", MODULE_1 => "[project]/ubuntu/orchids-blindy/src/app/layout.tsx [app-rsc] (ecmascript, Next.js Server Component)", MODULE_2 => "[project]/ubuntu/orchids-blindy/src/app/not-found.tsx [app-rsc] (ecmascript, Next.js Server Component)", MODULE_3 => "[project]/ubuntu/orchids-blindy/node_modules/.pnpm/next@15.5.7_@babel+core@7.29.7_supports-color@7.2.0__react-dom@19.0.0_react@19.0.0__react@19.0.0/node_modules/next/dist/client/components/builtin/forbidden.js [app-rsc] (ecmascript, Next.js Server Component)", MODULE_4 => "[project]/ubuntu/orchids-blindy/node_modules/.pnpm/next@15.5.7_@babel+core@7.29.7_supports-color@7.2.0__react-dom@19.0.0_react@19.0.0__react@19.0.0/node_modules/next/dist/client/components/builtin/unauthorized.js [app-rsc] (ecmascript, Next.js Server Component)", MODULE_5 => "[project]/ubuntu/orchids-blindy/src/app/global-error.tsx [app-rsc] (ecmascript, Next.js Server Component)", MODULE_6 => "[project]/ubuntu/orchids-blindy/src/app/page.tsx [app-rsc] (ecmascript, Next.js Server Component)" } [app-rsc] (ecmascript) <locals>] {
[2026-08-19T17:26:27.588Z] [cause]: [Error: ENOENT: no such file or directory, open '/home/ubuntu/orchids-blindy/.next/server/chunks/ssr/ubuntu_orchids-blindy_src_hooks_c19404fa._.js'] {
[2026-08-19T17:26:27.588Z] errno: -2,
[2026-08-19T17:26:27.588Z] code: 'ENOENT',
[2026-08-19T17:26:27.588Z] syscall: 'open',
[2026-08-19T17:26:27.588Z] path: '/home/ubuntu/orchids-blindy/.next/server/chunks/ssr/ubuntu_orchids-blindy_src_hooks_c19404fa._.js'
[2026-08-19T17:26:27.588Z] }
[2026-08-19T17:26:27.588Z] }
[2026-08-19T17:26:27.997Z] [Error: Failed to load chunk server/chunks/ssr/ubuntu_orchids-blindy_src_a62fae50._.js from module [project]/ubuntu/orchids-blindy/node_modules/.pnpm/next@15.5.7_@babel+core@7.29.7_supports-color@7.2.0__react-dom@19.0.0_react@19.0.0__react@19.0.0/node_modules/next/dist/esm/build/templates/app-page.js?page=/page { GLOBAL_ERROR_MODULE => "[project]/ubuntu/orchids-blindy/src/app/global-error.tsx [app-rsc] (ecmascript, Next.js Server Component)", METADATA_0 => "[project]/ubuntu/orchids-blindy/src/app/favicon.ico.mjs { IMAGE => \"[project]/ubuntu/orchids-blindy/src/app/favicon.ico (static in ecmascript)\" } [app-rsc] (structured image object, ecmascript, Next.js Server Component)", MODULE_1 => "[project]/ubuntu/orchids-blindy/src/app/layout.tsx [app-rsc] (ecmascript, Next.js Server Component)", MODULE_2 => "[project]/ubuntu/orchids-blindy/src/app/not-found.tsx [app-rsc] (ecmascript, Next.js Server Component)", MODULE_3 => "[project]/ubuntu/orchids-blindy/node_modules/.pnpm/next@15.5.7_@babel+core@7.29.7_supports-color@7.2.0__react-dom@19.0.0_react@19.0.0__react@19.0.0/node_modules/next/dist/client/components/builtin/forbidden.js [app-rsc] (ecmascript, Next.js Server Component)", MODULE_4 => "[project]/ubuntu/orchids-blindy/node_modules/.pnpm/next@15.5.7_@babel+core@7.29.7_supports-color@7.2.0__react-dom@19.0.0_react@19.0.0__react@19.0.0/node_modules/next/dist/client/components/builtin/unauthorized.js [app-rsc] (ecmascript, Next.js Server Component)", MODULE_5 => "[project]/ubuntu/orchids-blindy/src/app/global-error.tsx [app-rsc] (ecmascript, Next.js Server Component)", MODULE_6 => "[project]/ubuntu/orchids-blindy/src/app/page.tsx [app-rsc] (ecmascript, Next.js Server Component)" } [app-rsc] (ecmascript) <locals>] {
[2026-08-19T17:26:27.997Z] [cause]: [Error: ENOENT: no such file or directory, open '/home/ubuntu/orchids-blindy/.next/server/chunks/ssr/ubuntu_orchids-blindy_src_a62fae50._.js'] {
[2026-08-19T17:26:27.997Z] errno: -2,
[2026-08-19T17:26:27.997Z] code: 'ENOENT',
[2026-08-19T17:26:27.997Z] syscall: 'open',
[2026-08-19T17:26:27.997Z] path: '/home/ubuntu/orchids-blindy/.next/server/chunks/ssr/ubuntu_orchids-blindy_src_a62fae50._.js'
[2026-08-19T17:26:27.997Z] }
[2026-08-19T17:26:27.998Z] }
[2026-08-19T17:26:28.377Z] ⨯ unhandledRejection: [Error: Failed to load chunk server/chunks/ssr/ubuntu_orchids-blindy_src_a62fae50._.js from module [project]/ubuntu/orchids-blindy/node_modules/.pnpm/next@15.5.7_@babel+core@7.29.7_supports-color@7.2.0__react-dom@19.0.0_react@19.0.0__react@19.0.0/node_modules/next/dist/esm/build/templates/app-page.js?page=/page { GLOBAL_ERROR_MODULE => "[project]/ubuntu/orchids-blindy/src/app/global-error.tsx [app-rsc] (ecmascript, Next.js Server Component)", METADATA_0 => "[project]/ubuntu/orchids-blindy/src/app/favicon.ico.mjs { IMAGE => \"[project]/ubuntu/orchids-blindy/src/app/favicon.ico (static in ecmascript)\" } [app-rsc] (structured image object, ecmascript, Next.js Server Component)", MODULE_1 => "[project]/ubuntu/orchids-blindy/src/app/layout.tsx [app-rsc] (ecmascript, Next.js Server Component)", MODULE_2 => "[project]/ubuntu/orchids-blindy/src/app/not-found.tsx [app-rsc] (ecmascript, Next.js Server Component)", MODULE_3 => "[project]/ubuntu/orchids-blindy/node_modules/.pnpm/next@15.5.7_@babel+core@7.29.7_supports-color@7.2.0__react-dom@19.0.0_react@19.0.0__react@19.0.0/node_modules/next/dist/client/components/builtin/forbidden.js [app-rsc] (ecmascript, Next.js Server Component)", MODULE_4 => "[project]/ubuntu/orchids-blindy/node_modules/.pnpm/next@15.5.7_@babel+core@7.29.7_supports-color@7.2.0__react-dom@19.0.0_react@19.0.0__react@19.0.0/node_modules/next/dist/client/components/builtin/unauthorized.js [app-rsc] (ecmascript, Next.js Server Component)", MODULE_5 => "[project]/ubuntu/orchids-blindy/src/app/global-error.tsx [app-rsc] (ecmascript, Next.js Server Component)", MODULE_6 => "[project]/ubuntu/orchids-blindy/src/app/page.tsx [app-rsc] (ecmascript, Next.js Server Component)" } [app-rsc] (ecmascript) <locals>] {
[2026-08-19T17:26:28.377Z] [cause]: [Error: ENOENT: no such file or directory, open '/home/ubuntu/orchids-blindy/.next/server/chunks/ssr/ubuntu_orchids-blindy_src_a62fae50._.js'] {
[2026-08-19T17:26:28.377Z] errno: -2,
[2026-08-19T17:26:28.377Z] code: 'ENOENT',
[2026-08-19T17:26:28.377Z] syscall: 'open',
[2026-08-19T17:26:28.377Z] path: '/home/ubuntu/orchids-blindy/.next/server/chunks/ssr/ubuntu_orchids-blindy_src_a62fae50._.js'
[2026-08-19T17:26:28.377Z] }
[2026-08-19T17:26:28.377Z] }
[2026-08-19T17:26:28.821Z] ⨯ unhandledRejection:  [Error: Failed to load chunk server/chunks/ssr/ubuntu_orchids-blindy_src_a62fae50._.js from module [project]/ubuntu/orchids-blindy/node_modules/.pnpm/next@15.5.7_@babel+core@7.29.7_supports-color@7.2.0__react-dom@19.0.0_react@19.0.0__react@19.0.0/node_modules/next/dist/esm/build/templates/app-page.js?page=/page { GLOBAL_ERROR_MODULE => "[project]/ubuntu/orchids-blindy/src/app/global-error.tsx [app-rsc] (ecmascript, Next.js Server Component)", METADATA_0 => "[project]/ubuntu/orchids-blindy/src/app/favicon.ico.mjs { IMAGE => \"[project]/ubuntu/orchids-blindy/src/app/favicon.ico (static in ecmascript)\" } [app-rsc] (structured image object, ecmascript, Next.js Server Component)", MODULE_1 => "[project]/ubuntu/orchids-blindy/src/app/layout.tsx [app-rsc] (ecmascript, Next.js Server Component)", MODULE_2 => "[project]/ubuntu/orchids-blindy/src/app/not-found.tsx [app-rsc] (ecmascript, Next.js Server Component)", MODULE_3 => "[project]/ubuntu/orchids-blindy/node_modules/.pnpm/next@15.5.7_@babel+core@7.29.7_supports-color@7.2.0__react-dom@19.0.0_react@19.0.0__react@19.0.0/node_modules/next/dist/client/components/builtin/forbidden.js [app-rsc] (ecmascript, Next.js Server Component)", MODULE_4 => "[project]/ubuntu/orchids-blindy/node_modules/.pnpm/next@15.5.7_@babel+core@7.29.7_supports-color@7.2.0__react-dom@19.0.0_react@19.0.0__react@19.0.0/node_modules/next/dist/client/components/builtin/unauthorized.js [app-rsc] (ecmascript, Next.js Server Component)", MODULE_5 => "[project]/ubuntu/orchids-blindy/src/app/global-error.tsx [app-rsc] (ecmascript, Next.js Server Component)", MODULE_6 => "[project]/ubuntu/orchids-blindy/src/app/page.tsx [app-rsc] (ecmascript, Next.js Server Component)" } [app-rsc] (ecmascript) <locals>] {
[2026-08-19T17:26:28.821Z] [cause]: [Error: ENOENT: no such file or directory, open '/home/ubuntu/orchids-blindy/.next/server/chunks/ssr/ubuntu_orchids-blindy_src_a62fae50._.js'] {
[2026-08-19T17:26:28.821Z] errno: -2,
[2026-08-19T17:26:28.821Z] code: 'ENOENT',
[2026-08-19T17:26:28.821Z] syscall: 'open',
[2026-08-19T17:26:28.821Z] path: '/home/ubuntu/orchids-blindy/.next/server/chunks/ssr/ubuntu_orchids-blindy_src_a62fae50._.js'
[2026-08-19T17:26:28.821Z] }
[2026-08-19T17:26:28.821Z] }
[2026-08-19T17:26:29.219Z] [Error: Failed to load chunk server/chunks/ssr/33e6a_motion-dom_dist_es_4797c4ee._.js from module [project]/ubuntu/orchids-blindy/node_modules/.pnpm/next@15.5.7_@babel+core@7.29.7_supports-color@7.2.0__react-dom@19.0.0_react@19.0.0__react@19.0.0/node_modules/next/dist/esm/build/templates/app-page.js?page=/page { GLOBAL_ERROR_MODULE => "[project]/ubuntu/orchids-blindy/src/app/global-error.tsx [app-rsc] (ecmascript, Next.js Server Component)", METADATA_0 => "[project]/ubuntu/orchids-blindy/src/app/favicon.ico.mjs { IMAGE => \"[project]/ubuntu/orchids-blindy/src/app/favicon.ico (static in ecmascript)\" } [app-rsc] (structured image object, ecmascript, Next.js Server Component)", MODULE_1 => "[project]/ubuntu/orchids-blindy/src/app/layout.tsx [app-rsc] (ecmascript, Next.js Server Component)", MODULE_2 => "[project]/ubuntu/orchids-blindy/src/app/not-found.tsx [app-rsc] (ecmascript, Next.js Server Component)", MODULE_3 => "[project]/ubuntu/orchids-blindy/node_modules/.pnpm/next@15.5.7_@babel+core@7.29.7_supports-color@7.2.0__react-dom@19.0.0_react@19.0.0__react@19.0.0/node_modules/next/dist/client/components/builtin/forbidden.js [app-rsc] (ecmascript, Next.js Server Component)", MODULE_4 => "[project]/ubuntu/orchids-blindy/node_modules/.pnpm/next@15.5.7_@babel+core@7.29.7_supports-color@7.2.0__react-dom@19.0.0_react@19.0.0__react@19.0.0/node_modules/next/dist/client/components/builtin/unauthorized.js [app-rsc] (ecmascript, Next.js Server Component)", MODULE_5 => "[project]/ubuntu/orchids-blindy/src/app/global-error.tsx [app-rsc] (ecmascript, Next.js Server Component)", MODULE_6 => "[project]/ubuntu/orchids-blindy/src/app/page.tsx [app-rsc] (ecmascript, Next.js Server Component)" } [app-rsc] (ecmascript) <locals>] {
[2026-08-19T17:26:29.219Z] [cause]: [Error: ENOENT: no such file or directory, open '/home/ubuntu/orchids-blindy/.next/server/chunks/ssr/33e6a_motion-dom_dist_es_4797c4ee._.js'] {
[2026-08-19T17:26:29.219Z] errno: -2,
[2026-08-19T17:26:29.219Z] code: 'ENOENT',
[2026-08-19T17:26:29.219Z] syscall: 'open',
[2026-08-19T17:26:29.219Z] path: '/home/ubuntu/orchids-blindy/.next/server/chunks/ssr/33e6a_motion-dom_dist_es_4797c4ee._.js'
[2026-08-19T17:26:29.219Z] }
[2026-08-19T17:26:29.219Z] }
[2026-08-19T17:26:29.642Z] ⨯ unhandledRejection: [Error: Failed to load chunk server/chunks/ssr/33e6a_motion-dom_dist_es_4797c4ee._.js from module [project]/ubuntu/orchids-blindy/node_modules/.pnpm/next@15.5.7_@babel+core@7.29.7_supports-color@7.2.0__react-dom@19.0.0_react@19.0.0__react@19.0.0/node_modules/next/dist/esm/build/templates/app-page.js?page=/page { GLOBAL_ERROR_MODULE => "[project]/ubuntu/orchids-blindy/src/app/global-error.tsx [app-rsc] (ecmascript, Next.js Server Component)", METADATA_0 => "[project]/ubuntu/orchids-blindy/src/app/favicon.ico.mjs { IMAGE => \"[project]/ubuntu/orchids-blindy/src/app/favicon.ico (static in ecmascript)\" } [app-rsc] (structured image object, ecmascript, Next.js Server Component)", MODULE_1 => "[project]/ubuntu/orchids-blindy/src/app/layout.tsx [app-rsc] (ecmascript, Next.js Server Component)", MODULE_2 => "[project]/ubuntu/orchids-blindy/src/app/not-found.tsx [app-rsc] (ecmascript, Next.js Server Component)", MODULE_3 => "[project]/ubuntu/orchids-blindy/node_modules/.pnpm/next@15.5.7_@babel+core@7.29.7_supports-color@7.2.0__react-dom@19.0.0_react@19.0.0__react@19.0.0/node_modules/next/dist/client/components/builtin/forbidden.js [app-rsc] (ecmascript, Next.js Server Component)", MODULE_4 => "[project]/ubuntu/orchids-blindy/node_modules/.pnpm/next@15.5.7_@babel+core@7.29.7_supports-color@7.2.0__react-dom@19.0.0_react@19.0.0__react@19.0.0/node_modules/next/dist/client/components/builtin/unauthorized.js [app-rsc] (ecmascript, Next.js Server Component)", MODULE_5 => "[project]/ubuntu/orchids-blindy/src/app/global-error.tsx [app-rsc] (ecmascript, Next.js Server Component)", MODULE_6 => "[project]/ubuntu/orchids-blindy/src/app/page.tsx [app-rsc] (ecmascript, Next.js Server Component)" } [app-rsc] (ecmascript) <locals>] {
[2026-08-19T17:26:29.642Z] [cause]: [Error: ENOENT: no such file or directory, open '/home/ubuntu/orchids-blindy/.next/server/chunks/ssr/33e6a_motion-dom_dist_es_4797c4ee._.js'] {
[2026-08-19T17:26:29.642Z] errno: -2,
[2026-08-19T17:26:29.642Z] code: 'ENOENT',
[2026-08-19T17:26:29.642Z] syscall: 'open',
[2026-08-19T17:26:29.642Z] path: '/home/ubuntu/orchids-blindy/.next/server/chunks/ssr/33e6a_motion-dom_dist_es_4797c4ee._.js'
[2026-08-19T17:26:29.642Z] }
[2026-08-19T17:26:29.642Z] }
[2026-08-19T17:26:30.051Z] ⨯ unhandledRejection:  [Error: Failed to load chunk server/chunks/ssr/33e6a_motion-dom_dist_es_4797c4ee._.js from module [project]/ubuntu/orchids-blindy/node_modules/.pnpm/next@15.5.7_@babel+core@7.29.7_supports-color@7.2.0__react-dom@19.0.0_react@19.0.0__react@19.0.0/node_modules/next/dist/esm/build/templates/app-page.js?page=/page { GLOBAL_ERROR_MODULE => "[project]/ubuntu/orchids-blindy/src/app/global-error.tsx [app-rsc] (ecmascript, Next.js Server Component)", METADATA_0 => "[project]/ubuntu/orchids-blindy/src/app/favicon.ico.mjs { IMAGE => \"[project]/ubuntu/orchids-blindy/src/app/favicon.ico (static in ecmascript)\" } [app-rsc] (structured image object, ecmascript, Next.js Server Component)", MODULE_1 => "[project]/ubuntu/orchids-blindy/src/app/layout.tsx [app-rsc] (ecmascript, Next.js Server Component)", MODULE_2 => "[project]/ubuntu/orchids-blindy/src/app/not-found.tsx [app-rsc] (ecmascript, Next.js Server Component)", MODULE_3 => "[project]/ubuntu/orchids-blindy/node_modules/.pnpm/next@15.5.7_@babel+core@7.29.7_supports-color@7.2.0__react-dom@19.0.0_react@19.0.0__react@19.0.0/node_modules/next/dist/client/components/builtin/forbidden.js [app-rsc] (ecmascript, Next.js Server Component)", MODULE_4 => "[project]/ubuntu/orchids-blindy/node_modules/.pnpm/next@15.5.7_@babel+core@7.29.7_supports-color@7.2.0__react-dom@19.0.0_react@19.0.0__react@19.0.0/node_modules/next/dist/client/components/builtin/unauthorized.js [app-rsc] (ecmascript, Next.js Server Component)", MODULE_5 => "[project]/ubuntu/orchids-blindy/src/app/global-error.tsx [app-rsc] (ecmascript, Next.js Server Component)", MODULE_6 => "[project]/ubuntu/orchids-blindy/src/app/page.tsx [app-rsc] (ecmascript, Next.js Server Component)" } [app-rsc] (ecmascript) <locals>] {
[2026-08-19T17:26:30.051Z] [cause]: [Error: ENOENT: no such file or directory, open '/home/ubuntu/orchids-blindy/.next/server/chunks/ssr/33e6a_motion-dom_dist_es_4797c4ee._.js'] {
[2026-08-19T17:26:30.051Z] errno: -2,
[2026-08-19T17:26:30.051Z] code: 'ENOENT',
[2026-08-19T17:26:30.051Z] syscall: 'open',
[2026-08-19T17:26:30.051Z] path: '/home/ubuntu/orchids-blindy/.next/server/chunks/ssr/33e6a_motion-dom_dist_es_4797c4ee._.js'
[2026-08-19T17:26:30.051Z] }
[2026-08-19T17:26:30.051Z] }
[2026-08-19T17:26:30.462Z] [Error: Failed to load chunk server/chunks/ssr/a2e68_framer-motion_dist_es_2e5a6fa9._.js from module [project]/ubuntu/orchids-blindy/node_modules/.pnpm/next@15.5.7_@babel+core@7.29.7_supports-color@7.2.0__react-dom@19.0.0_react@19.0.0__react@19.0.0/node_modules/next/dist/esm/build/templates/app-page.js?page=/page { GLOBAL_ERROR_MODULE => "[project]/ubuntu/orchids-blindy/src/app/global-error.tsx [app-rsc] (ecmascript, Next.js Server Component)", METADATA_0 => "[project]/ubuntu/orchids-blindy/src/app/favicon.ico.mjs { IMAGE => \"[project]/ubuntu/orchids-blindy/src/app/favicon.ico (static in ecmascript)\" } [app-rsc] (structured image object, ecmascript, Next.js Server Component)", MODULE_1 => "[project]/ubuntu/orchids-blindy/src/app/layout.tsx [app-rsc] (ecmascript, Next.js Server Component)", MODULE_2 => "[project]/ubuntu/orchids-blindy/src/app/not-found.tsx [app-rsc] (ecmascript, Next.js Server Component)", MODULE_3 => "[project]/ubuntu/orchids-blindy/node_modules/.pnpm/next@15.5.7_@babel+core@7.29.7_supports-color@7.2.0__react-dom@19.0.0_react@19.0.0__react@19.0.0/node_modules/next/dist/client/components/builtin/forbidden.js [app-rsc] (ecmascript, Next.js Server Component)", MODULE_4 => "[project]/ubuntu/orchids-blindy/node_modules/.pnpm/next@15.5.7_@babel+core@7.29.7_supports-color@7.2.0__react-dom@19.0.0_react@19.0.0__react@19.0.0/node_modules/next/dist/client/components/builtin/unauthorized.js [app-rsc] (ecmascript, Next.js Server Component)", MODULE_5 => "[project]/ubuntu/orchids-blindy/src/app/global-error.tsx [app-rsc] (ecmascript, Next.js Server Component)", MODULE_6 => "[project]/ubuntu/orchids-blindy/src/app/page.tsx [app-rsc] (ecmascript, Next.js Server Component)" } [app-rsc] (ecmascript) <locals>] {
[2026-08-19T17:26:30.462Z] [cause]: [Error: ENOENT: no such file or directory, open '/home/ubuntu/orchids-blindy/.next/server/chunks/ssr/a2e68_framer-motion_dist_es_2e5a6fa9._.js'] {
[2026-08-19T17:26:30.462Z] errno: -2,
[2026-08-19T17:26:30.462Z] code: 'ENOENT',
[2026-08-19T17:26:30.462Z] syscall: 'open',
[2026-08-19T17:26:30.462Z] path: '/home/ubuntu/orchids-blindy/.next/server/chunks/ssr/a2e68_framer-motion_dist_es_2e5a6fa9._.js'
[2026-08-19T17:26:30.462Z] }
[2026-08-19T17:26:30.462Z] }
[2026-08-19T17:26:30.875Z] ⨯ unhandledRejection: [Error: Failed to load chunk server/chunks/ssr/a2e68_framer-motion_dist_es_2e5a6fa9._.js from module [project]/ubuntu/orchids-blindy/node_modules/.pnpm/next@15.5.7_@babel+core@7.29.7_supports-color@7.2.0__react-dom@19.0.0_react@19.0.0__react@19.0.0/node_modules/next/dist/esm/build/templates/app-page.js?page=/page { GLOBAL_ERROR_MODULE => "[project]/ubuntu/orchids-blindy/src/app/global-error.tsx [app-rsc] (ecmascript, Next.js Server Component)", METADATA_0 => "[project]/ubuntu/orchids-blindy/src/app/favicon.ico.mjs { IMAGE => \"[project]/ubuntu/orchids-blindy/src/app/favicon.ico (static in ecmascript)\" } [app-rsc] (structured image object, ecmascript, Next.js Server Component)", MODULE_1 => "[project]/ubuntu/orchids-blindy/src/app/layout.tsx [app-rsc] (ecmascript, Next.js Server Component)", MODULE_2 => "[project]/ubuntu/orchids-blindy/src/app/not-found.tsx [app-rsc] (ecmascript, Next.js Server Component)", MODULE_3 => "[project]/ubuntu/orchids-blindy/node_modules/.pnpm/next@15.5.7_@babel+core@7.29.7_supports-color@7.2.0__react-dom@19.0.0_react@19.0.0__react@19.0.0/node_modules/next/dist/client/components/builtin/forbidden.js [app-rsc] (ecmascript, Next.js Server Component)", MODULE_4 => "[project]/ubuntu/orchids-blindy/node_modules/.pnpm/next@15.5.7_@babel+core@7.29.7_supports-color@7.2.0__react-dom@19.0.0_react@19.0.0__react@19.0.0/node_modules/next/dist/client/components/builtin/unauthorized.js [app-rsc] (ecmascript, Next.js Server Component)", MODULE_5 => "[project]/ubuntu/orchids-blindy/src/app/global-error.tsx [app-rsc] (ecmascript, Next.js Server Component)", MODULE_6 => "[project]/ubuntu/orchids-blindy/src/app/page.tsx [app-rsc] (ecmascript, Next.js Server Component)" } [app-rsc] (ecmascript) <locals>] {
[2026-08-19T17:26:30.876Z] [cause]: [Error: ENOENT: no such file or directory, open '/home/ubuntu/orchids-blindy/.next/server/chunks/ssr/a2e68_framer-motion_dist_es_2e5a6fa9._.js'] {
[2026-08-19T17:26:30.876Z] errno: -2,
[2026-08-19T17:26:30.876Z] code: 'ENOENT',
[2026-08-19T17:26:30.876Z] syscall: 'open',
[2026-08-19T17:26:30.876Z] path: '/home/ubuntu/orchids-blindy/.next/server/chunks/ssr/a2e68_framer-motion_dist_es_2e5a6fa9._.js'
[2026-08-19T17:26:30.876Z] }
[2026-08-19T17:26:30.876Z] }
[2026-08-19T17:26:31.290Z] ⨯ unhandledRejection:  [Error: Failed to load chunk server/chunks/ssr/a2e68_framer-motion_dist_es_2e5a6fa9._.js from module [project]/ubuntu/orchids-blindy/node_modules/.pnpm/next@15.5.7_@babel+core@7.29.7_supports-color@7.2.0__react-dom@19.0.0_react@19.0.0__react@19.0.0/node_modules/next/dist/esm/build/templates/app-page.js?page=/page { GLOBAL_ERROR_MODULE => "[project]/ubuntu/orchids-blindy/src/app/global-error.tsx [app-rsc] (ecmascript, Next.js Server Component)", METADATA_0 => "[project]/ubuntu/orchids-blindy/src/app/favicon.ico.mjs { IMAGE => \"[project]/ubuntu/orchids-blindy/src/app/favicon.ico (static in ecmascript)\" } [app-rsc] (structured image object, ecmascript, Next.js Server Component)", MODULE_1 => "[project]/ubuntu/orchids-blindy/src/app/layout.tsx [app-rsc] (ecmascript, Next.js Server Component)", MODULE_2 => "[project]/ubuntu/orchids-blindy/src/app/not-found.tsx [app-rsc] (ecmascript, Next.js Server Component)", MODULE_3 => "[project]/ubuntu/orchids-blindy/node_modules/.pnpm/next@15.5.7_@babel+core@7.29.7_supports-color@7.2.0__react-dom@19.0.0_react@19.0.0__react@19.0.0/node_modules/next/dist/client/components/builtin/forbidden.js [app-rsc] (ecmascript, Next.js Server Component)", MODULE_4 => "[project]/ubuntu/orchids-blindy/node_modules/.pnpm/next@15.5.7_@babel+core@7.29.7_supports-color@7.2.0__react-dom@19.0.0_react@19.0.0__react@19.0.0/node_modules/next/dist/client/components/builtin/unauthorized.js [app-rsc] (ecmascript, Next.js Server Component)", MODULE_5 => "[project]/ubuntu/orchids-blindy/src/app/global-error.tsx [app-rsc] (ecmascript, Next.js Server Component)", MODULE_6 => "[project]/ubuntu/orchids-blindy/src/app/page.tsx [app-rsc] (ecmascript, Next.js Server Component)" } [app-rsc] (ecmascript) <locals>] {
[2026-08-19T17:26:31.290Z] [cause]: [Error: ENOENT: no such file or directory, open '/home/ubuntu/orchids-blindy/.next/server/chunks/ssr/a2e68_framer-motion_dist_es_2e5a6fa9._.js'] {
[2026-08-19T17:26:31.290Z] errno: -2,
[2026-08-19T17:26:31.290Z] code: 'ENOENT',
[2026-08-19T17:26:31.290Z] syscall: 'open',
[2026-08-19T17:26:31.290Z] path: '/home/ubuntu/orchids-blindy/.next/server/chunks/ssr/a2e68_framer-motion_dist_es_2e5a6fa9._.js'
[2026-08-19T17:26:31.290Z] }
[2026-08-19T17:26:31.290Z] }
[2026-08-19T17:26:31.717Z] [Error: Failed to load chunk server/chunks/ssr/2e69e_lucide-react_dist_esm_94b46ecb._.js from module [project]/ubuntu/orchids-blindy/node_modules/.pnpm/next@15.5.7_@babel+core@7.29.7_supports-color@7.2.0__react-dom@19.0.0_react@19.0.0__react@19.0.0/node_modules/next/dist/esm/build/templates/app-page.js?page=/page { GLOBAL_ERROR_MODULE => "[project]/ubuntu/orchids-blindy/src/app/global-error.tsx [app-rsc] (ecmascript, Next.js Server Component)", METADATA_0 => "[project]/ubuntu/orchids-blindy/src/app/favicon.ico.mjs { IMAGE => \"[project]/ubuntu/orchids-blindy/src/app/favicon.ico (static in ecmascript)\" } [app-rsc] (structured image object, ecmascript, Next.js Server Component)", MODULE_1 => "[project]/ubuntu/orchids-blindy/src/app/layout.tsx [app-rsc] (ecmascript, Next.js Server Component)", MODULE_2 => "[project]/ubuntu/orchids-blindy/src/app/not-found.tsx [app-rsc] (ecmascript, Next.js Server Component)", MODULE_3 => "[project]/ubuntu/orchids-blindy/node_modules/.pnpm/next@15.5.7_@babel+core@7.29.7_supports-color@7.2.0__react-dom@19.0.0_react@19.0.0__react@19.0.0/node_modules/next/dist/client/components/builtin/forbidden.js [app-rsc] (ecmascript, Next.js Server Component)", MODULE_4 => "[project]/ubuntu/orchids-blindy/node_modules/.pnpm/next@15.5.7_@babel+core@7.29.7_supports-color@7.2.0__react-dom@19.0.0_react@19.0.0__react@19.0.0/node_modules/next/dist/client/components/builtin/unauthorized.js [app-rsc] (ecmascript, Next.js Server Component)", MODULE_5 => "[project]/ubuntu/orchids-blindy/src/app/global-error.tsx [app-rsc] (ecmascript, Next.js Server Component)", MODULE_6 => "[project]/ubuntu/orchids-blindy/src/app/page.tsx [app-rsc] (ecmascript, Next.js Server Component)" } [app-rsc] (ecmascript) <locals>] {
[2026-08-19T17:26:31.717Z] [cause]: [Error: Cannot find module '/home/ubuntu/orchids-blindy/.next/server/chunks/ssr/2e69e_lucide-react_dist_esm_94b46ecb._.js'
[2026-08-19T17:26:31.717Z] Require stack:
[2026-08-19T17:26:31.717Z] - /home/ubuntu/orchids-blindy/.next/server/chunks/ssr/[turbopack]_runtime.js
[2026-08-19T17:26:31.717Z] - /home/ubuntu/orchids-blindy/.next/server/app/page.js
[2026-08-19T17:26:31.717Z] - /home/ubuntu/orchids-blindy/node_modules/.pnpm/next@15.5.7_@babel+core@7.29.7_supports-color@7.2.0__react-dom@19.0.0_react@19.0.0__react@19.0.0/node_modules/next/dist/server/require.js
[2026-08-19T17:26:31.717Z] - /home/ubuntu/orchids-blindy/node_modules/.pnpm/next@15.5.7_@babel+core@7.29.7_supports-color@7.2.0__react-dom@19.0.0_react@19.0.0__react@19.0.0/node_modules/next/dist/server/load-components.js
[2026-08-19T17:26:31.717Z] - /home/ubuntu/orchids-blindy/node_modules/.pnpm/next@15.5.7_@babel+core@7.29.7_supports-color@7.2.0__react-dom@19.0.0_react@19.0.0__react@19.0.0/node_modules/next/dist/build/utils.js
[2026-08-19T17:26:31.717Z] - /home/ubuntu/orchids-blindy/node_modules/.pnpm/next@15.5.7_@babel+core@7.29.7_supports-color@7.2.0__react-dom@19.0.0_react@19.0.0__react@19.0.0/node_modules/next/dist/build/swc/options.js
[2026-08-19T17:26:31.717Z] - /home/ubuntu/orchids-blindy/node_modules/.pnpm/next@15.5.7_@babel+core@7.29.7_supports-color@7.2.0__react-dom@19.0.0_react@19.0.0__react@19.0.0/node_modules/next/dist/build/swc/index.js
[2026-08-19T17:26:31.717Z] - /home/ubuntu/orchids-blindy/node_modules/.pnpm/next@15.5.7_@babel+core@7.29.7_supports-color@7.2.0__react-dom@19.0.0_react@19.0.0__react@19.0.0/node_modules/next/dist/build/next-config-ts/transpile-config.js
[2026-08-19T17:26:31.717Z] - /home/ubuntu/orchids-blindy/node_modules/.pnpm/next@15.5.7_@babel+core@7.29.7_supports-color@7.2.0__react-dom@19.0.0_react@19.0.0__react@19.0.0/node_modules/next/dist/server/config.js
[2026-08-19T17:26:31.717Z] - /home/ubuntu/orchids-blindy/node_modules/.pnpm/next@15.5.7_@babel+core@7.29.7_supports-color@7.2.0__react-dom@19.0.0_react@19.0.0__react@19.0.0/node_modules/next/dist/server/next.js
[2026-08-19T17:26:31.717Z] - /home/ubuntu/orchids-blindy/node_modules/.pnpm/next@15.5.7_@babel+core@7.29.7_supports-color@7.2.0__react-dom@19.0.0_react@19.0.0__react@19.0.0/node_modules/next/dist/server/lib/start-server.js] {
[2026-08-19T17:26:31.717Z] code: 'MODULE_NOT_FOUND',
[2026-08-19T17:26:31.717Z] requireStack: [
[2026-08-19T17:26:31.717Z] '/home/ubuntu/orchids-blindy/.next/server/chunks/ssr/[turbopack]_runtime.js',
[2026-08-19T17:26:31.717Z] '/home/ubuntu/orchids-blindy/.next/server/app/page.js',
[2026-08-19T17:26:31.717Z] '/home/ubuntu/orchids-blindy/node_modules/.pnpm/next@15.5.7_@babel+core@7.29.7_supports-color@7.2.0__react-dom@19.0.0_react@19.0.0__react@19.0.0/node_modules/next/dist/server/require.js',
[2026-08-19T17:26:31.717Z] '/home/ubuntu/orchids-blindy/node_modules/.pnpm/next@15.5.7_@babel+core@7.29.7_supports-color@7.2.0__react-dom@19.0.0_react@19.0.0__react@19.0.0/node_modules/next/dist/server/load-components.js',
[2026-08-19T17:26:31.717Z] '/home/ubuntu/orchids-blindy/node_modules/.pnpm/next@15.5.7_@babel+core@7.29.7_supports-color@7.2.0__react-dom@19.0.0_react@19.0.0__react@19.0.0/node_modules/next/dist/build/utils.js',
[2026-08-19T17:26:31.717Z] '/home/ubuntu/orchids-blindy/node_modules/.pnpm/next@15.5.7_@babel+core@7.29.7_supports-color@7.2.0__react-dom@19.0.0_react@19.0.0__react@19.0.0/node_modules/next/dist/build/swc/options.js',
[2026-08-19T17:26:31.717Z] '/home/ubuntu/orchids-blindy/node_modules/.pnpm/next@15.5.7_@babel+core@7.29.7_supports-color@7.2.0__react-dom@19.0.0_react@19.0.0__react@19.0.0/node_modules/next/dist/build/swc/index.js',
[2026-08-19T17:26:31.717Z] '/home/ubuntu/orchids-blindy/node_modules/.pnpm/next@15.5.7_@babel+core@7.29.7_supports-color@7.2.0__react-dom@19.0.0_react@19.0.0__react@19.0.0/node_modules/next/dist/build/next-config-ts/transpile-config.js',
[2026-08-19T17:26:31.717Z] '/home/ubuntu/orchids-blindy/node_modules/.pnpm/next@15.5.7_@babel+core@7.29.7_supports-color@7.2.0__react-dom@19.0.0_react@19.0.0__react@19.0.0/node_modules/next/dist/server/config.js',
[2026-08-19T17:26:31.717Z] '/home/ubuntu/orchids-blindy/node_modules/.pnpm/next@15.5.7_@babel+core@7.29.7_supports-color@7.2.0__react-dom@19.0.0_react@19.0.0__react@19.0.0/node_modules/next/dist/server/next.js',
[2026-08-19T17:26:31.717Z] '/home/ubuntu/orchids-blindy/node_modules/.pnpm/next@15.5.7_@babel+core@7.29.7_supports-color@7.2.0__react-dom@19.0.0_react@19.0.0__react@19.0.0/node_modules/next/dist/server/lib/start-server.js'
[2026-08-19T17:26:31.717Z] ]
[2026-08-19T17:26:31.717Z] }
[2026-08-19T17:26:31.717Z] }
[2026-08-19T17:26:32.124Z] ⨯ unhandledRejection: [Error: Failed to load chunk server/chunks/ssr/2e69e_lucide-react_dist_esm_94b46ecb._.js from module [project]/ubuntu/orchids-blindy/node_modules/.pnpm/next@15.5.7_@babel+core@7.29.7_supports-color@7.2.0__react-dom@19.0.0_react@19.0.0__react@19.0.0/node_modules/next/dist/esm/build/templates/app-page.js?page=/page { GLOBAL_ERROR_MODULE => "[project]/ubuntu/orchids-blindy/src/app/global-error.tsx [app-rsc] (ecmascript, Next.js Server Component)", METADATA_0 => "[project]/ubuntu/orchids-blindy/src/app/favicon.ico.mjs { IMAGE => \"[project]/ubuntu/orchids-blindy/src/app/favicon.ico (static in ecmascript)\" } [app-rsc] (structured image object, ecmascript, Next.js Server Component)", MODULE_1 => "[project]/ubuntu/orchids-blindy/src/app/layout.tsx [app-rsc] (ecmascript, Next.js Server Component)", MODULE_2 => "[project]/ubuntu/orchids-blindy/src/app/not-found.tsx [app-rsc] (ecmascript, Next.js Server Component)", MODULE_3 => "[project]/ubuntu/orchids-blindy/node_modules/.pnpm/next@15.5.7_@babel+core@7.29.7_supports-color@7.2.0__react-dom@19.0.0_react@19.0.0__react@19.0.0/node_modules/next/dist/client/components/builtin/forbidden.js [app-rsc] (ecmascript, Next.js Server Component)", MODULE_4 => "[project]/ubuntu/orchids-blindy/node_modules/.pnpm/next@15.5.7_@babel+core@7.29.7_supports-color@7.2.0__react-dom@19.0.0_react@19.0.0__react@19.0.0/node_modules/next/dist/client/components/builtin/unauthorized.js [app-rsc] (ecmascript, Next.js Server Component)", MODULE_5 => "[project]/ubuntu/orchids-blindy/src/app/global-error.tsx [app-rsc] (ecmascript, Next.js Server Component)", MODULE_6 => "[project]/ubuntu/orchids-blindy/src/app/page.tsx [app-rsc] (ecmascript, Next.js Server Component)" } [app-rsc] (ecmascript) <locals>] {
[2026-08-19T17:26:32.125Z] [cause]: [Error: Cannot find module '/home/ubuntu/orchids-blindy/.next/server/chunks/ssr/2e69e_lucide-react_dist_esm_94b46ecb._.js'
[2026-08-19T17:26:32.125Z] Require stack:
[2026-08-19T17:26:32.125Z] - /home/ubuntu/orchids-blindy/.next/server/chunks/ssr/[turbopack]_runtime.js
[2026-08-19T17:26:32.125Z] - /home/ubuntu/orchids-blindy/.next/server/app/page.js
[2026-08-19T17:26:32.125Z] - /home/ubuntu/orchids-blindy/node_modules/.pnpm/next@15.5.7_@babel+core@7.29.7_supports-color@7.2.0__react-dom@19.0.0_react@19.0.0__react@19.0.0/node_modules/next/dist/server/require.js
[2026-08-19T17:26:32.125Z] - /home/ubuntu/orchids-blindy/node_modules/.pnpm/next@15.5.7_@babel+core@7.29.7_supports-color@7.2.0__react-dom@19.0.0_react@19.0.0__react@19.0.0/node_modules/next/dist/server/load-components.js
[2026-08-19T17:26:32.125Z] - /home/ubuntu/orchids-blindy/node_modules/.pnpm/next@15.5.7_@babel+core@7.29.7_supports-color@7.2.0__react-dom@19.0.0_react@19.0.0__react@19.0.0/node_modules/next/dist/build/utils.js
[2026-08-19T17:26:32.125Z] - /home/ubuntu/orchids-blindy/node_modules/.pnpm/next@15.5.7_@babel+core@7.29.7_supports-color@7.2.0__react-dom@19.0.0_react@19.0.0__react@19.0.0/node_modules/next/dist/build/swc/options.js
[2026-08-19T17:26:32.125Z] - /home/ubuntu/orchids-blindy/node_modules/.pnpm/next@15.5.7_@babel+core@7.29.7_supports-color@7.2.0__react-dom@19.0.0_react@19.0.0__react@19.0.0/node_modules/next/dist/build/swc/index.js
[2026-08-19T17:26:32.125Z] - /home/ubuntu/orchids-blindy/node_modules/.pnpm/next@15.5.7_@babel+core@7.29.7_supports-color@7.2.0__react-dom@19.0.0_react@19.0.0__react@19.0.0/node_modules/next/dist/build/next-config-ts/transpile-config.js
[2026-08-19T17:26:32.125Z] - /home/ubuntu/orchids-blindy/node_modules/.pnpm/next@15.5.7_@babel+core@7.29.7_supports-color@7.2.0__react-dom@19.0.0_react@19.0.0__react@19.0.0/node_modules/next/dist/server/config.js
[2026-08-19T17:26:32.125Z] - /home/ubuntu/orchids-blindy/node_modules/.pnpm/next@15.5.7_@babel+core@7.29.7_supports-color@7.2.0__react-dom@19.0.0_react@19.0.0__react@19.0.0/node_modules/next/dist/server/next.js
[2026-08-19T17:26:32.125Z] - /home/ubuntu/orchids-blindy/node_modules/.pnpm/next@15.5.7_@babel+core@7.29.7_supports-color@7.2.0__react-dom@19.0.0_react@19.0.0__react@19.0.0/node_modules/next/dist/server/lib/start-server.js] {
[2026-08-19T17:26:32.125Z] code: 'MODULE_NOT_FOUND',
[2026-08-19T17:26:32.125Z] requireStack: [
[2026-08-19T17:26:32.125Z] '/home/ubuntu/orchids-blindy/.next/server/chunks/ssr/[turbopack]_runtime.js',
[2026-08-19T17:26:32.125Z] '/home/ubuntu/orchids-blindy/.next/server/app/page.js',
[2026-08-19T17:26:32.125Z] '/home/ubuntu/orchids-blindy/node_modules/.pnpm/next@15.5.7_@babel+core@7.29.7_supports-color@7.2.0__react-dom@19.0.0_react@19.0.0__react@19.0.0/node_modules/next/dist/server/require.js',
[2026-08-19T17:26:32.125Z] '/home/ubuntu/orchids-blindy/node_modules/.pnpm/next@15.5.7_@babel+core@7.29.7_supports-color@7.2.0__react-dom@19.0.0_react@19.0.0__react@19.0.0/node_modules/next/dist/server/load-components.js',
[2026-08-19T17:26:32.125Z] '/home/ubuntu/orchids-blindy/node_modules/.pnpm/next@15.5.7_@babel+core@7.29.7_supports-color@7.2.0__react-dom@19.0.0_react@19.0.0__react@19.0.0/node_modules/next/dist/build/utils.js',
[2026-08-19T17:26:32.125Z] '/home/ubuntu/orchids-blindy/node_modules/.pnpm/next@15.5.7_@babel+core@7.29.7_supports-color@7.2.0__react-dom@19.0.0_react@19.0.0__react@19.0.0/node_modules/next/dist/build/swc/options.js',
[2026-08-19T17:26:32.125Z] '/home/ubuntu/orchids-blindy/node_modules/.pnpm/next@15.5.7_@babel+core@7.29.7_supports-color@7.2.0__react-dom@19.0.0_react@19.0.0__react@19.0.0/node_modules/next/dist/build/swc/index.js',
[2026-08-19T17:26:32.125Z] '/home/ubuntu/orchids-blindy/node_modules/.pnpm/next@15.5.7_@babel+core@7.29.7_supports-color@7.2.0__react-dom@19.0.0_react@19.0.0__react@19.0.0/node_modules/next/dist/build/next-config-ts/transpile-config.js',
[2026-08-19T17:26:32.125Z] '/home/ubuntu/orchids-blindy/node_modules/.pnpm/next@15.5.7_@babel+core@7.29.7_supports-color@7.2.0__react-dom@19.0.0_react@19.0.0__react@19.0.0/node_modules/next/dist/server/config.js',
[2026-08-19T17:26:32.125Z] '/home/ubuntu/orchids-blindy/node_modules/.pnpm/next@15.5.7_@babel+core@7.29.7_supports-color@7.2.0__react-dom@19.0.0_react@19.0.0__react@19.0.0/node_modules/next/dist/server/next.js',
[2026-08-19T17:26:32.125Z] '/home/ubuntu/orchids-blindy/node_modules/.pnpm/next@15.5.7_@babel+core@7.29.7_supports-color@7.2.0__react-dom@19.0.0_react@19.0.0__react@19.0.0/node_modules/next/dist/server/lib/start-server.js'
[2026-08-19T17:26:32.125Z] ]
[2026-08-19T17:26:32.125Z] }
[2026-08-19T17:26:32.125Z] }
[2026-08-19T17:26:32.524Z] ⨯ unhandledRejection:  [Error: Failed to load chunk server/chunks/ssr/2e69e_lucide-react_dist_esm_94b46ecb._.js from module [project]/ubuntu/orchids-blindy/node_modules/.pnpm/next@15.5.7_@babel+core@7.29.7_supports-color@7.2.0__react-dom@19.0.0_react@19.0.0__react@19.0.0/node_modules/next/dist/esm/build/templates/app-page.js?page=/page { GLOBAL_ERROR_MODULE => "[project]/ubuntu/orchids-blindy/src/app/global-error.tsx [app-rsc] (ecmascript, Next.js Server Component)", METADATA_0 => "[project]/ubuntu/orchids-blindy/src/app/favicon.ico.mjs { IMAGE => \"[project]/ubuntu/orchids-blindy/src/app/favicon.ico (static in ecmascript)\" } [app-rsc] (structured image object, ecmascript, Next.js Server Component)", MODULE_1 => "[project]/ubuntu/orchids-blindy/src/app/layout.tsx [app-rsc] (ecmascript, Next.js Server Component)", MODULE_2 => "[project]/ubuntu/orchids-blindy/src/app/not-found.tsx [app-rsc] (ecmascript, Next.js Server Component)", MODULE_3 => "[project]/ubuntu/orchids-blindy/node_modules/.pnpm/next@15.5.7_@babel+core@7.29.7_supports-color@7.2.0__react-dom@19.0.0_react@19.0.0__react@19.0.0/node_modules/next/dist/client/components/builtin/forbidden.js [app-rsc] (ecmascript, Next.js Server Component)", MODULE_4 => "[project]/ubuntu/orchids-blindy/node_modules/.pnpm/next@15.5.7_@babel+core@7.29.7_supports-color@7.2.0__react-dom@19.0.0_react@19.0.0__react@19.0.0/node_modules/next/dist/client/components/builtin/unauthorized.js [app-rsc] (ecmascript, Next.js Server Component)", MODULE_5 => "[project]/ubuntu/orchids-blindy/src/app/global-error.tsx [app-rsc] (ecmascript, Next.js Server Component)", MODULE_6 => "[project]/ubuntu/orchids-blindy/src/app/page.tsx [app-rsc] (ecmascript, Next.js Server Component)" } [app-rsc] (ecmascript) <locals>] {
[2026-08-19T17:26:32.524Z] [cause]: [Error: Cannot find module '/home/ubuntu/orchids-blindy/.next/server/chunks/ssr/2e69e_lucide-react_dist_esm_94b46ecb._.js'
[2026-08-19T17:26:32.524Z] Require stack:
[2026-08-19T17:26:32.524Z] - /home/ubuntu/orchids-blindy/.next/server/chunks/ssr/[turbopack]_runtime.js
[2026-08-19T17:26:32.524Z] - /home/ubuntu/orchids-blindy/.next/server/app/page.js
[2026-08-19T17:26:32.524Z] - /home/ubuntu/orchids-blindy/node_modules/.pnpm/next@15.5.7_@babel+core@7.29.7_supports-color@7.2.0__react-dom@19.0.0_react@19.0.0__react@19.0.0/node_modules/next/dist/server/require.js
[2026-08-19T17:26:32.524Z] - /home/ubuntu/orchids-blindy/node_modules/.pnpm/next@15.5.7_@babel+core@7.29.7_supports-color@7.2.0__react-dom@19.0.0_react@19.0.0__react@19.0.0/node_modules/next/dist/server/load-components.js
[2026-08-19T17:26:32.524Z] - /home/ubuntu/orchids-blindy/node_modules/.pnpm/next@15.5.7_@babel+core@7.29.7_supports-color@7.2.0__react-dom@19.0.0_react@19.0.0__react@19.0.0/node_modules/next/dist/build/utils.js
[2026-08-19T17:26:32.524Z] - /home/ubuntu/orchids-blindy/node_modules/.pnpm/next@15.5.7_@babel+core@7.29.7_supports-color@7.2.0__react-dom@19.0.0_react@19.0.0__react@19.0.0/node_modules/next/dist/build/swc/options.js
[2026-08-19T17:26:32.524Z] - /home/ubuntu/orchids-blindy/node_modules/.pnpm/next@15.5.7_@babel+core@7.29.7_supports-color@7.2.0__react-dom@19.0.0_react@19.0.0__react@19.0.0/node_modules/next/dist/build/swc/index.js
[2026-08-19T17:26:32.524Z] - /home/ubuntu/orchids-blindy/node_modules/.pnpm/next@15.5.7_@babel+core@7.29.7_supports-color@7.2.0__react-dom@19.0.0_react@19.0.0__react@19.0.0/node_modules/next/dist/build/next-config-ts/transpile-config.js
[2026-08-19T17:26:32.524Z] - /home/ubuntu/orchids-blindy/node_modules/.pnpm/next@15.5.7_@babel+core@7.29.7_supports-color@7.2.0__react-dom@19.0.0_react@19.0.0__react@19.0.0/node_modules/next/dist/server/config.js
[2026-08-19T17:26:32.524Z] - /home/ubuntu/orchids-blindy/node_modules/.pnpm/next@15.5.7_@babel+core@7.29.7_supports-color@7.2.0__react-dom@19.0.0_react@19.0.0__react@19.0.0/node_modules/next/dist/server/next.js
[2026-08-19T17:26:32.524Z] - /home/ubuntu/orchids-blindy/node_modules/.pnpm/next@15.5.7_@babel+core@7.29.7_supports-color@7.2.0__react-dom@19.0.0_react@19.0.0__react@19.0.0/node_modules/next/dist/server/lib/start-server.js] {
[2026-08-19T17:26:32.524Z] code: 'MODULE_NOT_FOUND',
[2026-08-19T17:26:32.524Z] requireStack: [
[2026-08-19T17:26:32.524Z] '/home/ubuntu/orchids-blindy/.next/server/chunks/ssr/[turbopack]_runtime.js',
[2026-08-19T17:26:32.524Z] '/home/ubuntu/orchids-blindy/.next/server/app/page.js',
[2026-08-19T17:26:32.525Z] '/home/ubuntu/orchids-blindy/node_modules/.pnpm/next@15.5.7_@babel+core@7.29.7_supports-color@7.2.0__react-dom@19.0.0_react@19.0.0__react@19.0.0/node_modules/next/dist/server/require.js',
[2026-08-19T17:26:32.525Z] '/home/ubuntu/orchids-blindy/node_modules/.pnpm/next@15.5.7_@babel+core@7.29.7_supports-color@7.2.0__react-dom@19.0.0_react@19.0.0__react@19.0.0/node_modules/next/dist/server/load-components.js',
[2026-08-19T17:26:32.525Z] '/home/ubuntu/orchids-blindy/node_modules/.pnpm/next@15.5.7_@babel+core@7.29.7_supports-color@7.2.0__react-dom@19.0.0_react@19.0.0__react@19.0.0/node_modules/next/dist/build/utils.js',
[2026-08-19T17:26:32.525Z] '/home/ubuntu/orchids-blindy/node_modules/.pnpm/next@15.5.7_@babel+core@7.29.7_supports-color@7.2.0__react-dom@19.0.0_react@19.0.0__react@19.0.0/node_modules/next/dist/build/swc/options.js',
[2026-08-19T17:26:32.525Z] '/home/ubuntu/orchids-blindy/node_modules/.pnpm/next@15.5.7_@babel+core@7.29.7_supports-color@7.2.0__react-dom@19.0.0_react@19.0.0__react@19.0.0/node_modules/next/dist/build/swc/index.js',
[2026-08-19T17:26:32.525Z] '/home/ubuntu/orchids-blindy/node_modules/.pnpm/next@15.5.7_@babel+core@7.29.7_supports-color@7.2.0__react-dom@19.0.0_react@19.0.0__react@19.0.0/node_modules/next/dist/build/next-config-ts/transpile-config.js',
[2026-08-19T17:26:32.525Z] '/home/ubuntu/orchids-blindy/node_modules/.pnpm/next@15.5.7_@babel+core@7.29.7_supports-color@7.2.0__react-dom@19.0.0_react@19.0.0__react@19.0.0/node_modules/next/dist/server/config.js',
[2026-08-19T17:26:32.525Z] '/home/ubuntu/orchids-blindy/node_modules/.pnpm/next@15.5.7_@babel+core@7.29.7_supports-color@7.2.0__react-dom@19.0.0_react@19.0.0__react@19.0.0/node_modules/next/dist/server/next.js',
[2026-08-19T17:26:32.525Z] '/home/ubuntu/orchids-blindy/node_modules/.pnpm/next@15.5.7_@babel+core@7.29.7_supports-color@7.2.0__react-dom@19.0.0_react@19.0.0__react@19.0.0/node_modules/next/dist/server/lib/start-server.js'
[2026-08-19T17:26:32.525Z] ]
[2026-08-19T17:26:32.525Z] }
[2026-08-19T17:26:32.525Z] }
[2026-08-19T17:26:32.936Z] [Error: Failed to load chunk server/chunks/ssr/312f1_@supabase_auth-js_dist_module_9abdb305._.js from module [project]/ubuntu/orchids-blindy/node_modules/.pnpm/next@15.5.7_@babel+core@7.29.7_supports-color@7.2.0__react-dom@19.0.0_react@19.0.0__react@19.0.0/node_modules/next/dist/esm/build/templates/app-page.js?page=/page { GLOBAL_ERROR_MODULE => "[project]/ubuntu/orchids-blindy/src/app/global-error.tsx [app-rsc] (ecmascript, Next.js Server Component)", METADATA_0 => "[project]/ubuntu/orchids-blindy/src/app/favicon.ico.mjs { IMAGE => \"[project]/ubuntu/orchids-blindy/src/app/favicon.ico (static in ecmascript)\" } [app-rsc] (structured image object, ecmascript, Next.js Server Component)", MODULE_1 => "[project]/ubuntu/orchids-blindy/src/app/layout.tsx [app-rsc] (ecmascript, Next.js Server Component)", MODULE_2 => "[project]/ubuntu/orchids-blindy/src/app/not-found.tsx [app-rsc] (ecmascript, Next.js Server Component)", MODULE_3 => "[project]/ubuntu/orchids-blindy/node_modules/.pnpm/next@15.5.7_@babel+core@7.29.7_supports-color@7.2.0__react-dom@19.0.0_react@19.0.0__react@19.0.0/node_modules/next/dist/client/components/builtin/forbidden.js [app-rsc] (ecmascript, Next.js Server Component)", MODULE_4 => "[project]/ubuntu/orchids-blindy/node_modules/.pnpm/next@15.5.7_@babel+core@7.29.7_supports-color@7.2.0__react-dom@19.0.0_react@19.0.0__react@19.0.0/node_modules/next/dist/client/components/builtin/unauthorized.js [app-rsc] (ecmascript, Next.js Server Component)", MODULE_5 => "[project]/ubuntu/orchids-blindy/src/app/global-error.tsx [app-rsc] (ecmascript, Next.js Server Component)", MODULE_6 => "[project]/ubuntu/orchids-blindy/src/app/page.tsx [app-rsc] (ecmascript, Next.js Server Component)" } [app-rsc] (ecmascript) <locals>] {
[2026-08-19T17:26:32.936Z] [cause]: [Error: ENOENT: no such file or directory, open '/home/ubuntu/orchids-blindy/.next/server/chunks/ssr/312f1_@supabase_auth-js_dist_module_9abdb305._.js'] {
[2026-08-19T17:26:32.936Z] errno: -2,
[2026-08-19T17:26:32.936Z] code: 'ENOENT',
[2026-08-19T17:26:32.936Z] syscall: 'open',
[2026-08-19T17:26:32.936Z] path: '/home/ubuntu/orchids-blindy/.next/server/chunks/ssr/312f1_@supabase_auth-js_dist_module_9abdb305._.js'
[2026-08-19T17:26:32.936Z] }
[2026-08-19T17:26:32.936Z] }
[2026-08-19T17:26:33.410Z] ⨯ unhandledRejection: [Error: Failed to load chunk server/chunks/ssr/312f1_@supabase_auth-js_dist_module_9abdb305._.js from module [project]/ubuntu/orchids-blindy/node_modules/.pnpm/next@15.5.7_@babel+core@7.29.7_supports-color@7.2.0__react-dom@19.0.0_react@19.0.0__react@19.0.0/node_modules/next/dist/esm/build/templates/app-page.js?page=/page { GLOBAL_ERROR_MODULE => "[project]/ubuntu/orchids-blindy/src/app/global-error.tsx [app-rsc] (ecmascript, Next.js Server Component)", METADATA_0 => "[project]/ubuntu/orchids-blindy/src/app/favicon.ico.mjs { IMAGE => \"[project]/ubuntu/orchids-blindy/src/app/favicon.ico (static in ecmascript)\" } [app-rsc] (structured image object, ecmascript, Next.js Server Component)", MODULE_1 => "[project]/ubuntu/orchids-blindy/src/app/layout.tsx [app-rsc] (ecmascript, Next.js Server Component)", MODULE_2 => "[project]/ubuntu/orchids-blindy/src/app/not-found.tsx [app-rsc] (ecmascript, Next.js Server Component)", MODULE_3 => "[project]/ubuntu/orchids-blindy/node_modules/.pnpm/next@15.5.7_@babel+core@7.29.7_supports-color@7.2.0__react-dom@19.0.0_react@19.0.0__react@19.0.0/node_modules/next/dist/client/components/builtin/forbidden.js [app-rsc] (ecmascript, Next.js Server Component)", MODULE_4 => "[project]/ubuntu/orchids-blindy/node_modules/.pnpm/next@15.5.7_@babel+core@7.29.7_supports-color@7.2.0__react-dom@19.0.0_react@19.0.0__react@19.0.0/node_modules/next/dist/client/components/builtin/unauthorized.js [app-rsc] (ecmascript, Next.js Server Component)", MODULE_5 => "[project]/ubuntu/orchids-blindy/src/app/global-error.tsx [app-rsc] (ecmascript, Next.js Server Component)", MODULE_6 => "[project]/ubuntu/orchids-blindy/src/app/page.tsx [app-rsc] (ecmascript, Next.js Server Component)" } [app-rsc] (ecmascript) <locals>] {
[2026-08-19T17:26:33.410Z] [cause]: [Error: ENOENT: no such file or directory, open '/home/ubuntu/orchids-blindy/.next/server/chunks/ssr/312f1_@supabase_auth-js_dist_module_9abdb305._.js'] {
[2026-08-19T17:26:33.410Z] errno: -2,
[2026-08-19T17:26:33.410Z] code: 'ENOENT',
[2026-08-19T17:26:33.410Z] syscall: 'open',
[2026-08-19T17:26:33.410Z] path: '/home/ubuntu/orchids-blindy/.next/server/chunks/ssr/312f1_@supabase_auth-js_dist_module_9abdb305._.js'
[2026-08-19T17:26:33.410Z] }
[2026-08-19T17:26:33.410Z] }
[2026-08-19T17:26:33.838Z] ⨯ unhandledRejection:  [Error: Failed to load chunk server/chunks/ssr/312f1_@supabase_auth-js_dist_module_9abdb305._.js from module [project]/ubuntu/orchids-blindy/node_modules/.pnpm/next@15.5.7_@babel+core@7.29.7_supports-color@7.2.0__react-dom@19.0.0_react@19.0.0__react@19.0.0/node_modules/next/dist/esm/build/templates/app-page.js?page=/page { GLOBAL_ERROR_MODULE => "[project]/ubuntu/orchids-blindy/src/app/global-error.tsx [app-rsc] (ecmascript, Next.js Server Component)", METADATA_0 => "[project]/ubuntu/orchids-blindy/src/app/favicon.ico.mjs { IMAGE => \"[project]/ubuntu/orchids-blindy/src/app/favicon.ico (static in ecmascript)\" } [app-rsc] (structured image object, ecmascript, Next.js Server Component)", MODULE_1 => "[project]/ubuntu/orchids-blindy/src/app/layout.tsx [app-rsc] (ecmascript, Next.js Server Component)", MODULE_2 => "[project]/ubuntu/orchids-blindy/src/app/not-found.tsx [app-rsc] (ecmascript, Next.js Server Component)", MODULE_3 => "[project]/ubuntu/orchids-blindy/node_modules/.pnpm/next@15.5.7_@babel+core@7.29.7_supports-color@7.2.0__react-dom@19.0.0_react@19.0.0__react@19.0.0/node_modules/next/dist/client/components/builtin/forbidden.js [app-rsc] (ecmascript, Next.js Server Component)", MODULE_4 => "[project]/ubuntu/orchids-blindy/node_modules/.pnpm/next@15.5.7_@babel+core@7.29.7_supports-color@7.2.0__react-dom@19.0.0_react@19.0.0__react@19.0.0/node_modules/next/dist/client/components/builtin/unauthorized.js [app-rsc] (ecmascript, Next.js Server Component)", MODULE_5 => "[project]/ubuntu/orchids-blindy/src/app/global-error.tsx [app-rsc] (ecmascript, Next.js Server Component)", MODULE_6 => "[project]/ubuntu/orchids-blindy/src/app/page.tsx [app-rsc] (ecmascript, Next.js Server Component)" } [app-rsc] (ecmascript) <locals>] {
[2026-08-19T17:26:33.839Z] [cause]: [Error: ENOENT: no such file or directory, open '/home/ubuntu/orchids-blindy/.next/server/chunks/ssr/312f1_@supabase_auth-js_dist_module_9abdb305._.js'] {
[2026-08-19T17:26:33.839Z] errno: -2,
[2026-08-19T17:26:33.839Z] code: 'ENOENT',
[2026-08-19T17:26:33.839Z] syscall: 'open',
[2026-08-19T17:26:33.839Z] path: '/home/ubuntu/orchids-blindy/.next/server/chunks/ssr/312f1_@supabase_auth-js_dist_module_9abdb305._.js'
[2026-08-19T17:26:33.839Z] }
[2026-08-19T17:26:33.839Z] }
[2026-08-19T17:26:34.250Z] [Error: Failed to load chunk server/chunks/ssr/69fce_es-toolkit_dist_c59425c7._.js from module [project]/ubuntu/orchids-blindy/node_modules/.pnpm/next@15.5.7_@babel+core@7.29.7_supports-color@7.2.0__react-dom@19.0.0_react@19.0.0__react@19.0.0/node_modules/next/dist/esm/build/templates/app-page.js?page=/page { GLOBAL_ERROR_MODULE => "[project]/ubuntu/orchids-blindy/src/app/global-error.tsx [app-rsc] (ecmascript, Next.js Server Component)", METADATA_0 => "[project]/ubuntu/orchids-blindy/src/app/favicon.ico.mjs { IMAGE => \"[project]/ubuntu/orchids-blindy/src/app/favicon.ico (static in ecmascript)\" } [app-rsc] (structured image object, ecmascript, Next.js Server Component)", MODULE_1 => "[project]/ubuntu/orchids-blindy/src/app/layout.tsx [app-rsc] (ecmascript, Next.js Server Component)", MODULE_2 => "[project]/ubuntu/orchids-blindy/src/app/not-found.tsx [app-rsc] (ecmascript, Next.js Server Component)", MODULE_3 => "[project]/ubuntu/orchids-blindy/node_modules/.pnpm/next@15.5.7_@babel+core@7.29.7_supports-color@7.2.0__react-dom@19.0.0_react@19.0.0__react@19.0.0/node_modules/next/dist/client/components/builtin/forbidden.js [app-rsc] (ecmascript, Next.js Server Component)", MODULE_4 => "[project]/ubuntu/orchids-blindy/node_modules/.pnpm/next@15.5.7_@babel+core@7.29.7_supports-color@7.2.0__react-dom@19.0.0_react@19.0.0__react@19.0.0/node_modules/next/dist/client/components/builtin/unauthorized.js [app-rsc] (ecmascript, Next.js Server Component)", MODULE_5 => "[project]/ubuntu/orchids-blindy/src/app/global-error.tsx [app-rsc] (ecmascript, Next.js Server Component)", MODULE_6 => "[project]/ubuntu/orchids-blindy/src/app/page.tsx [app-rsc] (ecmascript, Next.js Server Component)" } [app-rsc] (ecmascript) <locals>] {
[2026-08-19T17:26:34.250Z] [cause]: [Error: ENOENT: no such file or directory, open '/home/ubuntu/orchids-blindy/.next/server/chunks/ssr/69fce_es-toolkit_dist_c59425c7._.js'] {
[2026-08-19T17:26:34.250Z] errno: -2,
[2026-08-19T17:26:34.250Z] code: 'ENOENT',
[2026-08-19T17:26:34.250Z] syscall: 'open',
[2026-08-19T17:26:34.250Z] path: '/home/ubuntu/orchids-blindy/.next/server/chunks/ssr/69fce_es-toolkit_dist_c59425c7._.js'
[2026-08-19T17:26:34.250Z] }
[2026-08-19T17:26:34.250Z] }
[2026-08-19T17:26:34.718Z] ⨯ unhandledRejection: [Error: Failed to load chunk server/chunks/ssr/69fce_es-toolkit_dist_c59425c7._.js from module [project]/ubuntu/orchids-blindy/node_modules/.pnpm/next@15.5.7_@babel+core@7.29.7_supports-color@7.2.0__react-dom@19.0.0_react@19.0.0__react@19.0.0/node_modules/next/dist/esm/build/templates/app-page.js?page=/page { GLOBAL_ERROR_MODULE => "[project]/ubuntu/orchids-blindy/src/app/global-error.tsx [app-rsc] (ecmascript, Next.js Server Component)", METADATA_0 => "[project]/ubuntu/orchids-blindy/src/app/favicon.ico.mjs { IMAGE => \"[project]/ubuntu/orchids-blindy/src/app/favicon.ico (static in ecmascript)\" } [app-rsc] (structured image object, ecmascript, Next.js Server Component)", MODULE_1 => "[project]/ubuntu/orchids-blindy/src/app/layout.tsx [app-rsc] (ecmascript, Next.js Server Component)", MODULE_2 => "[project]/ubuntu/orchids-blindy/src/app/not-found.tsx [app-rsc] (ecmascript, Next.js Server Component)", MODULE_3 => "[project]/ubuntu/orchids-blindy/node_modules/.pnpm/next@15.5.7_@babel+core@7.29.7_supports-color@7.2.0__react-dom@19.0.0_react@19.0.0__react@19.0.0/node_modules/next/dist/client/components/builtin/forbidden.js [app-rsc] (ecmascript, Next.js Server Component)", MODULE_4 => "[project]/ubuntu/orchids-blindy/node_modules/.pnpm/next@15.5.7_@babel+core@7.29.7_supports-color@7.2.0__react-dom@19.0.0_react@19.0.0__react@19.0.0/node_modules/next/dist/client/components/builtin/unauthorized.js [app-rsc] (ecmascript, Next.js Server Component)", MODULE_5 => "[project]/ubuntu/orchids-blindy/src/app/global-error.tsx [app-rsc] (ecmascript, Next.js Server Component)", MODULE_6 => "[project]/ubuntu/orchids-blindy/src/app/page.tsx [app-rsc] (ecmascript, Next.js Server Component)" } [app-rsc] (ecmascript) <locals>] {
[2026-08-19T17:26:34.718Z] [cause]: [Error: ENOENT: no such file or directory, open '/home/ubuntu/orchids-blindy/.next/server/chunks/ssr/69fce_es-toolkit_dist_c59425c7._.js'] {
[2026-08-19T17:26:34.718Z] errno: -2,
[2026-08-19T17:26:34.718Z] code: 'ENOENT',
[2026-08-19T17:26:34.718Z] syscall: 'open',
[2026-08-19T17:26:34.718Z] path: '/home/ubuntu/orchids-blindy/.next/server/chunks/ssr/69fce_es-toolkit_dist_c59425c7._.js'
[2026-08-19T17:26:34.718Z] }
[2026-08-19T17:26:34.718Z] }
[2026-08-19T17:26:35.138Z] ⨯ unhandledRejection:  [Error: Failed to load chunk server/chunks/ssr/69fce_es-toolkit_dist_c59425c7._.js from module [project]/ubuntu/orchids-blindy/node_modules/.pnpm/next@15.5.7_@babel+core@7.29.7_supports-color@7.2.0__react-dom@19.0.0_react@19.0.0__react@19.0.0/node_modules/next/dist/esm/build/templates/app-page.js?page=/page { GLOBAL_ERROR_MODULE => "[project]/ubuntu/orchids-blindy/src/app/global-error.tsx [app-rsc] (ecmascript, Next.js Server Component)", METADATA_0 => "[project]/ubuntu/orchids-blindy/src/app/favicon.ico.mjs { IMAGE => \"[project]/ubuntu/orchids-blindy/src/app/favicon.ico (static in ecmascript)\" } [app-rsc] (structured image object, ecmascript, Next.js Server Component)", MODULE_1 => "[project]/ubuntu/orchids-blindy/src/app/layout.tsx [app-rsc] (ecmascript, Next.js Server Component)", MODULE_2 => "[project]/ubuntu/orchids-blindy/src/app/not-found.tsx [app-rsc] (ecmascript, Next.js Server Component)", MODULE_3 => "[project]/ubuntu/orchids-blindy/node_modules/.pnpm/next@15.5.7_@babel+core@7.29.7_supports-color@7.2.0__react-dom@19.0.0_react@19.0.0__react@19.0.0/node_modules/next/dist/client/components/builtin/forbidden.js [app-rsc] (ecmascript, Next.js Server Component)", MODULE_4 => "[project]/ubuntu/orchids-blindy/node_modules/.pnpm/next@15.5.7_@babel+core@7.29.7_supports-color@7.2.0__react-dom@19.0.0_react@19.0.0__react@19.0.0/node_modules/next/dist/client/components/builtin/unauthorized.js [app-rsc] (ecmascript, Next.js Server Component)", MODULE_5 => "[project]/ubuntu/orchids-blindy/src/app/global-error.tsx [app-rsc] (ecmascript, Next.js Server Component)", MODULE_6 => "[project]/ubuntu/orchids-blindy/src/app/page.tsx [app-rsc] (ecmascript, Next.js Server Component)" } [app-rsc] (ecmascript) <locals>] {
[2026-08-19T17:26:35.138Z] [cause]: [Error: ENOENT: no such file or directory, open '/home/ubuntu/orchids-blindy/.next/server/chunks/ssr/69fce_es-toolkit_dist_c59425c7._.js'] {
[2026-08-19T17:26:35.138Z] errno: -2,
[2026-08-19T17:26:35.138Z] code: 'ENOENT',
[2026-08-19T17:26:35.139Z] syscall: 'open',
[2026-08-19T17:26:35.139Z] path: '/home/ubuntu/orchids-blindy/.next/server/chunks/ssr/69fce_es-toolkit_dist_c59425c7._.js'
[2026-08-19T17:26:35.139Z] }
[2026-08-19T17:26:35.139Z] }
[2026-08-19T17:26:35.559Z] [Error: Failed to load chunk server/chunks/ssr/0a4ed_recharts_es6_util_b020bbe0._.js from module [project]/ubuntu/orchids-blindy/node_modules/.pnpm/next@15.5.7_@babel+core@7.29.7_supports-color@7.2.0__react-dom@19.0.0_react@19.0.0__react@19.0.0/node_modules/next/dist/esm/build/templates/app-page.js?page=/page { GLOBAL_ERROR_MODULE => "[project]/ubuntu/orchids-blindy/src/app/global-error.tsx [app-rsc] (ecmascript, Next.js Server Component)", METADATA_0 => "[project]/ubuntu/orchids-blindy/src/app/favicon.ico.mjs { IMAGE => \"[project]/ubuntu/orchids-blindy/src/app/favicon.ico (static in ecmascript)\" } [app-rsc] (structured image object, ecmascript, Next.js Server Component)", MODULE_1 => "[project]/ubuntu/orchids-blindy/src/app/layout.tsx [app-rsc] (ecmascript, Next.js Server Component)", MODULE_2 => "[project]/ubuntu/orchids-blindy/src/app/not-found.tsx [app-rsc] (ecmascript, Next.js Server Component)", MODULE_3 => "[project]/ubuntu/orchids-blindy/node_modules/.pnpm/next@15.5.7_@babel+core@7.29.7_supports-color@7.2.0__react-dom@19.0.0_react@19.0.0__react@19.0.0/node_modules/next/dist/client/components/builtin/forbidden.js [app-rsc] (ecmascript, Next.js Server Component)", MODULE_4 => "[project]/ubuntu/orchids-blindy/node_modules/.pnpm/next@15.5.7_@babel+core@7.29.7_supports-color@7.2.0__react-dom@19.0.0_react@19.0.0__react@19.0.0/node_modules/next/dist/client/components/builtin/unauthorized.js [app-rsc] (ecmascript, Next.js Server Component)", MODULE_5 => "[project]/ubuntu/orchids-blindy/src/app/global-error.tsx [app-rsc] (ecmascript, Next.js Server Component)", MODULE_6 => "[project]/ubuntu/orchids-blindy/src/app/page.tsx [app-rsc] (ecmascript, Next.js Server Component)" } [app-rsc] (ecmascript) <locals>] {
[2026-08-19T17:26:35.559Z] [cause]: [Error: ENOENT: no such file or directory, open '/home/ubuntu/orchids-blindy/.next/server/chunks/ssr/0a4ed_recharts_es6_util_b020bbe0._.js'] {
[2026-08-19T17:26:35.559Z] errno: -2,
[2026-08-19T17:26:35.559Z] code: 'ENOENT',
[2026-08-19T17:26:35.559Z] syscall: 'open',
[2026-08-19T17:26:35.559Z] path: '/home/ubuntu/orchids-blindy/.next/server/chunks/ssr/0a4ed_recharts_es6_util_b020bbe0._.js'
[2026-08-19T17:26:35.559Z] }
[2026-08-19T17:26:35.559Z] }
[2026-08-19T17:26:35.977Z] ⨯ unhandledRejection: [Error: Failed to load chunk server/chunks/ssr/0a4ed_recharts_es6_util_b020bbe0._.js from module [project]/ubuntu/orchids-blindy/node_modules/.pnpm/next@15.5.7_@babel+core@7.29.7_supports-color@7.2.0__react-dom@19.0.0_react@19.0.0__react@19.0.0/node_modules/next/dist/esm/build/templates/app-page.js?page=/page { GLOBAL_ERROR_MODULE => "[project]/ubuntu/orchids-blindy/src/app/global-error.tsx [app-rsc] (ecmascript, Next.js Server Component)", METADATA_0 => "[project]/ubuntu/orchids-blindy/src/app/favicon.ico.mjs { IMAGE => \"[project]/ubuntu/orchids-blindy/src/app/favicon.ico (static in ecmascript)\" } [app-rsc] (structured image object, ecmascript, Next.js Server Component)", MODULE_1 => "[project]/ubuntu/orchids-blindy/src/app/layout.tsx [app-rsc] (ecmascript, Next.js Server Component)", MODULE_2 => "[project]/ubuntu/orchids-blindy/src/app/not-found.tsx [app-rsc] (ecmascript, Next.js Server Component)", MODULE_3 => "[project]/ubuntu/orchids-blindy/node_modules/.pnpm/next@15.5.7_@babel+core@7.29.7_supports-color@7.2.0__react-dom@19.0.0_react@19.0.0__react@19.0.0/node_modules/next/dist/client/components/builtin/forbidden.js [app-rsc] (ecmascript, Next.js Server Component)", MODULE_4 => "[project]/ubuntu/orchids-blindy/node_modules/.pnpm/next@15.5.7_@babel+core@7.29.7_supports-color@7.2.0__react-dom@19.0.0_react@19.0.0__react@19.0.0/node_modules/next/dist/client/components/builtin/unauthorized.js [app-rsc] (ecmascript, Next.js Server Component)", MODULE_5 => "[project]/ubuntu/orchids-blindy/src/app/global-error.tsx [app-rsc] (ecmascript, Next.js Server Component)", MODULE_6 => "[project]/ubuntu/orchids-blindy/src/app/page.tsx [app-rsc] (ecmascript, Next.js Server Component)" } [app-rsc] (ecmascript) <locals>] {
[2026-08-19T17:26:35.977Z] [cause]: [Error: ENOENT: no such file or directory, open '/home/ubuntu/orchids-blindy/.next/server/chunks/ssr/0a4ed_recharts_es6_util_b020bbe0._.js'] {
[2026-08-19T17:26:35.977Z] errno: -2,
[2026-08-19T17:26:35.977Z] code: 'ENOENT',
[2026-08-19T17:26:35.978Z] syscall: 'open',
[2026-08-19T17:26:35.978Z] path: '/home/ubuntu/orchids-blindy/.next/server/chunks/ssr/0a4ed_recharts_es6_util_b020bbe0._.js'
[2026-08-19T17:26:35.978Z] }
[2026-08-19T17:26:35.978Z] }
[2026-08-19T17:26:36.388Z] ⨯ unhandledRejection:  [Error: Failed to load chunk server/chunks/ssr/0a4ed_recharts_es6_util_b020bbe0._.js from module [project]/ubuntu/orchids-blindy/node_modules/.pnpm/next@15.5.7_@babel+core@7.29.7_supports-color@7.2.0__react-dom@19.0.0_react@19.0.0__react@19.0.0/node_modules/next/dist/esm/build/templates/app-page.js?page=/page { GLOBAL_ERROR_MODULE => "[project]/ubuntu/orchids-blindy/src/app/global-error.tsx [app-rsc] (ecmascript, Next.js Server Component)", METADATA_0 => "[project]/ubuntu/orchids-blindy/src/app/favicon.ico.mjs { IMAGE => \"[project]/ubuntu/orchids-blindy/src/app/favicon.ico (static in ecmascript)\" } [app-rsc] (structured image object, ecmascript, Next.js Server Component)", MODULE_1 => "[project]/ubuntu/orchids-blindy/src/app/layout.tsx [app-rsc] (ecmascript, Next.js Server Component)", MODULE_2 => "[project]/ubuntu/orchids-blindy/src/app/not-found.tsx [app-rsc] (ecmascript, Next.js Server Component)", MODULE_3 => "[project]/ubuntu/orchids-blindy/node_modules/.pnpm/next@15.5.7_@babel+core@7.29.7_supports-color@7.2.0__react-dom@19.0.0_react@19.0.0__react@19.0.0/node_modules/next/dist/client/components/builtin/forbidden.js [app-rsc] (ecmascript, Next.js Server Component)", MODULE_4 => "[project]/ubuntu/orchids-blindy/node_modules/.pnpm/next@15.5.7_@babel+core@7.29.7_supports-color@7.2.0__react-dom@19.0.0_react@19.0.0__react@19.0.0/node_modules/next/dist/client/components/builtin/unauthorized.js [app-rsc] (ecmascript, Next.js Server Component)", MODULE_5 => "[project]/ubuntu/orchids-blindy/src/app/global-error.tsx [app-rsc] (ecmascript, Next.js Server Component)", MODULE_6 => "[project]/ubuntu/orchids-blindy/src/app/page.tsx [app-rsc] (ecmascript, Next.js Server Component)" } [app-rsc] (ecmascript) <locals>] {
[2026-08-19T17:26:36.388Z] [cause]: [Error: ENOENT: no such file or directory, open '/home/ubuntu/orchids-blindy/.next/server/chunks/ssr/0a4ed_recharts_es6_util_b020bbe0._.js'] {
[2026-08-19T17:26:36.388Z] errno: -2,
[2026-08-19T17:26:36.388Z] code: 'ENOENT',
[2026-08-19T17:26:36.388Z] syscall: 'open',
[2026-08-19T17:26:36.388Z] path: '/home/ubuntu/orchids-blindy/.next/server/chunks/ssr/0a4ed_recharts_es6_util_b020bbe0._.js'
[2026-08-19T17:26:36.388Z] }
[2026-08-19T17:26:36.388Z] }
[2026-08-19T17:26:36.792Z] [Error: Failed to load chunk server/chunks/ssr/0a4ed_recharts_es6_state_8bad4ba5._.js from module [project]/ubuntu/orchids-blindy/node_modules/.pnpm/next@15.5.7_@babel+core@7.29.7_supports-color@7.2.0__react-dom@19.0.0_react@19.0.0__react@19.0.0/node_modules/next/dist/esm/build/templates/app-page.js?page=/page { GLOBAL_ERROR_MODULE => "[project]/ubuntu/orchids-blindy/src/app/global-error.tsx [app-rsc] (ecmascript, Next.js Server Component)", METADATA_0 => "[project]/ubuntu/orchids-blindy/src/app/favicon.ico.mjs { IMAGE => \"[project]/ubuntu/orchids-blindy/src/app/favicon.ico (static in ecmascript)\" } [app-rsc] (structured image object, ecmascript, Next.js Server Component)", MODULE_1 => "[project]/ubuntu/orchids-blindy/src/app/layout.tsx [app-rsc] (ecmascript, Next.js Server Component)", MODULE_2 => "[project]/ubuntu/orchids-blindy/src/app/not-found.tsx [app-rsc] (ecmascript, Next.js Server Component)", MODULE_3 => "[project]/ubuntu/orchids-blindy/node_modules/.pnpm/next@15.5.7_@babel+core@7.29.7_supports-color@7.2.0__react-dom@19.0.0_react@19.0.0__react@19.0.0/node_modules/next/dist/client/components/builtin/forbidden.js [app-rsc] (ecmascript, Next.js Server Component)", MODULE_4 => "[project]/ubuntu/orchids-blindy/node_modules/.pnpm/next@15.5.7_@babel+core@7.29.7_supports-color@7.2.0__react-dom@19.0.0_react@19.0.0__react@19.0.0/node_modules/next/dist/client/components/builtin/unauthorized.js [app-rsc] (ecmascript, Next.js Server Component)", MODULE_5 => "[project]/ubuntu/orchids-blindy/src/app/global-error.tsx [app-rsc] (ecmascript, Next.js Server Component)", MODULE_6 => "[project]/ubuntu/orchids-blindy/src/app/page.tsx [app-rsc] (ecmascript, Next.js Server Component)" } [app-rsc] (ecmascript) <locals>] {
[2026-08-19T17:26:36.792Z] [cause]: [Error: ENOENT: no such file or directory, open '/home/ubuntu/orchids-blindy/.next/server/chunks/ssr/0a4ed_recharts_es6_state_8bad4ba5._.js'] {
[2026-08-19T17:26:36.792Z] errno: -2,
[2026-08-19T17:26:36.792Z] code: 'ENOENT',
[2026-08-19T17:26:36.792Z] syscall: 'open',
[2026-08-19T17:26:36.792Z] path: '/home/ubuntu/orchids-blindy/.next/server/chunks/ssr/0a4ed_recharts_es6_state_8bad4ba5._.js'
[2026-08-19T17:26:36.792Z] }
[2026-08-19T17:26:36.792Z] }
[2026-08-19T17:26:37.177Z] ⨯ unhandledRejection: [Error: Failed to load chunk server/chunks/ssr/0a4ed_recharts_es6_state_8bad4ba5._.js from module [project]/ubuntu/orchids-blindy/node_modules/.pnpm/next@15.5.7_@babel+core@7.29.7_supports-color@7.2.0__react-dom@19.0.0_react@19.0.0__react@19.0.0/node_modules/next/dist/esm/build/templates/app-page.js?page=/page { GLOBAL_ERROR_MODULE => "[project]/ubuntu/orchids-blindy/src/app/global-error.tsx [app-rsc] (ecmascript, Next.js Server Component)", METADATA_0 => "[project]/ubuntu/orchids-blindy/src/app/favicon.ico.mjs { IMAGE => \"[project]/ubuntu/orchids-blindy/src/app/favicon.ico (static in ecmascript)\" } [app-rsc] (structured image object, ecmascript, Next.js Server Component)", MODULE_1 => "[project]/ubuntu/orchids-blindy/src/app/layout.tsx [app-rsc] (ecmascript, Next.js Server Component)", MODULE_2 => "[project]/ubuntu/orchids-blindy/src/app/not-found.tsx [app-rsc] (ecmascript, Next.js Server Component)", MODULE_3 => "[project]/ubuntu/orchids-blindy/node_modules/.pnpm/next@15.5.7_@babel+core@7.29.7_supports-color@7.2.0__react-dom@19.0.0_react@19.0.0__react@19.0.0/node_modules/next/dist/client/components/builtin/forbidden.js [app-rsc] (ecmascript, Next.js Server Component)", MODULE_4 => "[project]/ubuntu/orchids-blindy/node_modules/.pnpm/next@15.5.7_@babel+core@7.29.7_supports-color@7.2.0__react-dom@19.0.0_react@19.0.0__react@19.0.0/node_modules/next/dist/client/components/builtin/unauthorized.js [app-rsc] (ecmascript, Next.js Server Component)", MODULE_5 => "[project]/ubuntu/orchids-blindy/src/app/global-error.tsx [app-rsc] (ecmascript, Next.js Server Component)", MODULE_6 => "[project]/ubuntu/orchids-blindy/src/app/page.tsx [app-rsc] (ecmascript, Next.js Server Component)" } [app-rsc] (ecmascript) <locals>] {
[2026-08-19T17:26:37.177Z] [cause]: [Error: ENOENT: no such file or directory, open '/home/ubuntu/orchids-blindy/.next/server/chunks/ssr/0a4ed_recharts_es6_state_8bad4ba5._.js'] {
[2026-08-19T17:26:37.177Z] errno: -2,
[2026-08-19T17:26:37.177Z] code: 'ENOENT',
[2026-08-19T17:26:37.177Z] syscall: 'open',
[2026-08-19T17:26:37.178Z] path: '/home/ubuntu/orchids-blindy/.next/server/chunks/ssr/0a4ed_recharts_es6_state_8bad4ba5._.js'
[2026-08-19T17:26:37.178Z] }
[2026-08-19T17:26:37.178Z] }
[2026-08-19T17:26:37.601Z] ⨯ unhandledRejection:  [Error: Failed to load chunk server/chunks/ssr/0a4ed_recharts_es6_state_8bad4ba5._.js from module [project]/ubuntu/orchids-blindy/node_modules/.pnpm/next@15.5.7_@babel+core@7.29.7_supports-color@7.2.0__react-dom@19.0.0_react@19.0.0__react@19.0.0/node_modules/next/dist/esm/build/templates/app-page.js?page=/page { GLOBAL_ERROR_MODULE => "[project]/ubuntu/orchids-blindy/src/app/global-error.tsx [app-rsc] (ecmascript, Next.js Server Component)", METADATA_0 => "[project]/ubuntu/orchids-blindy/src/app/favicon.ico.mjs { IMAGE => \"[project]/ubuntu/orchids-blindy/src/app/favicon.ico (static in ecmascript)\" } [app-rsc] (structured image object, ecmascript, Next.js Server Component)", MODULE_1 => "[project]/ubuntu/orchids-blindy/src/app/layout.tsx [app-rsc] (ecmascript, Next.js Server Component)", MODULE_2 => "[project]/ubuntu/orchids-blindy/src/app/not-found.tsx [app-rsc] (ecmascript, Next.js Server Component)", MODULE_3 => "[project]/ubuntu/orchids-blindy/node_modules/.pnpm/next@15.5.7_@babel+core@7.29.7_supports-color@7.2.0__react-dom@19.0.0_react@19.0.0__react@19.0.0/node_modules/next/dist/client/components/builtin/forbidden.js [app-rsc] (ecmascript, Next.js Server Component)", MODULE_4 => "[project]/ubuntu/orchids-blindy/node_modules/.pnpm/next@15.5.7_@babel+core@7.29.7_supports-color@7.2.0__react-dom@19.0.0_react@19.0.0__react@19.0.0/node_modules/next/dist/client/components/builtin/unauthorized.js [app-rsc] (ecmascript, Next.js Server Component)", MODULE_5 => "[project]/ubuntu/orchids-blindy/src/app/global-error.tsx [app-rsc] (ecmascript, Next.js Server Component)", MODULE_6 => "[project]/ubuntu/orchids-blindy/src/app/page.tsx [app-rsc] (ecmascript, Next.js Server Component)" } [app-rsc] (ecmascript) <locals>] {
[2026-08-19T17:26:37.601Z] [cause]: [Error: ENOENT: no such file or directory, open '/home/ubuntu/orchids-blindy/.next/server/chunks/ssr/0a4ed_recharts_es6_state_8bad4ba5._.js'] {
[2026-08-19T17:26:37.601Z] errno: -2,
[2026-08-19T17:26:37.601Z] code: 'ENOENT',
[2026-08-19T17:26:37.601Z] syscall: 'open',
[2026-08-19T17:26:37.601Z] path: '/home/ubuntu/orchids-blindy/.next/server/chunks/ssr/0a4ed_recharts_es6_state_8bad4ba5._.js'
[2026-08-19T17:26:37.601Z] }
[2026-08-19T17:26:37.601Z] }
[2026-08-19T17:26:38.054Z] [Error: Failed to load chunk server/chunks/ssr/0a4ed_recharts_es6_cartesian_841df733._.js from module [project]/ubuntu/orchids-blindy/node_modules/.pnpm/next@15.5.7_@babel+core@7.29.7_supports-color@7.2.0__react-dom@19.0.0_react@19.0.0__react@19.0.0/node_modules/next/dist/esm/build/templates/app-page.js?page=/page { GLOBAL_ERROR_MODULE => "[project]/ubuntu/orchids-blindy/src/app/global-error.tsx [app-rsc] (ecmascript, Next.js Server Component)", METADATA_0 => "[project]/ubuntu/orchids-blindy/src/app/favicon.ico.mjs { IMAGE => \"[project]/ubuntu/orchids-blindy/src/app/favicon.ico (static in ecmascript)\" } [app-rsc] (structured image object, ecmascript, Next.js Server Component)", MODULE_1 => "[project]/ubuntu/orchids-blindy/src/app/layout.tsx [app-rsc] (ecmascript, Next.js Server Component)", MODULE_2 => "[project]/ubuntu/orchids-blindy/src/app/not-found.tsx [app-rsc] (ecmascript, Next.js Server Component)", MODULE_3 => "[project]/ubuntu/orchids-blindy/node_modules/.pnpm/next@15.5.7_@babel+core@7.29.7_supports-color@7.2.0__react-dom@19.0.0_react@19.0.0__react@19.0.0/node_modules/next/dist/client/components/builtin/forbidden.js [app-rsc] (ecmascript, Next.js Server Component)", MODULE_4 => "[project]/ubuntu/orchids-blindy/node_modules/.pnpm/next@15.5.7_@babel+core@7.29.7_supports-color@7.2.0__react-dom@19.0.0_react@19.0.0__react@19.0.0/node_modules/next/dist/client/components/builtin/unauthorized.js [app-rsc] (ecmascript, Next.js Server Component)", MODULE_5 => "[project]/ubuntu/orchids-blindy/src/app/global-error.tsx [app-rsc] (ecmascript, Next.js Server Component)", MODULE_6 => "[project]/ubuntu/orchids-blindy/src/app/page.tsx [app-rsc] (ecmascript, Next.js Server Component)" } [app-rsc] (ecmascript) <locals>] {
[2026-08-19T17:26:38.054Z] [cause]: [Error: ENOENT: no such file or directory, open '/home/ubuntu/orchids-blindy/.next/server/chunks/ssr/0a4ed_recharts_es6_cartesian_841df733._.js'] {
[2026-08-19T17:26:38.054Z] errno: -2,
[2026-08-19T17:26:38.054Z] code: 'ENOENT',
[2026-08-19T17:26:38.054Z] syscall: 'open',
[2026-08-19T17:26:38.054Z] path: '/home/ubuntu/orchids-blindy/.next/server/chunks/ssr/0a4ed_recharts_es6_cartesian_841df733._.js'
[2026-08-19T17:26:38.054Z] }
[2026-08-19T17:26:38.054Z] }
[2026-08-19T17:26:38.478Z] ⨯ unhandledRejection: [Error: Failed to load chunk server/chunks/ssr/0a4ed_recharts_es6_cartesian_841df733._.js from module [project]/ubuntu/orchids-blindy/node_modules/.pnpm/next@15.5.7_@babel+core@7.29.7_supports-color@7.2.0__react-dom@19.0.0_react@19.0.0__react@19.0.0/node_modules/next/dist/esm/build/templates/app-page.js?page=/page { GLOBAL_ERROR_MODULE => "[project]/ubuntu/orchids-blindy/src/app/global-error.tsx [app-rsc] (ecmascript, Next.js Server Component)", METADATA_0 => "[project]/ubuntu/orchids-blindy/src/app/favicon.ico.mjs { IMAGE => \"[project]/ubuntu/orchids-blindy/src/app/favicon.ico (static in ecmascript)\" } [app-rsc] (structured image object, ecmascript, Next.js Server Component)", MODULE_1 => "[project]/ubuntu/orchids-blindy/src/app/layout.tsx [app-rsc] (ecmascript, Next.js Server Component)", MODULE_2 => "[project]/ubuntu/orchids-blindy/src/app/not-found.tsx [app-rsc] (ecmascript, Next.js Server Component)", MODULE_3 => "[project]/ubuntu/orchids-blindy/node_modules/.pnpm/next@15.5.7_@babel+core@7.29.7_supports-color@7.2.0__react-dom@19.0.0_react@19.0.0__react@19.0.0/node_modules/next/dist/client/components/builtin/forbidden.js [app-rsc] (ecmascript, Next.js Server Component)", MODULE_4 => "[project]/ubuntu/orchids-blindy/node_modules/.pnpm/next@15.5.7_@babel+core@7.29.7_supports-color@7.2.0__react-dom@19.0.0_react@19.0.0__react@19.0.0/node_modules/next/dist/client/components/builtin/unauthorized.js [app-rsc] (ecmascript, Next.js Server Component)", MODULE_5 => "[project]/ubuntu/orchids-blindy/src/app/global-error.tsx [app-rsc] (ecmascript, Next.js Server Component)", MODULE_6 => "[project]/ubuntu/orchids-blindy/src/app/page.tsx [app-rsc] (ecmascript, Next.js Server Component)" } [app-rsc] (ecmascript) <locals>] {
[2026-08-19T17:26:38.479Z] [cause]: [Error: ENOENT: no such file or directory, open '/home/ubuntu/orchids-blindy/.next/server/chunks/ssr/0a4ed_recharts_es6_cartesian_841df733._.js'] {
[2026-08-19T17:26:38.479Z] errno: -2,
[2026-08-19T17:26:38.479Z] code: 'ENOENT',
[2026-08-19T17:26:38.479Z] syscall: 'open',
[2026-08-19T17:26:38.479Z] path: '/home/ubuntu/orchids-blindy/.next/server/chunks/ssr/0a4ed_recharts_es6_cartesian_841df733._.js'
[2026-08-19T17:26:38.479Z] }
[2026-08-19T17:26:38.479Z] }
[2026-08-19T17:26:38.892Z] ⨯ unhandledRejection:  [Error: Failed to load chunk server/chunks/ssr/0a4ed_recharts_es6_cartesian_841df733._.js from module [project]/ubuntu/orchids-blindy/node_modules/.pnpm/next@15.5.7_@babel+core@7.29.7_supports-color@7.2.0__react-dom@19.0.0_react@19.0.0__react@19.0.0/node_modules/next/dist/esm/build/templates/app-page.js?page=/page { GLOBAL_ERROR_MODULE => "[project]/ubuntu/orchids-blindy/src/app/global-error.tsx [app-rsc] (ecmascript, Next.js Server Component)", METADATA_0 => "[project]/ubuntu/orchids-blindy/src/app/favicon.ico.mjs { IMAGE => \"[project]/ubuntu/orchids-blindy/src/app/favicon.ico (static in ecmascript)\" } [app-rsc] (structured image object, ecmascript, Next.js Server Component)", MODULE_1 => "[project]/ubuntu/orchids-blindy/src/app/layout.tsx [app-rsc] (ecmascript, Next.js Server Component)", MODULE_2 => "[project]/ubuntu/orchids-blindy/src/app/not-found.tsx [app-rsc] (ecmascript, Next.js Server Component)", MODULE_3 => "[project]/ubuntu/orchids-blindy/node_modules/.pnpm/next@15.5.7_@babel+core@7.29.7_supports-color@7.2.0__react-dom@19.0.0_react@19.0.0__react@19.0.0/node_modules/next/dist/client/components/builtin/forbidden.js [app-rsc] (ecmascript, Next.js Server Component)", MODULE_4 => "[project]/ubuntu/orchids-blindy/node_modules/.pnpm/next@15.5.7_@babel+core@7.29.7_supports-color@7.2.0__react-dom@19.0.0_react@19.0.0__react@19.0.0/node_modules/next/dist/client/components/builtin/unauthorized.js [app-rsc] (ecmascript, Next.js Server Component)", MODULE_5 => "[project]/ubuntu/orchids-blindy/src/app/global-error.tsx [app-rsc] (ecmascript, Next.js Server Component)", MODULE_6 => "[project]/ubuntu/orchids-blindy/src/app/page.tsx [app-rsc] (ecmascript, Next.js Server Component)" } [app-rsc] (ecmascript) <locals>] {
[2026-08-19T17:26:38.892Z] [cause]: [Error: ENOENT: no such file or directory, open '/home/ubuntu/orchids-blindy/.next/server/chunks/ssr/0a4ed_recharts_es6_cartesian_841df733._.js'] {
[2026-08-19T17:26:38.892Z] errno: -2,
[2026-08-19T17:26:38.892Z] code: 'ENOENT',
[2026-08-19T17:26:38.892Z] syscall: 'open',
[2026-08-19T17:26:38.892Z] path: '/home/ubuntu/orchids-blindy/.next/server/chunks/ssr/0a4ed_recharts_es6_cartesian_841df733._.js'
[2026-08-19T17:26:38.893Z] }
[2026-08-19T17:26:38.893Z] }
[2026-08-19T17:26:39.297Z] [Error: Failed to load chunk server/chunks/ssr/0a4ed_recharts_es6_component_7ed64b24._.js from module [project]/ubuntu/orchids-blindy/node_modules/.pnpm/next@15.5.7_@babel+core@7.29.7_supports-color@7.2.0__react-dom@19.0.0_react@19.0.0__react@19.0.0/node_modules/next/dist/esm/build/templates/app-page.js?page=/page { GLOBAL_ERROR_MODULE => "[project]/ubuntu/orchids-blindy/src/app/global-error.tsx [app-rsc] (ecmascript, Next.js Server Component)", METADATA_0 => "[project]/ubuntu/orchids-blindy/src/app/favicon.ico.mjs { IMAGE => \"[project]/ubuntu/orchids-blindy/src/app/favicon.ico (static in ecmascript)\" } [app-rsc] (structured image object, ecmascript, Next.js Server Component)", MODULE_1 => "[project]/ubuntu/orchids-blindy/src/app/layout.tsx [app-rsc] (ecmascript, Next.js Server Component)", MODULE_2 => "[project]/ubuntu/orchids-blindy/src/app/not-found.tsx [app-rsc] (ecmascript, Next.js Server Component)", MODULE_3 => "[project]/ubuntu/orchids-blindy/node_modules/.pnpm/next@15.5.7_@babel+core@7.29.7_supports-color@7.2.0__react-dom@19.0.0_react@19.0.0__react@19.0.0/node_modules/next/dist/client/components/builtin/forbidden.js [app-rsc] (ecmascript, Next.js Server Component)", MODULE_4 => "[project]/ubuntu/orchids-blindy/node_modules/.pnpm/next@15.5.7_@babel+core@7.29.7_supports-color@7.2.0__react-dom@19.0.0_react@19.0.0__react@19.0.0/node_modules/next/dist/client/components/builtin/unauthorized.js [app-rsc] (ecmascript, Next.js Server Component)", MODULE_5 => "[project]/ubuntu/orchids-blindy/src/app/global-error.tsx [app-rsc] (ecmascript, Next.js Server Component)", MODULE_6 => "[project]/ubuntu/orchids-blindy/src/app/page.tsx [app-rsc] (ecmascript, Next.js Server Component)" } [app-rsc] (ecmascript) <locals>] {
[2026-08-19T17:26:39.297Z] [cause]: [Error: ENOENT: no such file or directory, open '/home/ubuntu/orchids-blindy/.next/server/chunks/ssr/0a4ed_recharts_es6_component_7ed64b24._.js'] {
[2026-08-19T17:26:39.297Z] errno: -2,
[2026-08-19T17:26:39.297Z] code: 'ENOENT',
[2026-08-19T17:26:39.297Z] syscall: 'open',
[2026-08-19T17:26:39.297Z] path: '/home/ubuntu/orchids-blindy/.next/server/chunks/ssr/0a4ed_recharts_es6_component_7ed64b24._.js'
[2026-08-19T17:26:39.297Z] }
[2026-08-19T17:26:39.297Z] }
[2026-08-19T17:26:39.694Z] ⨯ unhandledRejection: [Error: Failed to load chunk server/chunks/ssr/0a4ed_recharts_es6_component_7ed64b24._.js from module [project]/ubuntu/orchids-blindy/node_modules/.pnpm/next@15.5.7_@babel+core@7.29.7_supports-color@7.2.0__react-dom@19.0.0_react@19.0.0__react@19.0.0/node_modules/next/dist/esm/build/templates/app-page.js?page=/page { GLOBAL_ERROR_MODULE => "[project]/ubuntu/orchids-blindy/src/app/global-error.tsx [app-rsc] (ecmascript, Next.js Server Component)", METADATA_0 => "[project]/ubuntu/orchids-blindy/src/app/favicon.ico.mjs { IMAGE => \"[project]/ubuntu/orchids-blindy/src/app/favicon.ico (static in ecmascript)\" } [app-rsc] (structured image object, ecmascript, Next.js Server Component)", MODULE_1 => "[project]/ubuntu/orchids-blindy/src/app/layout.tsx [app-rsc] (ecmascript, Next.js Server Component)", MODULE_2 => "[project]/ubuntu/orchids-blindy/src/app/not-found.tsx [app-rsc] (ecmascript, Next.js Server Component)", MODULE_3 => "[project]/ubuntu/orchids-blindy/node_modules/.pnpm/next@15.5.7_@babel+core@7.29.7_supports-color@7.2.0__react-dom@19.0.0_react@19.0.0__react@19.0.0/node_modules/next/dist/client/components/builtin/forbidden.js [app-rsc] (ecmascript, Next.js Server Component)", MODULE_4 => "[project]/ubuntu/orchids-blindy/node_modules/.pnpm/next@15.5.7_@babel+core@7.29.7_supports-color@7.2.0__react-dom@19.0.0_react@19.0.0__react@19.0.0/node_modules/next/dist/client/components/builtin/unauthorized.js [app-rsc] (ecmascript, Next.js Server Component)", MODULE_5 => "[project]/ubuntu/orchids-blindy/src/app/global-error.tsx [app-rsc] (ecmascript, Next.js Server Component)", MODULE_6 => "[project]/ubuntu/orchids-blindy/src/app/page.tsx [app-rsc] (ecmascript, Next.js Server Component)" } [app-rsc] (ecmascript) <locals>] {
[2026-08-19T17:26:39.694Z] [cause]: [Error: ENOENT: no such file or directory, open '/home/ubuntu/orchids-blindy/.next/server/chunks/ssr/0a4ed_recharts_es6_component_7ed64b24._.js'] {
[2026-08-19T17:26:39.694Z] errno: -2,
[2026-08-19T17:26:39.694Z] code: 'ENOENT',
[2026-08-19T17:26:39.694Z] syscall: 'open',
[2026-08-19T17:26:39.694Z] path: '/home/ubuntu/orchids-blindy/.next/server/chunks/ssr/0a4ed_recharts_es6_component_7ed64b24._.js'
[2026-08-19T17:26:39.694Z] }
[2026-08-19T17:26:39.694Z] }
[2026-08-19T17:26:40.158Z] ⨯ unhandledRejection:  [Error: Failed to load chunk server/chunks/ssr/0a4ed_recharts_es6_component_7ed64b24._.js from module [project]/ubuntu/orchids-blindy/node_modules/.pnpm/next@15.5.7_@babel+core@7.29.7_supports-color@7.2.0__react-dom@19.0.0_react@19.0.0__react@19.0.0/node_modules/next/dist/esm/build/templates/app-page.js?page=/page { GLOBAL_ERROR_MODULE => "[project]/ubuntu/orchids-blindy/src/app/global-error.tsx [app-rsc] (ecmascript, Next.js Server Component)", METADATA_0 => "[project]/ubuntu/orchids-blindy/src/app/favicon.ico.mjs { IMAGE => \"[project]/ubuntu/orchids-blindy/src/app/favicon.ico (static in ecmascript)\" } [app-rsc] (structured image object, ecmascript, Next.js Server Component)", MODULE_1 => "[project]/ubuntu/orchids-blindy/src/app/layout.tsx [app-rsc] (ecmascript, Next.js Server Component)", MODULE_2 => "[project]/ubuntu/orchids-blindy/src/app/not-found.tsx [app-rsc] (ecmascript, Next.js Server Component)", MODULE_3 => "[project]/ubuntu/orchids-blindy/node_modules/.pnpm/next@15.5.7_@babel+core@7.29.7_supports-color@7.2.0__react-dom@19.0.0_react@19.0.0__react@19.0.0/node_modules/next/dist/client/components/builtin/forbidden.js [app-rsc] (ecmascript, Next.js Server Component)", MODULE_4 => "[project]/ubuntu/orchids-blindy/node_modules/.pnpm/next@15.5.7_@babel+core@7.29.7_supports-color@7.2.0__react-dom@19.0.0_react@19.0.0__react@19.0.0/node_modules/next/dist/client/components/builtin/unauthorized.js [app-rsc] (ecmascript, Next.js Server Component)", MODULE_5 => "[project]/ubuntu/orchids-blindy/src/app/global-error.tsx [app-rsc] (ecmascript, Next.js Server Component)", MODULE_6 => "[project]/ubuntu/orchids-blindy/src/app/page.tsx [app-rsc] (ecmascript, Next.js Server Component)" } [app-rsc] (ecmascript) <locals>] {
[2026-08-19T17:26:40.158Z] [cause]: [Error: ENOENT: no such file or directory, open '/home/ubuntu/orchids-blindy/.next/server/chunks/ssr/0a4ed_recharts_es6_component_7ed64b24._.js'] {
[2026-08-19T17:26:40.158Z] errno: -2,
[2026-08-19T17:26:40.158Z] code: 'ENOENT',
[2026-08-19T17:26:40.158Z] syscall: 'open',
[2026-08-19T17:26:40.158Z] path: '/home/ubuntu/orchids-blindy/.next/server/chunks/ssr/0a4ed_recharts_es6_component_7ed64b24._.js'
[2026-08-19T17:26:40.159Z] }
[2026-08-19T17:26:40.159Z] }
[2026-08-19T17:26:40.568Z] [Error: Failed to load chunk server/chunks/ssr/0a4ed_recharts_es6_polar_dd3d3c73._.js from module [project]/ubuntu/orchids-blindy/node_modules/.pnpm/next@15.5.7_@babel+core@7.29.7_supports-color@7.2.0__react-dom@19.0.0_react@19.0.0__react@19.0.0/node_modules/next/dist/esm/build/templates/app-page.js?page=/page { GLOBAL_ERROR_MODULE => "[project]/ubuntu/orchids-blindy/src/app/global-error.tsx [app-rsc] (ecmascript, Next.js Server Component)", METADATA_0 => "[project]/ubuntu/orchids-blindy/src/app/favicon.ico.mjs { IMAGE => \"[project]/ubuntu/orchids-blindy/src/app/favicon.ico (static in ecmascript)\" } [app-rsc] (structured image object, ecmascript, Next.js Server Component)", MODULE_1 => "[project]/ubuntu/orchids-blindy/src/app/layout.tsx [app-rsc] (ecmascript, Next.js Server Component)", MODULE_2 => "[project]/ubuntu/orchids-blindy/src/app/not-found.tsx [app-rsc] (ecmascript, Next.js Server Component)", MODULE_3 => "[project]/ubuntu/orchids-blindy/node_modules/.pnpm/next@15.5.7_@babel+core@7.29.7_supports-color@7.2.0__react-dom@19.0.0_react@19.0.0__react@19.0.0/node_modules/next/dist/client/components/builtin/forbidden.js [app-rsc] (ecmascript, Next.js Server Component)", MODULE_4 => "[project]/ubuntu/orchids-blindy/node_modules/.pnpm/next@15.5.7_@babel+core@7.29.7_supports-color@7.2.0__react-dom@19.0.0_react@19.0.0__react@19.0.0/node_modules/next/dist/client/components/builtin/unauthorized.js [app-rsc] (ecmascript, Next.js Server Component)", MODULE_5 => "[project]/ubuntu/orchids-blindy/src/app/global-error.tsx [app-rsc] (ecmascript, Next.js Server Component)", MODULE_6 => "[project]/ubuntu/orchids-blindy/src/app/page.tsx [app-rsc] (ecmascript, Next.js Server Component)" } [app-rsc] (ecmascript) <locals>] {
[2026-08-19T17:26:40.568Z] [cause]: [Error: ENOENT: no such file or directory, open '/home/ubuntu/orchids-blindy/.next/server/chunks/ssr/0a4ed_recharts_es6_polar_dd3d3c73._.js'] {
[2026-08-19T17:26:40.568Z] errno: -2,
[2026-08-19T17:26:40.568Z] code: 'ENOENT',
[2026-08-19T17:26:40.568Z] syscall: 'open',
[2026-08-19T17:26:40.568Z] path: '/home/ubuntu/orchids-blindy/.next/server/chunks/ssr/0a4ed_recharts_es6_polar_dd3d3c73._.js'
[2026-08-19T17:26:40.568Z] }
[2026-08-19T17:26:40.568Z] }
[2026-08-19T17:26:40.971Z] ⨯ unhandledRejection: [Error: Failed to load chunk server/chunks/ssr/0a4ed_recharts_es6_polar_dd3d3c73._.js from module [project]/ubuntu/orchids-blindy/node_modules/.pnpm/next@15.5.7_@babel+core@7.29.7_supports-color@7.2.0__react-dom@19.0.0_react@19.0.0__react@19.0.0/node_modules/next/dist/esm/build/templates/app-page.js?page=/page { GLOBAL_ERROR_MODULE => "[project]/ubuntu/orchids-blindy/src/app/global-error.tsx [app-rsc] (ecmascript, Next.js Server Component)", METADATA_0 => "[project]/ubuntu/orchids-blindy/src/app/favicon.ico.mjs { IMAGE => \"[project]/ubuntu/orchids-blindy/src/app/favicon.ico (static in ecmascript)\" } [app-rsc] (structured image object, ecmascript, Next.js Server Component)", MODULE_1 => "[project]/ubuntu/orchids-blindy/src/app/layout.tsx [app-rsc] (ecmascript, Next.js Server Component)", MODULE_2 => "[project]/ubuntu/orchids-blindy/src/app/not-found.tsx [app-rsc] (ecmascript, Next.js Server Component)", MODULE_3 => "[project]/ubuntu/orchids-blindy/node_modules/.pnpm/next@15.5.7_@babel+core@7.29.7_supports-color@7.2.0__react-dom@19.0.0_react@19.0.0__react@19.0.0/node_modules/next/dist/client/components/builtin/forbidden.js [app-rsc] (ecmascript, Next.js Server Component)", MODULE_4 => "[project]/ubuntu/orchids-blindy/node_modules/.pnpm/next@15.5.7_@babel+core@7.29.7_supports-color@7.2.0__react-dom@19.0.0_react@19.0.0__react@19.0.0/node_modules/next/dist/client/components/builtin/unauthorized.js [app-rsc] (ecmascript, Next.js Server Component)", MODULE_5 => "[project]/ubuntu/orchids-blindy/src/app/global-error.tsx [app-rsc] (ecmascript, Next.js Server Component)", MODULE_6 => "[project]/ubuntu/orchids-blindy/src/app/page.tsx [app-rsc] (ecmascript, Next.js Server Component)" } [app-rsc] (ecmascript) <locals>] {
[2026-08-19T17:26:40.971Z] [cause]: [Error: ENOENT: no such file or directory, open '/home/ubuntu/orchids-blindy/.next/server/chunks/ssr/0a4ed_recharts_es6_polar_dd3d3c73._.js'] {
[2026-08-19T17:26:40.972Z] errno: -2,
[2026-08-19T17:26:40.972Z] code: 'ENOENT',
[2026-08-19T17:26:40.972Z] syscall: 'open',
[2026-08-19T17:26:40.972Z] path: '/home/ubuntu/orchids-blindy/.next/server/chunks/ssr/0a4ed_recharts_es6_polar_dd3d3c73._.js'
[2026-08-19T17:26:40.972Z] }
[2026-08-19T17:26:40.972Z] }
[2026-08-19T17:26:41.353Z] ⨯ unhandledRejection:  [Error: Failed to load chunk server/chunks/ssr/0a4ed_recharts_es6_polar_dd3d3c73._.js from module [project]/ubuntu/orchids-blindy/node_modules/.pnpm/next@15.5.7_@babel+core@7.29.7_supports-color@7.2.0__react-dom@19.0.0_react@19.0.0__react@19.0.0/node_modules/next/dist/esm/build/templates/app-page.js?page=/page { GLOBAL_ERROR_MODULE => "[project]/ubuntu/orchids-blindy/src/app/global-error.tsx [app-rsc] (ecmascript, Next.js Server Component)", METADATA_0 => "[project]/ubuntu/orchids-blindy/src/app/favicon.ico.mjs { IMAGE => \"[project]/ubuntu/orchids-blindy/src/app/favicon.ico (static in ecmascript)\" } [app-rsc] (structured image object, ecmascript, Next.js Server Component)", MODULE_1 => "[project]/ubuntu/orchids-blindy/src/app/layout.tsx [app-rsc] (ecmascript, Next.js Server Component)", MODULE_2 => "[project]/ubuntu/orchids-blindy/src/app/not-found.tsx [app-rsc] (ecmascript, Next.js Server Component)", MODULE_3 => "[project]/ubuntu/orchids-blindy/node_modules/.pnpm/next@15.5.7_@babel+core@7.29.7_supports-color@7.2.0__react-dom@19.0.0_react@19.0.0__react@19.0.0/node_modules/next/dist/client/components/builtin/forbidden.js [app-rsc] (ecmascript, Next.js Server Component)", MODULE_4 => "[project]/ubuntu/orchids-blindy/node_modules/.pnpm/next@15.5.7_@babel+core@7.29.7_supports-color@7.2.0__react-dom@19.0.0_react@19.0.0__react@19.0.0/node_modules/next/dist/client/components/builtin/unauthorized.js [app-rsc] (ecmascript, Next.js Server Component)", MODULE_5 => "[project]/ubuntu/orchids-blindy/src/app/global-error.tsx [app-rsc] (ecmascript, Next.js Server Component)", MODULE_6 => "[project]/ubuntu/orchids-blindy/src/app/page.tsx [app-rsc] (ecmascript, Next.js Server Component)" } [app-rsc] (ecmascript) <locals>] {
[2026-08-19T17:26:41.353Z] [cause]: [Error: ENOENT: no such file or directory, open '/home/ubuntu/orchids-blindy/.next/server/chunks/ssr/0a4ed_recharts_es6_polar_dd3d3c73._.js'] {
[2026-08-19T17:26:41.353Z] errno: -2,
[2026-08-19T17:26:41.353Z] code: 'ENOENT',
[2026-08-19T17:26:41.353Z] syscall: 'open',
[2026-08-19T17:26:41.353Z] path: '/home/ubuntu/orchids-blindy/.next/server/chunks/ssr/0a4ed_recharts_es6_polar_dd3d3c73._.js'
[2026-08-19T17:26:41.353Z] }
[2026-08-19T17:26:41.353Z] }
[2026-08-19T17:26:41.759Z] [Error: Failed to load chunk server/chunks/ssr/0a4ed_recharts_es6_chart_45ae630a._.js from module [project]/ubuntu/orchids-blindy/node_modules/.pnpm/next@15.5.7_@babel+core@7.29.7_supports-color@7.2.0__react-dom@19.0.0_react@19.0.0__react@19.0.0/node_modules/next/dist/esm/build/templates/app-page.js?page=/page { GLOBAL_ERROR_MODULE => "[project]/ubuntu/orchids-blindy/src/app/global-error.tsx [app-rsc] (ecmascript, Next.js Server Component)", METADATA_0 => "[project]/ubuntu/orchids-blindy/src/app/favicon.ico.mjs { IMAGE => \"[project]/ubuntu/orchids-blindy/src/app/favicon.ico (static in ecmascript)\" } [app-rsc] (structured image object, ecmascript, Next.js Server Component)", MODULE_1 => "[project]/ubuntu/orchids-blindy/src/app/layout.tsx [app-rsc] (ecmascript, Next.js Server Component)", MODULE_2 => "[project]/ubuntu/orchids-blindy/src/app/not-found.tsx [app-rsc] (ecmascript, Next.js Server Component)", MODULE_3 => "[project]/ubuntu/orchids-blindy/node_modules/.pnpm/next@15.5.7_@babel+core@7.29.7_supports-color@7.2.0__react-dom@19.0.0_react@19.0.0__react@19.0.0/node_modules/next/dist/client/components/builtin/forbidden.js [app-rsc] (ecmascript, Next.js Server Component)", MODULE_4 => "[project]/ubuntu/orchids-blindy/node_modules/.pnpm/next@15.5.7_@babel+core@7.29.7_supports-color@7.2.0__react-dom@19.0.0_react@19.0.0__react@19.0.0/node_modules/next/dist/client/components/builtin/unauthorized.js [app-rsc] (ecmascript, Next.js Server Component)", MODULE_5 => "[project]/ubuntu/orchids-blindy/src/app/global-error.tsx [app-rsc] (ecmascript, Next.js Server Component)", MODULE_6 => "[project]/ubuntu/orchids-blindy/src/app/page.tsx [app-rsc] (ecmascript, Next.js Server Component)" } [app-rsc] (ecmascript) <locals>] {
[2026-08-19T17:26:41.759Z] [cause]: [Error: ENOENT: no such file or directory, open '/home/ubuntu/orchids-blindy/.next/server/chunks/ssr/0a4ed_recharts_es6_chart_45ae630a._.js'] {
[2026-08-19T17:26:41.759Z] errno: -2,
[2026-08-19T17:26:41.759Z] code: 'ENOENT',
[2026-08-19T17:26:41.759Z] syscall: 'open',
[2026-08-19T17:26:41.759Z] path: '/home/ubuntu/orchids-blindy/.next/server/chunks/ssr/0a4ed_recharts_es6_chart_45ae630a._.js'
[2026-08-19T17:26:41.759Z] }
[2026-08-19T17:26:41.759Z] }
[2026-08-19T17:26:42.187Z] ⨯ unhandledRejection: [Error: Failed to load chunk server/chunks/ssr/0a4ed_recharts_es6_chart_45ae630a._.js from module [project]/ubuntu/orchids-blindy/node_modules/.pnpm/next@15.5.7_@babel+core@7.29.7_supports-color@7.2.0__react-dom@19.0.0_react@19.0.0__react@19.0.0/node_modules/next/dist/esm/build/templates/app-page.js?page=/page { GLOBAL_ERROR_MODULE => "[project]/ubuntu/orchids-blindy/src/app/global-error.tsx [app-rsc] (ecmascript, Next.js Server Component)", METADATA_0 => "[project]/ubuntu/orchids-blindy/src/app/favicon.ico.mjs { IMAGE => \"[project]/ubuntu/orchids-blindy/src/app/favicon.ico (static in ecmascript)\" } [app-rsc] (structured image object, ecmascript, Next.js Server Component)", MODULE_1 => "[project]/ubuntu/orchids-blindy/src/app/layout.tsx [app-rsc] (ecmascript, Next.js Server Component)", MODULE_2 => "[project]/ubuntu/orchids-blindy/src/app/not-found.tsx [app-rsc] (ecmascript, Next.js Server Component)", MODULE_3 => "[project]/ubuntu/orchids-blindy/node_modules/.pnpm/next@15.5.7_@babel+core@7.29.7_supports-color@7.2.0__react-dom@19.0.0_react@19.0.0__react@19.0.0/node_modules/next/dist/client/components/builtin/forbidden.js [app-rsc] (ecmascript, Next.js Server Component)", MODULE_4 => "[project]/ubuntu/orchids-blindy/node_modules/.pnpm/next@15.5.7_@babel+core@7.29.7_supports-color@7.2.0__react-dom@19.0.0_react@19.0.0__react@19.0.0/node_modules/next/dist/client/components/builtin/unauthorized.js [app-rsc] (ecmascript, Next.js Server Component)", MODULE_5 => "[project]/ubuntu/orchids-blindy/src/app/global-error.tsx [app-rsc] (ecmascript, Next.js Server Component)", MODULE_6 => "[project]/ubuntu/orchids-blindy/src/app/page.tsx [app-rsc] (ecmascript, Next.js Server Component)" } [app-rsc] (ecmascript) <locals>] {
[2026-08-19T17:26:42.188Z] [cause]: [Error: ENOENT: no such file or directory, open '/home/ubuntu/orchids-blindy/.next/server/chunks/ssr/0a4ed_recharts_es6_chart_45ae630a._.js'] {
[2026-08-19T17:26:42.188Z] errno: -2,
[2026-08-19T17:26:42.188Z] code: 'ENOENT',
[2026-08-19T17:26:42.188Z] syscall: 'open',
[2026-08-19T17:26:42.188Z] path: '/home/ubuntu/orchids-blindy/.next/server/chunks/ssr/0a4ed_recharts_es6_chart_45ae630a._.js'
[2026-08-19T17:26:42.188Z] }
[2026-08-19T17:26:42.188Z] }
[2026-08-19T17:26:42.603Z] ⨯ unhandledRejection:  [Error: Failed to load chunk server/chunks/ssr/0a4ed_recharts_es6_chart_45ae630a._.js from module [project]/ubuntu/orchids-blindy/node_modules/.pnpm/next@15.5.7_@babel+core@7.29.7_supports-color@7.2.0__react-dom@19.0.0_react@19.0.0__react@19.0.0/node_modules/next/dist/esm/build/templates/app-page.js?page=/page { GLOBAL_ERROR_MODULE => "[project]/ubuntu/orchids-blindy/src/app/global-error.tsx [app-rsc] (ecmascript, Next.js Server Component)", METADATA_0 => "[project]/ubuntu/orchids-blindy/src/app/favicon.ico.mjs { IMAGE => \"[project]/ubuntu/orchids-blindy/src/app/favicon.ico (static in ecmascript)\" } [app-rsc] (structured image object, ecmascript, Next.js Server Component)", MODULE_1 => "[project]/ubuntu/orchids-blindy/src/app/layout.tsx [app-rsc] (ecmascript, Next.js Server Component)", MODULE_2 => "[project]/ubuntu/orchids-blindy/src/app/not-found.tsx [app-rsc] (ecmascript, Next.js Server Component)", MODULE_3 => "[project]/ubuntu/orchids-blindy/node_modules/.pnpm/next@15.5.7_@babel+core@7.29.7_supports-color@7.2.0__react-dom@19.0.0_react@19.0.0__react@19.0.0/node_modules/next/dist/client/components/builtin/forbidden.js [app-rsc] (ecmascript, Next.js Server Component)", MODULE_4 => "[project]/ubuntu/orchids-blindy/node_modules/.pnpm/next@15.5.7_@babel+core@7.29.7_supports-color@7.2.0__react-dom@19.0.0_react@19.0.0__react@19.0.0/node_modules/next/dist/client/components/builtin/unauthorized.js [app-rsc] (ecmascript, Next.js Server Component)", MODULE_5 => "[project]/ubuntu/orchids-blindy/src/app/global-error.tsx [app-rsc] (ecmascript, Next.js Server Component)", MODULE_6 => "[project]/ubuntu/orchids-blindy/src/app/page.tsx [app-rsc] (ecmascript, Next.js Server Component)" } [app-rsc] (ecmascript) <locals>] {
[2026-08-19T17:26:42.604Z] [cause]: [Error: ENOENT: no such file or directory, open '/home/ubuntu/orchids-blindy/.next/server/chunks/ssr/0a4ed_recharts_es6_chart_45ae630a._.js'] {
[2026-08-19T17:26:42.604Z] errno: -2,
[2026-08-19T17:26:42.604Z] code: 'ENOENT',
[2026-08-19T17:26:42.604Z] syscall: 'open',
[2026-08-19T17:26:42.604Z] path: '/home/ubuntu/orchids-blindy/.next/server/chunks/ssr/0a4ed_recharts_es6_chart_45ae630a._.js'
[2026-08-19T17:26:42.604Z] }
[2026-08-19T17:26:42.604Z] }
[2026-08-19T17:26:43.008Z] [Error: Failed to load chunk server/chunks/ssr/0a4ed_recharts_es6_d49caa44._.js from module [project]/ubuntu/orchids-blindy/node_modules/.pnpm/next@15.5.7_@babel+core@7.29.7_supports-color@7.2.0__react-dom@19.0.0_react@19.0.0__react@19.0.0/node_modules/next/dist/esm/build/templates/app-page.js?page=/page { GLOBAL_ERROR_MODULE => "[project]/ubuntu/orchids-blindy/src/app/global-error.tsx [app-rsc] (ecmascript, Next.js Server Component)", METADATA_0 => "[project]/ubuntu/orchids-blindy/src/app/favicon.ico.mjs { IMAGE => \"[project]/ubuntu/orchids-blindy/src/app/favicon.ico (static in ecmascript)\" } [app-rsc] (structured image object, ecmascript, Next.js Server Component)", MODULE_1 => "[project]/ubuntu/orchids-blindy/src/app/layout.tsx [app-rsc] (ecmascript, Next.js Server Component)", MODULE_2 => "[project]/ubuntu/orchids-blindy/src/app/not-found.tsx [app-rsc] (ecmascript, Next.js Server Component)", MODULE_3 => "[project]/ubuntu/orchids-blindy/node_modules/.pnpm/next@15.5.7_@babel+core@7.29.7_supports-color@7.2.0__react-dom@19.0.0_react@19.0.0__react@19.0.0/node_modules/next/dist/client/components/builtin/forbidden.js [app-rsc] (ecmascript, Next.js Server Component)", MODULE_4 => "[project]/ubuntu/orchids-blindy/node_modules/.pnpm/next@15.5.7_@babel+core@7.29.7_supports-color@7.2.0__react-dom@19.0.0_react@19.0.0__react@19.0.0/node_modules/next/dist/client/components/builtin/unauthorized.js [app-rsc] (ecmascript, Next.js Server Component)", MODULE_5 => "[project]/ubuntu/orchids-blindy/src/app/global-error.tsx [app-rsc] (ecmascript, Next.js Server Component)", MODULE_6 => "[project]/ubuntu/orchids-blindy/src/app/page.tsx [app-rsc] (ecmascript, Next.js Server Component)" } [app-rsc] (ecmascript) <locals>] {
[2026-08-19T17:26:43.008Z] [cause]: [Error: ENOENT: no such file or directory, open '/home/ubuntu/orchids-blindy/.next/server/chunks/ssr/0a4ed_recharts_es6_d49caa44._.js'] {
[2026-08-19T17:26:43.008Z] errno: -2,
[2026-08-19T17:26:43.008Z] code: 'ENOENT',
[2026-08-19T17:26:43.008Z] syscall: 'open',
[2026-08-19T17:26:43.008Z] path: '/home/ubuntu/orchids-blindy/.next/server/chunks/ssr/0a4ed_recharts_es6_d49caa44._.js'
[2026-08-19T17:26:43.008Z] }
[2026-08-19T17:26:43.008Z] }
[2026-08-19T17:26:43.448Z] ⨯ unhandledRejection: [Error: Failed to load chunk server/chunks/ssr/0a4ed_recharts_es6_d49caa44._.js from module [project]/ubuntu/orchids-blindy/node_modules/.pnpm/next@15.5.7_@babel+core@7.29.7_supports-color@7.2.0__react-dom@19.0.0_react@19.0.0__react@19.0.0/node_modules/next/dist/esm/build/templates/app-page.js?page=/page { GLOBAL_ERROR_MODULE => "[project]/ubuntu/orchids-blindy/src/app/global-error.tsx [app-rsc] (ecmascript, Next.js Server Component)", METADATA_0 => "[project]/ubuntu/orchids-blindy/src/app/favicon.ico.mjs { IMAGE => \"[project]/ubuntu/orchids-blindy/src/app/favicon.ico (static in ecmascript)\" } [app-rsc] (structured image object, ecmascript, Next.js Server Component)", MODULE_1 => "[project]/ubuntu/orchids-blindy/src/app/layout.tsx [app-rsc] (ecmascript, Next.js Server Component)", MODULE_2 => "[project]/ubuntu/orchids-blindy/src/app/not-found.tsx [app-rsc] (ecmascript, Next.js Server Component)", MODULE_3 => "[project]/ubuntu/orchids-blindy/node_modules/.pnpm/next@15.5.7_@babel+core@7.29.7_supports-color@7.2.0__react-dom@19.0.0_react@19.0.0__react@19.0.0/node_modules/next/dist/client/components/builtin/forbidden.js [app-rsc] (ecmascript, Next.js Server Component)", MODULE_4 => "[project]/ubuntu/orchids-blindy/node_modules/.pnpm/next@15.5.7_@babel+core@7.29.7_supports-color@7.2.0__react-dom@19.0.0_react@19.0.0__react@19.0.0/node_modules/next/dist/client/components/builtin/unauthorized.js [app-rsc] (ecmascript, Next.js Server Component)", MODULE_5 => "[project]/ubuntu/orchids-blindy/src/app/global-error.tsx [app-rsc] (ecmascript, Next.js Server Component)", MODULE_6 => "[project]/ubuntu/orchids-blindy/src/app/page.tsx [app-rsc] (ecmascript, Next.js Server Component)" } [app-rsc] (ecmascript) <locals>] {
[2026-08-19T17:26:43.448Z] [cause]: [Error: ENOENT: no such file or directory, open '/home/ubuntu/orchids-blindy/.next/server/chunks/ssr/0a4ed_recharts_es6_d49caa44._.js'] {
[2026-08-19T17:26:43.448Z] errno: -2,
[2026-08-19T17:26:43.448Z] code: 'ENOENT',
[2026-08-19T17:26:43.448Z] syscall: 'open',
[2026-08-19T17:26:43.448Z] path: '/home/ubuntu/orchids-blindy/.next/server/chunks/ssr/0a4ed_recharts_es6_d49caa44._.js'
[2026-08-19T17:26:43.448Z] }
[2026-08-19T17:26:43.448Z] }
[2026-08-19T17:26:43.845Z] ⨯ unhandledRejection:  [Error: Failed to load chunk server/chunks/ssr/0a4ed_recharts_es6_d49caa44._.js from module [project]/ubuntu/orchids-blindy/node_modules/.pnpm/next@15.5.7_@babel+core@7.29.7_supports-color@7.2.0__react-dom@19.0.0_react@19.0.0__react@19.0.0/node_modules/next/dist/esm/build/templates/app-page.js?page=/page { GLOBAL_ERROR_MODULE => "[project]/ubuntu/orchids-blindy/src/app/global-error.tsx [app-rsc] (ecmascript, Next.js Server Component)", METADATA_0 => "[project]/ubuntu/orchids-blindy/src/app/favicon.ico.mjs { IMAGE => \"[project]/ubuntu/orchids-blindy/src/app/favicon.ico (static in ecmascript)\" } [app-rsc] (structured image object, ecmascript, Next.js Server Component)", MODULE_1 => "[project]/ubuntu/orchids-blindy/src/app/layout.tsx [app-rsc] (ecmascript, Next.js Server Component)", MODULE_2 => "[project]/ubuntu/orchids-blindy/src/app/not-found.tsx [app-rsc] (ecmascript, Next.js Server Component)", MODULE_3 => "[project]/ubuntu/orchids-blindy/node_modules/.pnpm/next@15.5.7_@babel+core@7.29.7_supports-color@7.2.0__react-dom@19.0.0_react@19.0.0__react@19.0.0/node_modules/next/dist/client/components/builtin/forbidden.js [app-rsc] (ecmascript, Next.js Server Component)", MODULE_4 => "[project]/ubuntu/orchids-blindy/node_modules/.pnpm/next@15.5.7_@babel+core@7.29.7_supports-color@7.2.0__react-dom@19.0.0_react@19.0.0__react@19.0.0/node_modules/next/dist/client/components/builtin/unauthorized.js [app-rsc] (ecmascript, Next.js Server Component)", MODULE_5 => "[project]/ubuntu/orchids-blindy/src/app/global-error.tsx [app-rsc] (ecmascript, Next.js Server Component)", MODULE_6 => "[project]/ubuntu/orchids-blindy/src/app/page.tsx [app-rsc] (ecmascript, Next.js Server Component)" } [app-rsc] (ecmascript) <locals>] {
[2026-08-19T17:26:43.845Z] [cause]: [Error: ENOENT: no such file or directory, open '/home/ubuntu/orchids-blindy/.next/server/chunks/ssr/0a4ed_recharts_es6_d49caa44._.js'] {
[2026-08-19T17:26:43.845Z] errno: -2,
[2026-08-19T17:26:43.845Z] code: 'ENOENT',
[2026-08-19T17:26:43.846Z] syscall: 'open',
[2026-08-19T17:26:43.846Z] path: '/home/ubuntu/orchids-blindy/.next/server/chunks/ssr/0a4ed_recharts_es6_d49caa44._.js'
[2026-08-19T17:26:43.846Z] }
[2026-08-19T17:26:43.846Z] }
[2026-08-19T17:26:44.270Z] [Error: Failed to load chunk server/chunks/ssr/d0379_date-fns_9fc8640d._.js from module [project]/ubuntu/orchids-blindy/node_modules/.pnpm/next@15.5.7_@babel+core@7.29.7_supports-color@7.2.0__react-dom@19.0.0_react@19.0.0__react@19.0.0/node_modules/next/dist/esm/build/templates/app-page.js?page=/page { GLOBAL_ERROR_MODULE => "[project]/ubuntu/orchids-blindy/src/app/global-error.tsx [app-rsc] (ecmascript, Next.js Server Component)", METADATA_0 => "[project]/ubuntu/orchids-blindy/src/app/favicon.ico.mjs { IMAGE => \"[project]/ubuntu/orchids-blindy/src/app/favicon.ico (static in ecmascript)\" } [app-rsc] (structured image object, ecmascript, Next.js Server Component)", MODULE_1 => "[project]/ubuntu/orchids-blindy/src/app/layout.tsx [app-rsc] (ecmascript, Next.js Server Component)", MODULE_2 => "[project]/ubuntu/orchids-blindy/src/app/not-found.tsx [app-rsc] (ecmascript, Next.js Server Component)", MODULE_3 => "[project]/ubuntu/orchids-blindy/node_modules/.pnpm/next@15.5.7_@babel+core@7.29.7_supports-color@7.2.0__react-dom@19.0.0_react@19.0.0__react@19.0.0/node_modules/next/dist/client/components/builtin/forbidden.js [app-rsc] (ecmascript, Next.js Server Component)", MODULE_4 => "[project]/ubuntu/orchids-blindy/node_modules/.pnpm/next@15.5.7_@babel+core@7.29.7_supports-color@7.2.0__react-dom@19.0.0_react@19.0.0__react@19.0.0/node_modules/next/dist/client/components/builtin/unauthorized.js [app-rsc] (ecmascript, Next.js Server Component)", MODULE_5 => "[project]/ubuntu/orchids-blindy/src/app/global-error.tsx [app-rsc] (ecmascript, Next.js Server Component)", MODULE_6 => "[project]/ubuntu/orchids-blindy/src/app/page.tsx [app-rsc] (ecmascript, Next.js Server Component)" } [app-rsc] (ecmascript) <locals>] {
[2026-08-19T17:26:44.270Z] [cause]: [Error: ENOENT: no such file or directory, open '/home/ubuntu/orchids-blindy/.next/server/chunks/ssr/d0379_date-fns_9fc8640d._.js'] {
[2026-08-19T17:26:44.270Z] errno: -2,
[2026-08-19T17:26:44.270Z] code: 'ENOENT',
[2026-08-19T17:26:44.270Z] syscall: 'open',
[2026-08-19T17:26:44.270Z] path: '/home/ubuntu/orchids-blindy/.next/server/chunks/ssr/d0379_date-fns_9fc8640d._.js'
[2026-08-19T17:26:44.270Z] }
[2026-08-19T17:26:44.270Z] }
[2026-08-19T17:26:44.695Z] ⨯ unhandledRejection: [Error: Failed to load chunk server/chunks/ssr/d0379_date-fns_9fc8640d._.js from module [project]/ubuntu/orchids-blindy/node_modules/.pnpm/next@15.5.7_@babel+core@7.29.7_supports-color@7.2.0__react-dom@19.0.0_react@19.0.0__react@19.0.0/node_modules/next/dist/esm/build/templates/app-page.js?page=/page { GLOBAL_ERROR_MODULE => "[project]/ubuntu/orchids-blindy/src/app/global-error.tsx [app-rsc] (ecmascript, Next.js Server Component)", METADATA_0 => "[project]/ubuntu/orchids-blindy/src/app/favicon.ico.mjs { IMAGE => \"[project]/ubuntu/orchids-blindy/src/app/favicon.ico (static in ecmascript)\" } [app-rsc] (structured image object, ecmascript, Next.js Server Component)", MODULE_1 => "[project]/ubuntu/orchids-blindy/src/app/layout.tsx [app-rsc] (ecmascript, Next.js Server Component)", MODULE_2 => "[project]/ubuntu/orchids-blindy/src/app/not-found.tsx [app-rsc] (ecmascript, Next.js Server Component)", MODULE_3 => "[project]/ubuntu/orchids-blindy/node_modules/.pnpm/next@15.5.7_@babel+core@7.29.7_supports-color@7.2.0__react-dom@19.0.0_react@19.0.0__react@19.0.0/node_modules/next/dist/client/components/builtin/forbidden.js [app-rsc] (ecmascript, Next.js Server Component)", MODULE_4 => "[project]/ubuntu/orchids-blindy/node_modules/.pnpm/next@15.5.7_@babel+core@7.29.7_supports-color@7.2.0__react-dom@19.0.0_react@19.0.0__react@19.0.0/node_modules/next/dist/client/components/builtin/unauthorized.js [app-rsc] (ecmascript, Next.js Server Component)", MODULE_5 => "[project]/ubuntu/orchids-blindy/src/app/global-error.tsx [app-rsc] (ecmascript, Next.js Server Component)", MODULE_6 => "[project]/ubuntu/orchids-blindy/src/app/page.tsx [app-rsc] (ecmascript, Next.js Server Component)" } [app-rsc] (ecmascript) <locals>] {
[2026-08-19T17:26:44.695Z] [cause]: [Error: ENOENT: no such file or directory, open '/home/ubuntu/orchids-blindy/.next/server/chunks/ssr/d0379_date-fns_9fc8640d._.js'] {
[2026-08-19T17:26:44.695Z] errno: -2,
[2026-08-19T17:26:44.695Z] code: 'ENOENT',
[2026-08-19T17:26:44.695Z] syscall: 'open',
[2026-08-19T17:26:44.695Z] path: '/home/ubuntu/orchids-blindy/.next/server/chunks/ssr/d0379_date-fns_9fc8640d._.js'
[2026-08-19T17:26:44.695Z] }
[2026-08-19T17:26:44.695Z] }
[2026-08-19T17:26:45.121Z] ⨯ unhandledRejection:  [Error: Failed to load chunk server/chunks/ssr/d0379_date-fns_9fc8640d._.js from module [project]/ubuntu/orchids-blindy/node_modules/.pnpm/next@15.5.7_@babel+core@7.29.7_supports-color@7.2.0__react-dom@19.0.0_react@19.0.0__react@19.0.0/node_modules/next/dist/esm/build/templates/app-page.js?page=/page { GLOBAL_ERROR_MODULE => "[project]/ubuntu/orchids-blindy/src/app/global-error.tsx [app-rsc] (ecmascript, Next.js Server Component)", METADATA_0 => "[project]/ubuntu/orchids-blindy/src/app/favicon.ico.mjs { IMAGE => \"[project]/ubuntu/orchids-blindy/src/app/favicon.ico (static in ecmascript)\" } [app-rsc] (structured image object, ecmascript, Next.js Server Component)", MODULE_1 => "[project]/ubuntu/orchids-blindy/src/app/layout.tsx [app-rsc] (ecmascript, Next.js Server Component)", MODULE_2 => "[project]/ubuntu/orchids-blindy/src/app/not-found.tsx [app-rsc] (ecmascript, Next.js Server Component)", MODULE_3 => "[project]/ubuntu/orchids-blindy/node_modules/.pnpm/next@15.5.7_@babel+core@7.29.7_supports-color@7.2.0__react-dom@19.0.0_react@19.0.0__react@19.0.0/node_modules/next/dist/client/components/builtin/forbidden.js [app-rsc] (ecmascript, Next.js Server Component)", MODULE_4 => "[project]/ubuntu/orchids-blindy/node_modules/.pnpm/next@15.5.7_@babel+core@7.29.7_supports-color@7.2.0__react-dom@19.0.0_react@19.0.0__react@19.0.0/node_modules/next/dist/client/components/builtin/unauthorized.js [app-rsc] (ecmascript, Next.js Server Component)", MODULE_5 => "[project]/ubuntu/orchids-blindy/src/app/global-error.tsx [app-rsc] (ecmascript, Next.js Server Component)", MODULE_6 => "[project]/ubuntu/orchids-blindy/src/app/page.tsx [app-rsc] (ecmascript, Next.js Server Component)" } [app-rsc] (ecmascript) <locals>] {
[2026-08-19T17:26:45.121Z] [cause]: [Error: ENOENT: no such file or directory, open '/home/ubuntu/orchids-blindy/.next/server/chunks/ssr/d0379_date-fns_9fc8640d._.js'] {
[2026-08-19T17:26:45.121Z] errno: -2,
[2026-08-19T17:26:45.121Z] code: 'ENOENT',
[2026-08-19T17:26:45.121Z] syscall: 'open',
[2026-08-19T17:26:45.121Z] path: '/home/ubuntu/orchids-blindy/.next/server/chunks/ssr/d0379_date-fns_9fc8640d._.js'
[2026-08-19T17:26:45.121Z] }
[2026-08-19T17:26:45.121Z] }
[2026-08-19T17:26:45.548Z] [Error: Failed to load chunk server/chunks/ssr/4916d_@dnd-kit_core_dist_core_esm_82759b9f.js from module [project]/ubuntu/orchids-blindy/node_modules/.pnpm/next@15.5.7_@babel+core@7.29.7_supports-color@7.2.0__react-dom@19.0.0_react@19.0.0__react@19.0.0/node_modules/next/dist/esm/build/templates/app-page.js?page=/page { GLOBAL_ERROR_MODULE => "[project]/ubuntu/orchids-blindy/src/app/global-error.tsx [app-rsc] (ecmascript, Next.js Server Component)", METADATA_0 => "[project]/ubuntu/orchids-blindy/src/app/favicon.ico.mjs { IMAGE => \"[project]/ubuntu/orchids-blindy/src/app/favicon.ico (static in ecmascript)\" } [app-rsc] (structured image object, ecmascript, Next.js Server Component)", MODULE_1 => "[project]/ubuntu/orchids-blindy/src/app/layout.tsx [app-rsc] (ecmascript, Next.js Server Component)", MODULE_2 => "[project]/ubuntu/orchids-blindy/src/app/not-found.tsx [app-rsc] (ecmascript, Next.js Server Component)", MODULE_3 => "[project]/ubuntu/orchids-blindy/node_modules/.pnpm/next@15.5.7_@babel+core@7.29.7_supports-color@7.2.0__react-dom@19.0.0_react@19.0.0__react@19.0.0/node_modules/next/dist/client/components/builtin/forbidden.js [app-rsc] (ecmascript, Next.js Server Component)", MODULE_4 => "[project]/ubuntu/orchids-blindy/node_modules/.pnpm/next@15.5.7_@babel+core@7.29.7_supports-color@7.2.0__react-dom@19.0.0_react@19.0.0__react@19.0.0/node_modules/next/dist/client/components/builtin/unauthorized.js [app-rsc] (ecmascript, Next.js Server Component)", MODULE_5 => "[project]/ubuntu/orchids-blindy/src/app/global-error.tsx [app-rsc] (ecmascript, Next.js Server Component)", MODULE_6 => "[project]/ubuntu/orchids-blindy/src/app/page.tsx [app-rsc] (ecmascript, Next.js Server Component)" } [app-rsc] (ecmascript) <locals>] {
[2026-08-19T17:26:45.548Z] [cause]: [Error: ENOENT: no such file or directory, open '/home/ubuntu/orchids-blindy/.next/server/chunks/ssr/4916d_@dnd-kit_core_dist_core_esm_82759b9f.js'] {
[2026-08-19T17:26:45.548Z] errno: -2,
[2026-08-19T17:26:45.548Z] code: 'ENOENT',
[2026-08-19T17:26:45.548Z] syscall: 'open',
[2026-08-19T17:26:45.548Z] path: '/home/ubuntu/orchids-blindy/.next/server/chunks/ssr/4916d_@dnd-kit_core_dist_core_esm_82759b9f.js'
[2026-08-19T17:26:45.548Z] }
[2026-08-19T17:26:45.548Z] }
[2026-08-19T17:26:45.956Z] ⨯ unhandledRejection: [Error: Failed to load chunk server/chunks/ssr/4916d_@dnd-kit_core_dist_core_esm_82759b9f.js from module [project]/ubuntu/orchids-blindy/node_modules/.pnpm/next@15.5.7_@babel+core@7.29.7_supports-color@7.2.0__react-dom@19.0.0_react@19.0.0__react@19.0.0/node_modules/next/dist/esm/build/templates/app-page.js?page=/page { GLOBAL_ERROR_MODULE => "[project]/ubuntu/orchids-blindy/src/app/global-error.tsx [app-rsc] (ecmascript, Next.js Server Component)", METADATA_0 => "[project]/ubuntu/orchids-blindy/src/app/favicon.ico.mjs { IMAGE => \"[project]/ubuntu/orchids-blindy/src/app/favicon.ico (static in ecmascript)\" } [app-rsc] (structured image object, ecmascript, Next.js Server Component)", MODULE_1 => "[project]/ubuntu/orchids-blindy/src/app/layout.tsx [app-rsc] (ecmascript, Next.js Server Component)", MODULE_2 => "[project]/ubuntu/orchids-blindy/src/app/not-found.tsx [app-rsc] (ecmascript, Next.js Server Component)", MODULE_3 => "[project]/ubuntu/orchids-blindy/node_modules/.pnpm/next@15.5.7_@babel+core@7.29.7_supports-color@7.2.0__react-dom@19.0.0_react@19.0.0__react@19.0.0/node_modules/next/dist/client/components/builtin/forbidden.js [app-rsc] (ecmascript, Next.js Server Component)", MODULE_4 => "[project]/ubuntu/orchids-blindy/node_modules/.pnpm/next@15.5.7_@babel+core@7.29.7_supports-color@7.2.0__react-dom@19.0.0_react@19.0.0__react@19.0.0/node_modules/next/dist/client/components/builtin/unauthorized.js [app-rsc] (ecmascript, Next.js Server Component)", MODULE_5 => "[project]/ubuntu/orchids-blindy/src/app/global-error.tsx [app-rsc] (ecmascript, Next.js Server Component)", MODULE_6 => "[project]/ubuntu/orchids-blindy/src/app/page.tsx [app-rsc] (ecmascript, Next.js Server Component)" } [app-rsc] (ecmascript) <locals>] {
[2026-08-19T17:26:45.956Z] [cause]: [Error: ENOENT: no such file or directory, open '/home/ubuntu/orchids-blindy/.next/server/chunks/ssr/4916d_@dnd-kit_core_dist_core_esm_82759b9f.js'] {
[2026-08-19T17:26:45.956Z] errno: -2,
[2026-08-19T17:26:45.956Z] code: 'ENOENT',
[2026-08-19T17:26:45.956Z] syscall: 'open',
[2026-08-19T17:26:45.956Z] path: '/home/ubuntu/orchids-blindy/.next/server/chunks/ssr/4916d_@dnd-kit_core_dist_core_esm_82759b9f.js'
[2026-08-19T17:26:45.956Z] }
[2026-08-19T17:26:45.956Z] }
[2026-08-19T17:26:46.358Z] ⨯ unhandledRejection:  [Error: Failed to load chunk server/chunks/ssr/4916d_@dnd-kit_core_dist_core_esm_82759b9f.js from module [project]/ubuntu/orchids-blindy/node_modules/.pnpm/next@15.5.7_@babel+core@7.29.7_supports-color@7.2.0__react-dom@19.0.0_react@19.0.0__react@19.0.0/node_modules/next/dist/esm/build/templates/app-page.js?page=/page { GLOBAL_ERROR_MODULE => "[project]/ubuntu/orchids-blindy/src/app/global-error.tsx [app-rsc] (ecmascript, Next.js Server Component)", METADATA_0 => "[project]/ubuntu/orchids-blindy/src/app/favicon.ico.mjs { IMAGE => \"[project]/ubuntu/orchids-blindy/src/app/favicon.ico (static in ecmascript)\" } [app-rsc] (structured image object, ecmascript, Next.js Server Component)", MODULE_1 => "[project]/ubuntu/orchids-blindy/src/app/layout.tsx [app-rsc] (ecmascript, Next.js Server Component)", MODULE_2 => "[project]/ubuntu/orchids-blindy/src/app/not-found.tsx [app-rsc] (ecmascript, Next.js Server Component)", MODULE_3 => "[project]/ubuntu/orchids-blindy/node_modules/.pnpm/next@15.5.7_@babel+core@7.29.7_supports-color@7.2.0__react-dom@19.0.0_react@19.0.0__react@19.0.0/node_modules/next/dist/client/components/builtin/forbidden.js [app-rsc] (ecmascript, Next.js Server Component)", MODULE_4 => "[project]/ubuntu/orchids-blindy/node_modules/.pnpm/next@15.5.7_@babel+core@7.29.7_supports-color@7.2.0__react-dom@19.0.0_react@19.0.0__react@19.0.0/node_modules/next/dist/client/components/builtin/unauthorized.js [app-rsc] (ecmascript, Next.js Server Component)", MODULE_5 => "[project]/ubuntu/orchids-blindy/src/app/global-error.tsx [app-rsc] (ecmascript, Next.js Server Component)", MODULE_6 => "[project]/ubuntu/orchids-blindy/src/app/page.tsx [app-rsc] (ecmascript, Next.js Server Component)" } [app-rsc] (ecmascript) <locals>] {
[2026-08-19T17:26:46.358Z] [cause]: [Error: ENOENT: no such file or directory, open '/home/ubuntu/orchids-blindy/.next/server/chunks/ssr/4916d_@dnd-kit_core_dist_core_esm_82759b9f.js'] {
[2026-08-19T17:26:46.358Z] errno: -2,
[2026-08-19T17:26:46.358Z] code: 'ENOENT',
[2026-08-19T17:26:46.358Z] syscall: 'open',
[2026-08-19T17:26:46.358Z] path: '/home/ubuntu/orchids-blindy/.next/server/chunks/ssr/4916d_@dnd-kit_core_dist_core_esm_82759b9f.js'
[2026-08-19T17:26:46.358Z] }
[2026-08-19T17:26:46.358Z] }
[2026-08-19T17:26:46.818Z] [Error: Failed to load chunk server/chunks/ssr/43a0a__pnpm_e048cf76._.js from module [project]/ubuntu/orchids-blindy/node_modules/.pnpm/next@15.5.7_@babel+core@7.29.7_supports-color@7.2.0__react-dom@19.0.0_react@19.0.0__react@19.0.0/node_modules/next/dist/esm/build/templates/app-page.js?page=/page { GLOBAL_ERROR_MODULE => "[project]/ubuntu/orchids-blindy/src/app/global-error.tsx [app-rsc] (ecmascript, Next.js Server Component)", METADATA_0 => "[project]/ubuntu/orchids-blindy/src/app/favicon.ico.mjs { IMAGE => \"[project]/ubuntu/orchids-blindy/src/app/favicon.ico (static in ecmascript)\" } [app-rsc] (structured image object, ecmascript, Next.js Server Component)", MODULE_1 => "[project]/ubuntu/orchids-blindy/src/app/layout.tsx [app-rsc] (ecmascript, Next.js Server Component)", MODULE_2 => "[project]/ubuntu/orchids-blindy/src/app/not-found.tsx [app-rsc] (ecmascript, Next.js Server Component)", MODULE_3 => "[project]/ubuntu/orchids-blindy/node_modules/.pnpm/next@15.5.7_@babel+core@7.29.7_supports-color@7.2.0__react-dom@19.0.0_react@19.0.0__react@19.0.0/node_modules/next/dist/client/components/builtin/forbidden.js [app-rsc] (ecmascript, Next.js Server Component)", MODULE_4 => "[project]/ubuntu/orchids-blindy/node_modules/.pnpm/next@15.5.7_@babel+core@7.29.7_supports-color@7.2.0__react-dom@19.0.0_react@19.0.0__react@19.0.0/node_modules/next/dist/client/components/builtin/unauthorized.js [app-rsc] (ecmascript, Next.js Server Component)", MODULE_5 => "[project]/ubuntu/orchids-blindy/src/app/global-error.tsx [app-rsc] (ecmascript, Next.js Server Component)", MODULE_6 => "[project]/ubuntu/orchids-blindy/src/app/page.tsx [app-rsc] (ecmascript, Next.js Server Component)" } [app-rsc] (ecmascript) <locals>] {
[2026-08-19T17:26:46.818Z] [cause]: [Error: ENOENT: no such file or directory, open '/home/ubuntu/orchids-blindy/.next/server/chunks/ssr/43a0a__pnpm_e048cf76._.js'] {
[2026-08-19T17:26:46.818Z] errno: -2,
[2026-08-19T17:26:46.818Z] code: 'ENOENT',
[2026-08-19T17:26:46.818Z] syscall: 'open',
[2026-08-19T17:26:46.818Z] path: '/home/ubuntu/orchids-blindy/.next/server/chunks/ssr/43a0a__pnpm_e048cf76._.js'
[2026-08-19T17:26:46.818Z] }
[2026-08-19T17:26:46.818Z] }
[2026-08-19T17:26:47.222Z] ⨯ unhandledRejection: [Error: Failed to load chunk server/chunks/ssr/43a0a__pnpm_e048cf76._.js from module [project]/ubuntu/orchids-blindy/node_modules/.pnpm/next@15.5.7_@babel+core@7.29.7_supports-color@7.2.0__react-dom@19.0.0_react@19.0.0__react@19.0.0/node_modules/next/dist/esm/build/templates/app-page.js?page=/page { GLOBAL_ERROR_MODULE => "[project]/ubuntu/orchids-blindy/src/app/global-error.tsx [app-rsc] (ecmascript, Next.js Server Component)", METADATA_0 => "[project]/ubuntu/orchids-blindy/src/app/favicon.ico.mjs { IMAGE => \"[project]/ubuntu/orchids-blindy/src/app/favicon.ico (static in ecmascript)\" } [app-rsc] (structured image object, ecmascript, Next.js Server Component)", MODULE_1 => "[project]/ubuntu/orchids-blindy/src/app/layout.tsx [app-rsc] (ecmascript, Next.js Server Component)", MODULE_2 => "[project]/ubuntu/orchids-blindy/src/app/not-found.tsx [app-rsc] (ecmascript, Next.js Server Component)", MODULE_3 => "[project]/ubuntu/orchids-blindy/node_modules/.pnpm/next@15.5.7_@babel+core@7.29.7_supports-color@7.2.0__react-dom@19.0.0_react@19.0.0__react@19.0.0/node_modules/next/dist/client/components/builtin/forbidden.js [app-rsc] (ecmascript, Next.js Server Component)", MODULE_4 => "[project]/ubuntu/orchids-blindy/node_modules/.pnpm/next@15.5.7_@babel+core@7.29.7_supports-color@7.2.0__react-dom@19.0.0_react@19.0.0__react@19.0.0/node_modules/next/dist/client/components/builtin/unauthorized.js [app-rsc] (ecmascript, Next.js Server Component)", MODULE_5 => "[project]/ubuntu/orchids-blindy/src/app/global-error.tsx [app-rsc] (ecmascript, Next.js Server Component)", MODULE_6 => "[project]/ubuntu/orchids-blindy/src/app/page.tsx [app-rsc] (ecmascript, Next.js Server Component)" } [app-rsc] (ecmascript) <locals>] {
[2026-08-19T17:26:47.222Z] [cause]: [Error: ENOENT: no such file or directory, open '/home/ubuntu/orchids-blindy/.next/server/chunks/ssr/43a0a__pnpm_e048cf76._.js'] {
[2026-08-19T17:26:47.222Z] errno: -2,
[2026-08-19T17:26:47.222Z] code: 'ENOENT',
[2026-08-19T17:26:47.222Z] syscall: 'open',
[2026-08-19T17:26:47.222Z] path: '/home/ubuntu/orchids-blindy/.next/server/chunks/ssr/43a0a__pnpm_e048cf76._.js'
[2026-08-19T17:26:47.222Z] }
[2026-08-19T17:26:47.222Z] }
[2026-08-19T17:26:47.608Z] ⨯ unhandledRejection:  [Error: Failed to load chunk server/chunks/ssr/43a0a__pnpm_e048cf76._.js from module [project]/ubuntu/orchids-blindy/node_modules/.pnpm/next@15.5.7_@babel+core@7.29.7_supports-color@7.2.0__react-dom@19.0.0_react@19.0.0__react@19.0.0/node_modules/next/dist/esm/build/templates/app-page.js?page=/page { GLOBAL_ERROR_MODULE => "[project]/ubuntu/orchids-blindy/src/app/global-error.tsx [app-rsc] (ecmascript, Next.js Server Component)", METADATA_0 => "[project]/ubuntu/orchids-blindy/src/app/favicon.ico.mjs { IMAGE => \"[project]/ubuntu/orchids-blindy/src/app/favicon.ico (static in ecmascript)\" } [app-rsc] (structured image object, ecmascript, Next.js Server Component)", MODULE_1 => "[project]/ubuntu/orchids-blindy/src/app/layout.tsx [app-rsc] (ecmascript, Next.js Server Component)", MODULE_2 => "[project]/ubuntu/orchids-blindy/src/app/not-found.tsx [app-rsc] (ecmascript, Next.js Server Component)", MODULE_3 => "[project]/ubuntu/orchids-blindy/node_modules/.pnpm/next@15.5.7_@babel+core@7.29.7_supports-color@7.2.0__react-dom@19.0.0_react@19.0.0__react@19.0.0/node_modules/next/dist/client/components/builtin/forbidden.js [app-rsc] (ecmascript, Next.js Server Component)", MODULE_4 => "[project]/ubuntu/orchids-blindy/node_modules/.pnpm/next@15.5.7_@babel+core@7.29.7_supports-color@7.2.0__react-dom@19.0.0_react@19.0.0__react@19.0.0/node_modules/next/dist/client/components/builtin/unauthorized.js [app-rsc] (ecmascript, Next.js Server Component)", MODULE_5 => "[project]/ubuntu/orchids-blindy/src/app/global-error.tsx [app-rsc] (ecmascript, Next.js Server Component)", MODULE_6 => "[project]/ubuntu/orchids-blindy/src/app/page.tsx [app-rsc] (ecmascript, Next.js Server Component)" } [app-rsc] (ecmascript) <locals>] {
[2026-08-19T17:26:47.608Z] [cause]: [Error: ENOENT: no such file or directory, open '/home/ubuntu/orchids-blindy/.next/server/chunks/ssr/43a0a__pnpm_e048cf76._.js'] {
[2026-08-19T17:26:47.608Z] errno: -2,
[2026-08-19T17:26:47.608Z] code: 'ENOENT',
[2026-08-19T17:26:47.608Z] syscall: 'open',
[2026-08-19T17:26:47.608Z] path: '/home/ubuntu/orchids-blindy/.next/server/chunks/ssr/43a0a__pnpm_e048cf76._.js'
[2026-08-19T17:26:47.608Z] }
[2026-08-19T17:26:47.608Z] }
[2026-08-19T17:26:47.991Z] [Error: Failed to load chunk server/chunks/ssr/ubuntu_orchids-blindy_src_app_global-error_tsx_3317fafb._.js from module [project]/ubuntu/orchids-blindy/node_modules/.pnpm/next@15.5.7_@babel+core@7.29.7_supports-color@7.2.0__react-dom@19.0.0_react@19.0.0__react@19.0.0/node_modules/next/dist/esm/build/templates/app-page.js?page=/page { GLOBAL_ERROR_MODULE => "[project]/ubuntu/orchids-blindy/src/app/global-error.tsx [app-rsc] (ecmascript, Next.js Server Component)", METADATA_0 => "[project]/ubuntu/orchids-blindy/src/app/favicon.ico.mjs { IMAGE => \"[project]/ubuntu/orchids-blindy/src/app/favicon.ico (static in ecmascript)\" } [app-rsc] (structured image object, ecmascript, Next.js Server Component)", MODULE_1 => "[project]/ubuntu/orchids-blindy/src/app/layout.tsx [app-rsc] (ecmascript, Next.js Server Component)", MODULE_2 => "[project]/ubuntu/orchids-blindy/src/app/not-found.tsx [app-rsc] (ecmascript, Next.js Server Component)", MODULE_3 => "[project]/ubuntu/orchids-blindy/node_modules/.pnpm/next@15.5.7_@babel+core@7.29.7_supports-color@7.2.0__react-dom@19.0.0_react@19.0.0__react@19.0.0/node_modules/next/dist/client/components/builtin/forbidden.js [app-rsc] (ecmascript, Next.js Server Component)", MODULE_4 => "[project]/ubuntu/orchids-blindy/node_modules/.pnpm/next@15.5.7_@babel+core@7.29.7_supports-color@7.2.0__react-dom@19.0.0_react@19.0.0__react@19.0.0/node_modules/next/dist/client/components/builtin/unauthorized.js [app-rsc] (ecmascript, Next.js Server Component)", MODULE_5 => "[project]/ubuntu/orchids-blindy/src/app/global-error.tsx [app-rsc] (ecmascript, Next.js Server Component)", MODULE_6 => "[project]/ubuntu/orchids-blindy/src/app/page.tsx [app-rsc] (ecmascript, Next.js Server Component)" } [app-rsc] (ecmascript) <locals>] {
[2026-08-19T17:26:47.991Z] digest: '2147131580',
[2026-08-19T17:26:47.991Z] page: '/',
[2026-08-19T17:26:47.991Z] [cause]: [Error: ENOENT: no such file or directory, open '/home/ubuntu/orchids-blindy/.next/server/chunks/ssr/ubuntu_orchids-blindy_src_app_global-error_tsx_3317fafb._.js'] {
[2026-08-19T17:26:47.991Z] errno: -2,
[2026-08-19T17:26:47.991Z] code: 'ENOENT',
[2026-08-19T17:26:47.991Z] syscall: 'open',
[2026-08-19T17:26:47.991Z] path: '/home/ubuntu/orchids-blindy/.next/server/chunks/ssr/ubuntu_orchids-blindy_src_app_global-error_tsx_3317fafb._.js'
[2026-08-19T17:26:47.991Z] }
[2026-08-19T17:26:47.991Z] }
[2026-08-19T17:26:48.373Z] ⨯ unhandledRejection: [Error: Failed to load chunk server/chunks/ssr/ubuntu_orchids-blindy_src_app_global-error_tsx_3317fafb._.js from module [project]/ubuntu/orchids-blindy/node_modules/.pnpm/next@15.5.7_@babel+core@7.29.7_supports-color@7.2.0__react-dom@19.0.0_react@19.0.0__react@19.0.0/node_modules/next/dist/esm/build/templates/app-page.js?page=/page { GLOBAL_ERROR_MODULE => "[project]/ubuntu/orchids-blindy/src/app/global-error.tsx [app-rsc] (ecmascript, Next.js Server Component)", METADATA_0 => "[project]/ubuntu/orchids-blindy/src/app/favicon.ico.mjs { IMAGE => \"[project]/ubuntu/orchids-blindy/src/app/favicon.ico (static in ecmascript)\" } [app-rsc] (structured image object, ecmascript, Next.js Server Component)", MODULE_1 => "[project]/ubuntu/orchids-blindy/src/app/layout.tsx [app-rsc] (ecmascript, Next.js Server Component)", MODULE_2 => "[project]/ubuntu/orchids-blindy/src/app/not-found.tsx [app-rsc] (ecmascript, Next.js Server Component)", MODULE_3 => "[project]/ubuntu/orchids-blindy/node_modules/.pnpm/next@15.5.7_@babel+core@7.29.7_supports-color@7.2.0__react-dom@19.0.0_react@19.0.0__react@19.0.0/node_modules/next/dist/client/components/builtin/forbidden.js [app-rsc] (ecmascript, Next.js Server Component)", MODULE_4 => "[project]/ubuntu/orchids-blindy/node_modules/.pnpm/next@15.5.7_@babel+core@7.29.7_supports-color@7.2.0__react-dom@19.0.0_react@19.0.0__react@19.0.0/node_modules/next/dist/client/components/builtin/unauthorized.js [app-rsc] (ecmascript, Next.js Server Component)", MODULE_5 => "[project]/ubuntu/orchids-blindy/src/app/global-error.tsx [app-rsc] (ecmascript, Next.js Server Component)", MODULE_6 => "[project]/ubuntu/orchids-blindy/src/app/page.tsx [app-rsc] (ecmascript, Next.js Server Component)" } [app-rsc] (ecmascript) <locals>] {
[2026-08-19T17:26:48.374Z] digest: '2147131580',
[2026-08-19T17:26:48.374Z] page: '/',
[2026-08-19T17:26:48.374Z] [cause]: [Error: ENOENT: no such file or directory, open '/home/ubuntu/orchids-blindy/.next/server/chunks/ssr/ubuntu_orchids-blindy_src_app_global-error_tsx_3317fafb._.js'] {
[2026-08-19T17:26:48.374Z] errno: -2,
[2026-08-19T17:26:48.374Z] code: 'ENOENT',
[2026-08-19T17:26:48.374Z] syscall: 'open',
[2026-08-19T17:26:48.374Z] path: '/home/ubuntu/orchids-blindy/.next/server/chunks/ssr/ubuntu_orchids-blindy_src_app_global-error_tsx_3317fafb._.js'
[2026-08-19T17:26:48.374Z] }
[2026-08-19T17:26:48.374Z] }
[2026-08-19T17:26:48.784Z] ⨯ unhandledRejection:  [Error: Failed to load chunk server/chunks/ssr/ubuntu_orchids-blindy_src_app_global-error_tsx_3317fafb._.js from module [project]/ubuntu/orchids-blindy/node_modules/.pnpm/next@15.5.7_@babel+core@7.29.7_supports-color@7.2.0__react-dom@19.0.0_react@19.0.0__react@19.0.0/node_modules/next/dist/esm/build/templates/app-page.js?page=/page { GLOBAL_ERROR_MODULE => "[project]/ubuntu/orchids-blindy/src/app/global-error.tsx [app-rsc] (ecmascript, Next.js Server Component)", METADATA_0 => "[project]/ubuntu/orchids-blindy/src/app/favicon.ico.mjs { IMAGE => \"[project]/ubuntu/orchids-blindy/src/app/favicon.ico (static in ecmascript)\" } [app-rsc] (structured image object, ecmascript, Next.js Server Component)", MODULE_1 => "[project]/ubuntu/orchids-blindy/src/app/layout.tsx [app-rsc] (ecmascript, Next.js Server Component)", MODULE_2 => "[project]/ubuntu/orchids-blindy/src/app/not-found.tsx [app-rsc] (ecmascript, Next.js Server Component)", MODULE_3 => "[project]/ubuntu/orchids-blindy/node_modules/.pnpm/next@15.5.7_@babel+core@7.29.7_supports-color@7.2.0__react-dom@19.0.0_react@19.0.0__react@19.0.0/node_modules/next/dist/client/components/builtin/forbidden.js [app-rsc] (ecmascript, Next.js Server Component)", MODULE_4 => "[project]/ubuntu/orchids-blindy/node_modules/.pnpm/next@15.5.7_@babel+core@7.29.7_supports-color@7.2.0__react-dom@19.0.0_react@19.0.0__react@19.0.0/node_modules/next/dist/client/components/builtin/unauthorized.js [app-rsc] (ecmascript, Next.js Server Component)", MODULE_5 => "[project]/ubuntu/orchids-blindy/src/app/global-error.tsx [app-rsc] (ecmascript, Next.js Server Component)", MODULE_6 => "[project]/ubuntu/orchids-blindy/src/app/page.tsx [app-rsc] (ecmascript, Next.js Server Component)" } [app-rsc] (ecmascript) <locals>] {
[2026-08-19T17:26:48.784Z] digest: '2147131580',
[2026-08-19T17:26:48.784Z] page: '/',
[2026-08-19T17:26:48.784Z] [cause]: [Error: ENOENT: no such file or directory, open '/home/ubuntu/orchids-blindy/.next/server/chunks/ssr/ubuntu_orchids-blindy_src_app_global-error_tsx_3317fafb._.js'] {
[2026-08-19T17:26:48.784Z] errno: -2,
[2026-08-19T17:26:48.784Z] code: 'ENOENT',
[2026-08-19T17:26:48.784Z] syscall: 'open',
[2026-08-19T17:26:48.784Z] path: '/home/ubuntu/orchids-blindy/.next/server/chunks/ssr/ubuntu_orchids-blindy_src_app_global-error_tsx_3317fafb._.js'
[2026-08-19T17:26:48.784Z] }
[2026-08-19T17:26:48.784Z] }
[2026-08-19T17:26:49.214Z] [Error: Failed to load chunk server/chunks/ssr/ubuntu_orchids-blindy_src_app_global-error_tsx_3317fafb._.js from module [project]/ubuntu/orchids-blindy/node_modules/.pnpm/next@15.5.7_@babel+core@7.29.7_supports-color@7.2.0__react-dom@19.0.0_react@19.0.0__react@19.0.0/node_modules/next/dist/esm/build/templates/app-page.js?page=/page { GLOBAL_ERROR_MODULE => "[project]/ubuntu/orchids-blindy/src/app/global-error.tsx [app-rsc] (ecmascript, Next.js Server Component)", METADATA_0 => "[project]/ubuntu/orchids-blindy/src/app/favicon.ico.mjs { IMAGE => \"[project]/ubuntu/orchids-blindy/src/app/favicon.ico (static in ecmascript)\" } [app-rsc] (structured image object, ecmascript, Next.js Server Component)", MODULE_1 => "[project]/ubuntu/orchids-blindy/src/app/layout.tsx [app-rsc] (ecmascript, Next.js Server Component)", MODULE_2 => "[project]/ubuntu/orchids-blindy/src/app/not-found.tsx [app-rsc] (ecmascript, Next.js Server Component)", MODULE_3 => "[project]/ubuntu/orchids-blindy/node_modules/.pnpm/next@15.5.7_@babel+core@7.29.7_supports-color@7.2.0__react-dom@19.0.0_react@19.0.0__react@19.0.0/node_modules/next/dist/client/components/builtin/forbidden.js [app-rsc] (ecmascript, Next.js Server Component)", MODULE_4 => "[project]/ubuntu/orchids-blindy/node_modules/.pnpm/next@15.5.7_@babel+core@7.29.7_supports-color@7.2.0__react-dom@19.0.0_react@19.0.0__react@19.0.0/node_modules/next/dist/client/components/builtin/unauthorized.js [app-rsc] (ecmascript, Next.js Server Component)", MODULE_5 => "[project]/ubuntu/orchids-blindy/src/app/global-error.tsx [app-rsc] (ecmascript, Next.js Server Component)", MODULE_6 => "[project]/ubuntu/orchids-blindy/src/app/page.tsx [app-rsc] (ecmascript, Next.js Server Component)" } [app-rsc] (ecmascript) <locals>] {
[2026-08-19T17:26:49.214Z] digest: '2147131580',
[2026-08-19T17:26:49.214Z] page: '/',
[2026-08-19T17:26:49.214Z] [cause]: [Error: ENOENT: no such file or directory, open '/home/ubuntu/orchids-blindy/.next/server/chunks/ssr/ubuntu_orchids-blindy_src_app_global-error_tsx_3317fafb._.js'] {
[2026-08-19T17:26:49.214Z] errno: -2,
[2026-08-19T17:26:49.214Z] code: 'ENOENT',
[2026-08-19T17:26:49.214Z] syscall: 'open',
[2026-08-19T17:26:49.214Z] path: '/home/ubuntu/orchids-blindy/.next/server/chunks/ssr/ubuntu_orchids-blindy_src_app_global-error_tsx_3317fafb._.js'
[2026-08-19T17:26:49.214Z] }
[2026-08-19T17:26:49.214Z] }
[2026-08-19T17:26:49.637Z] ⨯ unhandledRejection: [Error: Failed to load chunk server/chunks/ssr/ubuntu_orchids-blindy_src_app_global-error_tsx_3317fafb._.js from module [project]/ubuntu/orchids-blindy/node_modules/.pnpm/next@15.5.7_@babel+core@7.29.7_supports-color@7.2.0__react-dom@19.0.0_react@19.0.0__react@19.0.0/node_modules/next/dist/esm/build/templates/app-page.js?page=/page { GLOBAL_ERROR_MODULE => "[project]/ubuntu/orchids-blindy/src/app/global-error.tsx [app-rsc] (ecmascript, Next.js Server Component)", METADATA_0 => "[project]/ubuntu/orchids-blindy/src/app/favicon.ico.mjs { IMAGE => \"[project]/ubuntu/orchids-blindy/src/app/favicon.ico (static in ecmascript)\" } [app-rsc] (structured image object, ecmascript, Next.js Server Component)", MODULE_1 => "[project]/ubuntu/orchids-blindy/src/app/layout.tsx [app-rsc] (ecmascript, Next.js Server Component)", MODULE_2 => "[project]/ubuntu/orchids-blindy/src/app/not-found.tsx [app-rsc] (ecmascript, Next.js Server Component)", MODULE_3 => "[project]/ubuntu/orchids-blindy/node_modules/.pnpm/next@15.5.7_@babel+core@7.29.7_supports-color@7.2.0__react-dom@19.0.0_react@19.0.0__react@19.0.0/node_modules/next/dist/client/components/builtin/forbidden.js [app-rsc] (ecmascript, Next.js Server Component)", MODULE_4 => "[project]/ubuntu/orchids-blindy/node_modules/.pnpm/next@15.5.7_@babel+core@7.29.7_supports-color@7.2.0__react-dom@19.0.0_react@19.0.0__react@19.0.0/node_modules/next/dist/client/components/builtin/unauthorized.js [app-rsc] (ecmascript, Next.js Server Component)", MODULE_5 => "[project]/ubuntu/orchids-blindy/src/app/global-error.tsx [app-rsc] (ecmascript, Next.js Server Component)", MODULE_6 => "[project]/ubuntu/orchids-blindy/src/app/page.tsx [app-rsc] (ecmascript, Next.js Server Component)" } [app-rsc] (ecmascript) <locals>] {
[2026-08-19T17:26:49.637Z] digest: '2147131580',
[2026-08-19T17:26:49.637Z] page: '/',
[2026-08-19T17:26:49.637Z] [cause]: [Error: ENOENT: no such file or directory, open '/home/ubuntu/orchids-blindy/.next/server/chunks/ssr/ubuntu_orchids-blindy_src_app_global-error_tsx_3317fafb._.js'] {
[2026-08-19T17:26:49.637Z] errno: -2,
[2026-08-19T17:26:49.637Z] code: 'ENOENT',
[2026-08-19T17:26:49.637Z] syscall: 'open',
[2026-08-19T17:26:49.637Z] path: '/home/ubuntu/orchids-blindy/.next/server/chunks/ssr/ubuntu_orchids-blindy_src_app_global-error_tsx_3317fafb._.js'
[2026-08-19T17:26:49.637Z] }
[2026-08-19T17:26:49.637Z] }
[2026-08-19T17:26:50.039Z] ⨯ unhandledRejection:  [Error: Failed to load chunk server/chunks/ssr/ubuntu_orchids-blindy_src_app_global-error_tsx_3317fafb._.js from module [project]/ubuntu/orchids-blindy/node_modules/.pnpm/next@15.5.7_@babel+core@7.29.7_supports-color@7.2.0__react-dom@19.0.0_react@19.0.0__react@19.0.0/node_modules/next/dist/esm/build/templates/app-page.js?page=/page { GLOBAL_ERROR_MODULE => "[project]/ubuntu/orchids-blindy/src/app/global-error.tsx [app-rsc] (ecmascript, Next.js Server Component)", METADATA_0 => "[project]/ubuntu/orchids-blindy/src/app/favicon.ico.mjs { IMAGE => \"[project]/ubuntu/orchids-blindy/src/app/favicon.ico (static in ecmascript)\" } [app-rsc] (structured image object, ecmascript, Next.js Server Component)", MODULE_1 => "[project]/ubuntu/orchids-blindy/src/app/layout.tsx [app-rsc] (ecmascript, Next.js Server Component)", MODULE_2 => "[project]/ubuntu/orchids-blindy/src/app/not-found.tsx [app-rsc] (ecmascript, Next.js Server Component)", MODULE_3 => "[project]/ubuntu/orchids-blindy/node_modules/.pnpm/next@15.5.7_@babel+core@7.29.7_supports-color@7.2.0__react-dom@19.0.0_react@19.0.0__react@19.0.0/node_modules/next/dist/client/components/builtin/forbidden.js [app-rsc] (ecmascript, Next.js Server Component)", MODULE_4 => "[project]/ubuntu/orchids-blindy/node_modules/.pnpm/next@15.5.7_@babel+core@7.29.7_supports-color@7.2.0__react-dom@19.0.0_react@19.0.0__react@19.0.0/node_modules/next/dist/client/components/builtin/unauthorized.js [app-rsc] (ecmascript, Next.js Server Component)", MODULE_5 => "[project]/ubuntu/orchids-blindy/src/app/global-error.tsx [app-rsc] (ecmascript, Next.js Server Component)", MODULE_6 => "[project]/ubuntu/orchids-blindy/src/app/page.tsx [app-rsc] (ecmascript, Next.js Server Component)" } [app-rsc] (ecmascript) <locals>] {
[2026-08-19T17:26:50.039Z] digest: '2147131580',
[2026-08-19T17:26:50.039Z] page: '/',
[2026-08-19T17:26:50.039Z] [cause]: [Error: ENOENT: no such file or directory, open '/home/ubuntu/orchids-blindy/.next/server/chunks/ssr/ubuntu_orchids-blindy_src_app_global-error_tsx_3317fafb._.js'] {
[2026-08-19T17:26:50.039Z] errno: -2,
[2026-08-19T17:26:50.039Z] code: 'ENOENT',
[2026-08-19T17:26:50.039Z] syscall: 'open',
[2026-08-19T17:26:50.039Z] path: '/home/ubuntu/orchids-blindy/.next/server/chunks/ssr/ubuntu_orchids-blindy_src_app_global-error_tsx_3317fafb._.js'
[2026-08-19T17:26:50.040Z] }
[2026-08-19T17:26:50.040Z] }
[2026-08-19T17:26:50.042Z] ○ Compiling /_error ...
[2026-08-19T17:26:50.119Z] ⨯ [Error: ENOENT: no such file or directory, open '/home/ubuntu/orchids-blindy/.next/server/app/api/pomodoro/get-settings/[__metadata_id__]/route/app-paths-manifest.json'] {
[2026-08-19T17:26:50.119Z] errno: -2,
[2026-08-19T17:26:50.119Z] code: 'ENOENT',
[2026-08-19T17:26:50.119Z] syscall: 'open',
[2026-08-19T17:26:50.119Z] path: '/home/ubuntu/orchids-blindy/.next/server/app/api/pomodoro/get-settings/[__metadata_id__]/route/app-paths-manifest.json'
[2026-08-19T17:26:50.119Z] }
[2026-08-19T17:26:50.455Z] ✓ Compiled /_error in 36.9s
[2026-08-19T17:26:50.480Z] ⨯ [Error: ENOENT: no such file or directory, open '/home/ubuntu/orchids-blindy/.next/static/development/_buildManifest.js.tmp.a9b3hi3iiwj'] {
[2026-08-19T17:26:50.480Z] errno: -2,
[2026-08-19T17:26:50.480Z] code: 'ENOENT',
[2026-08-19T17:26:50.480Z] syscall: 'open',
[2026-08-19T17:26:50.480Z] path: '/home/ubuntu/orchids-blindy/.next/static/development/_buildManifest.js.tmp.a9b3hi3iiwj'
[2026-08-19T17:26:50.480Z] }
[2026-08-19T17:26:50.509Z] ⨯ [Error: ENOENT: no such file or directory, open '/home/ubuntu/orchids-blindy/.next/static/development/_buildManifest.js.tmp.0dvo4ievtu3'] {
[2026-08-19T17:26:50.509Z] errno: -2,
[2026-08-19T17:26:50.509Z] code: 'ENOENT',
[2026-08-19T17:26:50.509Z] syscall: 'open',
[2026-08-19T17:26:50.509Z] path: '/home/ubuntu/orchids-blindy/.next/static/development/_buildManifest.js.tmp.0dvo4ievtu3'
[2026-08-19T17:26:50.509Z] }
[2026-08-19T17:26:50.935Z] [Error: Failed to load chunk server/chunks/ssr/ubuntu_orchids-blindy_src_app_global-error_tsx_3317fafb._.js from module [project]/ubuntu/orchids-blindy/node_modules/.pnpm/next@15.5.7_@babel+core@7.29.7_supports-color@7.2.0__react-dom@19.0.0_react@19.0.0__react@19.0.0/node_modules/next/dist/esm/build/templates/app-page.js?page=/page { GLOBAL_ERROR_MODULE => "[project]/ubuntu/orchids-blindy/src/app/global-error.tsx [app-rsc] (ecmascript, Next.js Server Component)", METADATA_0 => "[project]/ubuntu/orchids-blindy/src/app/favicon.ico.mjs { IMAGE => \"[project]/ubuntu/orchids-blindy/src/app/favicon.ico (static in ecmascript)\" } [app-rsc] (structured image object, ecmascript, Next.js Server Component)", MODULE_1 => "[project]/ubuntu/orchids-blindy/src/app/layout.tsx [app-rsc] (ecmascript, Next.js Server Component)", MODULE_2 => "[project]/ubuntu/orchids-blindy/src/app/not-found.tsx [app-rsc] (ecmascript, Next.js Server Component)", MODULE_3 => "[project]/ubuntu/orchids-blindy/node_modules/.pnpm/next@15.5.7_@babel+core@7.29.7_supports-color@7.2.0__react-dom@19.0.0_react@19.0.0__react@19.0.0/node_modules/next/dist/client/components/builtin/forbidden.js [app-rsc] (ecmascript, Next.js Server Component)", MODULE_4 => "[project]/ubuntu/orchids-blindy/node_modules/.pnpm/next@15.5.7_@babel+core@7.29.7_supports-color@7.2.0__react-dom@19.0.0_react@19.0.0__react@19.0.0/node_modules/next/dist/client/components/builtin/unauthorized.js [app-rsc] (ecmascript, Next.js Server Component)", MODULE_5 => "[project]/ubuntu/orchids-blindy/src/app/global-error.tsx [app-rsc] (ecmascript, Next.js Server Component)", MODULE_6 => "[project]/ubuntu/orchids-blindy/src/app/page.tsx [app-rsc] (ecmascript, Next.js Server Component)" } [app-rsc] (ecmascript) <locals>] {
[2026-08-19T17:26:50.935Z] digest: '2147131580',
[2026-08-19T17:26:50.935Z] page: '/',
[2026-08-19T17:26:50.935Z] [cause]: [Error: ENOENT: no such file or directory, open '/home/ubuntu/orchids-blindy/.next/server/chunks/ssr/ubuntu_orchids-blindy_src_app_global-error_tsx_3317fafb._.js'] {
[2026-08-19T17:26:50.935Z] errno: -2,
[2026-08-19T17:26:50.935Z] code: 'ENOENT',
[2026-08-19T17:26:50.935Z] syscall: 'open',
[2026-08-19T17:26:50.935Z] path: '/home/ubuntu/orchids-blindy/.next/server/chunks/ssr/ubuntu_orchids-blindy_src_app_global-error_tsx_3317fafb._.js'
[2026-08-19T17:26:50.935Z] }
[2026-08-19T17:26:50.935Z] }
[2026-08-19T17:26:50.969Z] [Error: ENOENT: no such file or directory, open '/home/ubuntu/orchids-blindy/.next/server/app/api/pomodoro/get-settings/[__metadata_id__]/route/app-paths-manifest.json'] {
[2026-08-19T17:26:50.969Z] errno: -2,
[2026-08-19T17:26:50.969Z] code: 'ENOENT',
[2026-08-19T17:26:50.969Z] syscall: 'open',
[2026-08-19T17:26:50.969Z] path: '/home/ubuntu/orchids-blindy/.next/server/app/api/pomodoro/get-settings/[__metadata_id__]/route/app-paths-manifest.json'
[2026-08-19T17:26:50.969Z] }
[2026-08-19T17:26:51.007Z] ⨯ [Error: ENOENT: no such file or directory, open '/home/ubuntu/orchids-blindy/.next/static/development/_buildManifest.js.tmp.o2dsfy2476'] {
[2026-08-19T17:26:51.007Z] errno: -2,
[2026-08-19T17:26:51.007Z] code: 'ENOENT',
[2026-08-19T17:26:51.007Z] syscall: 'open',
[2026-08-19T17:26:51.007Z] path: '/home/ubuntu/orchids-blindy/.next/static/development/_buildManifest.js.tmp.o2dsfy2476'
[2026-08-19T17:26:51.007Z] }
[2026-08-19T17:26:51.030Z] ⨯ [Error: ENOENT: no such file or directory, open '/home/ubuntu/orchids-blindy/.next/static/development/_buildManifest.js.tmp.puh7z561nu'] {
[2026-08-19T17:26:51.030Z] errno: -2,
[2026-08-19T17:26:51.030Z] code: 'ENOENT',
[2026-08-19T17:26:51.030Z] syscall: 'open',
[2026-08-19T17:26:51.030Z] path: '/home/ubuntu/orchids-blindy/.next/static/development/_buildManifest.js.tmp.puh7z561nu'
[2026-08-19T17:26:51.030Z] }
[2026-08-19T17:26:51.071Z] [Error: ENOENT: no such file or directory, open '/home/ubuntu/orchids-blindy/.next/static/development/_buildManifest.js.tmp.1oyehqwv1or'] {
[2026-08-19T17:26:51.071Z] errno: -2,
[2026-08-19T17:26:51.071Z] code: 'ENOENT',
[2026-08-19T17:26:51.071Z] syscall: 'open',
[2026-08-19T17:26:51.071Z] path: '/home/ubuntu/orchids-blindy/.next/static/development/_buildManifest.js.tmp.1oyehqwv1or'
[2026-08-19T17:26:51.071Z] }
[2026-08-19T17:26:51.072Z] GET /?from_webdev=1 500 in 39829ms
[2026-08-19T17:26:51.072Z] GET /?from_webdev=1 500 in 137ms
[2026-08-19T17:26:51.092Z] [Error: ENOENT: no such file or directory, open '/home/ubuntu/orchids-blindy/.next/static/development/_buildManifest.js.tmp.bhf2tcqy44'] {
[2026-08-19T17:26:51.092Z] errno: -2,
[2026-08-19T17:26:51.092Z] code: 'ENOENT',
[2026-08-19T17:26:51.092Z] syscall: 'open',
[2026-08-19T17:26:51.092Z] path: '/home/ubuntu/orchids-blindy/.next/static/development/_buildManifest.js.tmp.bhf2tcqy44'
[2026-08-19T17:26:51.092Z] }
[2026-08-19T17:26:51.396Z] ⨯ [Error: ENOENT: no such file or directory, open '/home/ubuntu/orchids-blindy/.next/server/app/page/app-build-manifest.json'] {
[2026-08-19T17:26:51.396Z] errno: -2,
[2026-08-19T17:26:51.396Z] code: 'ENOENT',
[2026-08-19T17:26:51.396Z] syscall: 'open',
[2026-08-19T17:26:51.396Z] path: '/home/ubuntu/orchids-blindy/.next/server/app/page/app-build-manifest.json'
[2026-08-19T17:26:51.397Z] }
[2026-08-19T17:26:51.441Z] ⨯ [Error: ENOENT: no such file or directory, open '/home/ubuntu/orchids-blindy/.next/static/development/_buildManifest.js.tmp.2bsbedhrv0g'] {
[2026-08-19T17:26:51.441Z] errno: -2,
[2026-08-19T17:26:51.441Z] code: 'ENOENT',
[2026-08-19T17:26:51.441Z] syscall: 'open',
[2026-08-19T17:26:51.441Z] path: '/home/ubuntu/orchids-blindy/.next/static/development/_buildManifest.js.tmp.2bsbedhrv0g'
[2026-08-19T17:26:51.441Z] }
[2026-08-19T17:26:51.481Z] [Error: ENOENT: no such file or directory, open '/home/ubuntu/orchids-blindy/.next/server/app/page/app-build-manifest.json'] {
[2026-08-19T17:26:51.481Z] errno: -2,
[2026-08-19T17:26:51.481Z] code: 'ENOENT',
[2026-08-19T17:26:51.481Z] syscall: 'open',
[2026-08-19T17:26:51.481Z] path: '/home/ubuntu/orchids-blindy/.next/server/app/page/app-build-manifest.json'
[2026-08-19T17:26:51.481Z] }
[2026-08-19T17:26:51.511Z] ⨯ [Error: ENOENT: no such file or directory, open '/home/ubuntu/orchids-blindy/.next/static/development/_buildManifest.js.tmp.lx6g5bcctzm'] {
[2026-08-19T17:26:51.511Z] errno: -2,
[2026-08-19T17:26:51.511Z] code: 'ENOENT',
[2026-08-19T17:26:51.511Z] syscall: 'open',
[2026-08-19T17:26:51.511Z] path: '/home/ubuntu/orchids-blindy/.next/static/development/_buildManifest.js.tmp.lx6g5bcctzm'
[2026-08-19T17:26:51.511Z] }
[2026-08-19T17:26:51.542Z] [Error: ENOENT: no such file or directory, open '/home/ubuntu/orchids-blindy/.next/static/development/_buildManifest.js.tmp.ympxol3idjb'] {
[2026-08-19T17:26:51.542Z] errno: -2,
[2026-08-19T17:26:51.542Z] code: 'ENOENT',
[2026-08-19T17:26:51.542Z] syscall: 'open',
[2026-08-19T17:26:51.542Z] path: '/home/ubuntu/orchids-blindy/.next/static/development/_buildManifest.js.tmp.ympxol3idjb'
[2026-08-19T17:26:51.542Z] }
[2026-08-19T17:26:52.279Z] ⨯ [Error: ENOENT: no such file or directory, open '/home/ubuntu/orchids-blindy/.next/server/app/page/app-build-manifest.json'] {
[2026-08-19T17:26:52.279Z] errno: -2,
[2026-08-19T17:26:52.279Z] code: 'ENOENT',
[2026-08-19T17:26:52.279Z] syscall: 'open',
[2026-08-19T17:26:52.279Z] path: '/home/ubuntu/orchids-blindy/.next/server/app/page/app-build-manifest.json'
[2026-08-19T17:26:52.279Z] }
[2026-08-19T17:26:52.324Z] ⨯ [Error: ENOENT: no such file or directory, open '/home/ubuntu/orchids-blindy/.next/static/development/_buildManifest.js.tmp.7yck9y2mypt'] {
[2026-08-19T17:26:52.324Z] errno: -2,
[2026-08-19T17:26:52.324Z] code: 'ENOENT',
[2026-08-19T17:26:52.324Z] syscall: 'open',
[2026-08-19T17:26:52.324Z] path: '/home/ubuntu/orchids-blindy/.next/static/development/_buildManifest.js.tmp.7yck9y2mypt'
[2026-08-19T17:26:52.324Z] }
[2026-08-19T17:26:52.366Z] [Error: ENOENT: no such file or directory, open '/home/ubuntu/orchids-blindy/.next/server/app/page/app-build-manifest.json'] {
[2026-08-19T17:26:52.366Z] errno: -2,
[2026-08-19T17:26:52.366Z] code: 'ENOENT',
[2026-08-19T17:26:52.366Z] syscall: 'open',
[2026-08-19T17:26:52.366Z] path: '/home/ubuntu/orchids-blindy/.next/server/app/page/app-build-manifest.json'
[2026-08-19T17:26:52.366Z] }
[2026-08-19T17:26:52.397Z] ⨯ [Error: ENOENT: no such file or directory, open '/home/ubuntu/orchids-blindy/.next/static/development/_buildManifest.js.tmp.wmc31ajwyk'] {
[2026-08-19T17:26:52.397Z] errno: -2,
[2026-08-19T17:26:52.397Z] code: 'ENOENT',
[2026-08-19T17:26:52.397Z] syscall: 'open',
[2026-08-19T17:26:52.397Z] path: '/home/ubuntu/orchids-blindy/.next/static/development/_buildManifest.js.tmp.wmc31ajwyk'
[2026-08-19T17:26:52.397Z] }
[2026-08-19T17:26:52.429Z] [Error: ENOENT: no such file or directory, open '/home/ubuntu/orchids-blindy/.next/static/development/_buildManifest.js.tmp.k3wk9uu645b'] {
[2026-08-19T17:26:52.429Z] errno: -2,
[2026-08-19T17:26:52.429Z] code: 'ENOENT',
[2026-08-19T17:26:52.429Z] syscall: 'open',
[2026-08-19T17:26:52.429Z] path: '/home/ubuntu/orchids-blindy/.next/static/development/_buildManifest.js.tmp.k3wk9uu645b'
[2026-08-19T17:26:52.429Z] }
[2026-08-19T17:26:53.281Z] ⨯ [Error: ENOENT: no such file or directory, open '/home/ubuntu/orchids-blindy/.next/server/app/page/app-build-manifest.json'] {
[2026-08-19T17:26:53.281Z] errno: -2,
[2026-08-19T17:26:53.281Z] code: 'ENOENT',
[2026-08-19T17:26:53.281Z] syscall: 'open',
[2026-08-19T17:26:53.281Z] path: '/home/ubuntu/orchids-blindy/.next/server/app/page/app-build-manifest.json'
[2026-08-19T17:26:53.281Z] }
[2026-08-19T17:26:53.321Z] ⨯ [Error: ENOENT: no such file or directory, open '/home/ubuntu/orchids-blindy/.next/static/development/_buildManifest.js.tmp.dbb35a4rf1a'] {
[2026-08-19T17:26:53.321Z] errno: -2,
[2026-08-19T17:26:53.321Z] code: 'ENOENT',
[2026-08-19T17:26:53.321Z] syscall: 'open',
[2026-08-19T17:26:53.321Z] path: '/home/ubuntu/orchids-blindy/.next/static/development/_buildManifest.js.tmp.dbb35a4rf1a'
[2026-08-19T17:26:53.321Z] }
[2026-08-19T17:26:53.361Z] [Error: ENOENT: no such file or directory, open '/home/ubuntu/orchids-blindy/.next/server/app/page/app-build-manifest.json'] {
[2026-08-19T17:26:53.361Z] errno: -2,
[2026-08-19T17:26:53.361Z] code: 'ENOENT',
[2026-08-19T17:26:53.361Z] syscall: 'open',
[2026-08-19T17:26:53.361Z] path: '/home/ubuntu/orchids-blindy/.next/server/app/page/app-build-manifest.json'
[2026-08-19T17:26:53.361Z] }
[2026-08-19T17:26:53.392Z] ⨯ [Error: ENOENT: no such file or directory, open '/home/ubuntu/orchids-blindy/.next/static/development/_buildManifest.js.tmp.h4pkffea3r8'] {
[2026-08-19T17:26:53.392Z] errno: -2,
[2026-08-19T17:26:53.392Z] code: 'ENOENT',
[2026-08-19T17:26:53.392Z] syscall: 'open',
[2026-08-19T17:26:53.392Z] path: '/home/ubuntu/orchids-blindy/.next/static/development/_buildManifest.js.tmp.h4pkffea3r8'
[2026-08-19T17:26:53.392Z] }
[2026-08-19T17:26:53.424Z] [Error: ENOENT: no such file or directory, open '/home/ubuntu/orchids-blindy/.next/static/development/_buildManifest.js.tmp.dzwz7fu60a'] {
[2026-08-19T17:26:53.424Z] errno: -2,
[2026-08-19T17:26:53.424Z] code: 'ENOENT',
[2026-08-19T17:26:53.424Z] syscall: 'open',
[2026-08-19T17:26:53.424Z] path: '/home/ubuntu/orchids-blindy/.next/static/development/_buildManifest.js.tmp.dzwz7fu60a'
[2026-08-19T17:26:53.424Z] }
[2026-08-19T17:26:55.035Z] ⨯ [Error: ENOENT: no such file or directory, open '/home/ubuntu/orchids-blindy/.next/server/app/page/app-build-manifest.json'] {
[2026-08-19T17:26:55.035Z] errno: -2,
[2026-08-19T17:26:55.035Z] code: 'ENOENT',
[2026-08-19T17:26:55.035Z] syscall: 'open',
[2026-08-19T17:26:55.035Z] path: '/home/ubuntu/orchids-blindy/.next/server/app/page/app-build-manifest.json'
[2026-08-19T17:26:55.035Z] }
[2026-08-19T17:26:55.074Z] ⨯ [Error: ENOENT: no such file or directory, open '/home/ubuntu/orchids-blindy/.next/static/development/_buildManifest.js.tmp.otv9a1xiawb'] {
[2026-08-19T17:26:55.074Z] errno: -2,
[2026-08-19T17:26:55.074Z] code: 'ENOENT',
[2026-08-19T17:26:55.074Z] syscall: 'open',
[2026-08-19T17:26:55.074Z] path: '/home/ubuntu/orchids-blindy/.next/static/development/_buildManifest.js.tmp.otv9a1xiawb'
[2026-08-19T17:26:55.074Z] }
[2026-08-19T17:26:55.114Z] [Error: ENOENT: no such file or directory, open '/home/ubuntu/orchids-blindy/.next/server/app/page/app-build-manifest.json'] {
[2026-08-19T17:26:55.114Z] errno: -2,
[2026-08-19T17:26:55.114Z] code: 'ENOENT',
[2026-08-19T17:26:55.115Z] syscall: 'open',
[2026-08-19T17:26:55.115Z] path: '/home/ubuntu/orchids-blindy/.next/server/app/page/app-build-manifest.json'
[2026-08-19T17:26:55.115Z] }
[2026-08-19T17:26:55.148Z] ⨯ [Error: ENOENT: no such file or directory, open '/home/ubuntu/orchids-blindy/.next/server/app/page/app-build-manifest.json'] {
[2026-08-19T17:26:55.148Z] errno: -2,
[2026-08-19T17:26:55.148Z] code: 'ENOENT',
[2026-08-19T17:26:55.148Z] syscall: 'open',
[2026-08-19T17:26:55.148Z] path: '/home/ubuntu/orchids-blindy/.next/server/app/page/app-build-manifest.json'
[2026-08-19T17:26:55.148Z] }
[2026-08-19T17:26:55.179Z] ⨯ [Error: ENOENT: no such file or directory, open '/home/ubuntu/orchids-blindy/.next/static/development/_buildManifest.js.tmp.kom92v4co6q'] {
[2026-08-19T17:26:55.179Z] errno: -2,
[2026-08-19T17:26:55.179Z] code: 'ENOENT',
[2026-08-19T17:26:55.179Z] syscall: 'open',
[2026-08-19T17:26:55.179Z] path: '/home/ubuntu/orchids-blindy/.next/static/development/_buildManifest.js.tmp.kom92v4co6q'
[2026-08-19T17:26:55.179Z] }
[2026-08-19T17:26:55.209Z] ⨯ [Error: ENOENT: no such file or directory, open '/home/ubuntu/orchids-blindy/.next/static/development/_buildManifest.js.tmp.c2jqaxqfdq'] {
[2026-08-19T17:26:55.209Z] errno: -2,
[2026-08-19T17:26:55.209Z] code: 'ENOENT',
[2026-08-19T17:26:55.210Z] syscall: 'open',
[2026-08-19T17:26:55.210Z] path: '/home/ubuntu/orchids-blindy/.next/static/development/_buildManifest.js.tmp.c2jqaxqfdq'
[2026-08-19T17:26:55.210Z] }
[2026-08-19T17:26:55.243Z] [Error: ENOENT: no such file or directory, open '/home/ubuntu/orchids-blindy/.next/static/development/_buildManifest.js.tmp.nxp5j4p0znd'] {
[2026-08-19T17:26:55.244Z] errno: -2,
[2026-08-19T17:26:55.244Z] code: 'ENOENT',
[2026-08-19T17:26:55.244Z] syscall: 'open',
[2026-08-19T17:26:55.244Z] path: '/home/ubuntu/orchids-blindy/.next/static/development/_buildManifest.js.tmp.nxp5j4p0znd'
[2026-08-19T17:26:55.244Z] }
[2026-08-19T17:26:55.279Z] [Error: ENOENT: no such file or directory, open '/home/ubuntu/orchids-blindy/.next/server/app/page/app-build-manifest.json'] {
[2026-08-19T17:26:55.279Z] errno: -2,
[2026-08-19T17:26:55.279Z] code: 'ENOENT',
[2026-08-19T17:26:55.279Z] syscall: 'open',
[2026-08-19T17:26:55.279Z] path: '/home/ubuntu/orchids-blindy/.next/server/app/page/app-build-manifest.json'
[2026-08-19T17:26:55.279Z] }
[2026-08-19T17:26:55.318Z] ⨯ [Error: ENOENT: no such file or directory, open '/home/ubuntu/orchids-blindy/.next/static/development/_buildManifest.js.tmp.snzigextpva'] {
[2026-08-19T17:26:55.318Z] errno: -2,
[2026-08-19T17:26:55.318Z] code: 'ENOENT',
[2026-08-19T17:26:55.318Z] syscall: 'open',
[2026-08-19T17:26:55.318Z] path: '/home/ubuntu/orchids-blindy/.next/static/development/_buildManifest.js.tmp.snzigextpva'
[2026-08-19T17:26:55.318Z] }
[2026-08-19T17:26:55.350Z] [Error: ENOENT: no such file or directory, open '/home/ubuntu/orchids-blindy/.next/static/development/_buildManifest.js.tmp.lx0uo5r5zqq'] {
[2026-08-19T17:26:55.350Z] errno: -2,
[2026-08-19T17:26:55.350Z] code: 'ENOENT',
[2026-08-19T17:26:55.350Z] syscall: 'open',
[2026-08-19T17:26:55.350Z] path: '/home/ubuntu/orchids-blindy/.next/static/development/_buildManifest.js.tmp.lx0uo5r5zqq'
[2026-08-19T17:26:55.350Z] }
[2026-08-19T17:26:56.040Z] ⨯ [Error: ENOENT: no such file or directory, open '/home/ubuntu/orchids-blindy/.next/server/app/page/app-build-manifest.json'] {
[2026-08-19T17:26:56.040Z] errno: -2,
[2026-08-19T17:26:56.040Z] code: 'ENOENT',
[2026-08-19T17:26:56.040Z] syscall: 'open',
[2026-08-19T17:26:56.040Z] path: '/home/ubuntu/orchids-blindy/.next/server/app/page/app-build-manifest.json'
[2026-08-19T17:26:56.040Z] }
[2026-08-19T17:26:56.081Z] ⨯ [Error: ENOENT: no such file or directory, open '/home/ubuntu/orchids-blindy/.next/static/development/_buildManifest.js.tmp.qjc6z2wm6gn'] {
[2026-08-19T17:26:56.081Z] errno: -2,
[2026-08-19T17:26:56.081Z] code: 'ENOENT',
[2026-08-19T17:26:56.081Z] syscall: 'open',
[2026-08-19T17:26:56.081Z] path: '/home/ubuntu/orchids-blindy/.next/static/development/_buildManifest.js.tmp.qjc6z2wm6gn'
[2026-08-19T17:26:56.081Z] }
[2026-08-19T17:26:56.122Z] [Error: ENOENT: no such file or directory, open '/home/ubuntu/orchids-blindy/.next/server/app/page/app-build-manifest.json'] {
[2026-08-19T17:26:56.122Z] errno: -2,
[2026-08-19T17:26:56.122Z] code: 'ENOENT',
[2026-08-19T17:26:56.122Z] syscall: 'open',
[2026-08-19T17:26:56.122Z] path: '/home/ubuntu/orchids-blindy/.next/server/app/page/app-build-manifest.json'
[2026-08-19T17:26:56.122Z] }
[2026-08-19T17:26:56.157Z] ⨯ [Error: ENOENT: no such file or directory, open '/home/ubuntu/orchids-blindy/.next/static/development/_buildManifest.js.tmp.q1d0ejy5va'] {
[2026-08-19T17:26:56.157Z] errno: -2,
[2026-08-19T17:26:56.157Z] code: 'ENOENT',
[2026-08-19T17:26:56.157Z] syscall: 'open',
[2026-08-19T17:26:56.157Z] path: '/home/ubuntu/orchids-blindy/.next/static/development/_buildManifest.js.tmp.q1d0ejy5va'
[2026-08-19T17:26:56.157Z] }
[2026-08-19T17:26:56.193Z] [Error: ENOENT: no such file or directory, open '/home/ubuntu/orchids-blindy/.next/static/development/_buildManifest.js.tmp.dp2klow30w'] {
[2026-08-19T17:26:56.193Z] errno: -2,
[2026-08-19T17:26:56.193Z] code: 'ENOENT',
[2026-08-19T17:26:56.193Z] syscall: 'open',
[2026-08-19T17:26:56.193Z] path: '/home/ubuntu/orchids-blindy/.next/static/development/_buildManifest.js.tmp.dp2klow30w'
[2026-08-19T17:26:56.193Z] }
[2026-08-19T17:26:57.023Z] ⨯ [Error: ENOENT: no such file or directory, open '/home/ubuntu/orchids-blindy/.next/server/app/page/app-build-manifest.json'] {
[2026-08-19T17:26:57.023Z] errno: -2,
[2026-08-19T17:26:57.023Z] code: 'ENOENT',
[2026-08-19T17:26:57.023Z] syscall: 'open',
[2026-08-19T17:26:57.023Z] path: '/home/ubuntu/orchids-blindy/.next/server/app/page/app-build-manifest.json'
[2026-08-19T17:26:57.023Z] }
[2026-08-19T17:26:57.067Z] ⨯ [Error: ENOENT: no such file or directory, open '/home/ubuntu/orchids-blindy/.next/static/development/_buildManifest.js.tmp.60dieiiqj5v'] {
[2026-08-19T17:26:57.067Z] errno: -2,
[2026-08-19T17:26:57.067Z] code: 'ENOENT',
[2026-08-19T17:26:57.067Z] syscall: 'open',
[2026-08-19T17:26:57.067Z] path: '/home/ubuntu/orchids-blindy/.next/static/development/_buildManifest.js.tmp.60dieiiqj5v'
[2026-08-19T17:26:57.067Z] }
[2026-08-19T17:26:57.105Z] [Error: ENOENT: no such file or directory, open '/home/ubuntu/orchids-blindy/.next/server/app/page/app-build-manifest.json'] {
[2026-08-19T17:26:57.105Z] errno: -2,
[2026-08-19T17:26:57.105Z] code: 'ENOENT',
[2026-08-19T17:26:57.105Z] syscall: 'open',
[2026-08-19T17:26:57.105Z] path: '/home/ubuntu/orchids-blindy/.next/server/app/page/app-build-manifest.json'
[2026-08-19T17:26:57.105Z] }
[2026-08-19T17:26:57.139Z] ⨯ [Error: ENOENT: no such file or directory, open '/home/ubuntu/orchids-blindy/.next/static/development/_buildManifest.js.tmp.43u2htyogy'] {
[2026-08-19T17:26:57.139Z] errno: -2,
[2026-08-19T17:26:57.139Z] code: 'ENOENT',
[2026-08-19T17:26:57.139Z] syscall: 'open',
[2026-08-19T17:26:57.139Z] path: '/home/ubuntu/orchids-blindy/.next/static/development/_buildManifest.js.tmp.43u2htyogy'
[2026-08-19T17:26:57.139Z] }
[2026-08-19T17:26:57.171Z] [Error: ENOENT: no such file or directory, open '/home/ubuntu/orchids-blindy/.next/static/development/_buildManifest.js.tmp.5skym27rv1a'] {
[2026-08-19T17:26:57.171Z] errno: -2,
[2026-08-19T17:26:57.171Z] code: 'ENOENT',
[2026-08-19T17:26:57.171Z] syscall: 'open',
[2026-08-19T17:26:57.171Z] path: '/home/ubuntu/orchids-blindy/.next/static/development/_buildManifest.js.tmp.5skym27rv1a'
[2026-08-19T17:26:57.171Z] }
[2026-08-19T17:26:58.018Z] ⨯ [Error: ENOENT: no such file or directory, open '/home/ubuntu/orchids-blindy/.next/server/app/page/app-build-manifest.json'] {
[2026-08-19T17:26:58.018Z] errno: -2,
[2026-08-19T17:26:58.018Z] code: 'ENOENT',
[2026-08-19T17:26:58.018Z] syscall: 'open',
[2026-08-19T17:26:58.018Z] path: '/home/ubuntu/orchids-blindy/.next/server/app/page/app-build-manifest.json'
[2026-08-19T17:26:58.018Z] }
[2026-08-19T17:26:58.058Z] ⨯ [Error: ENOENT: no such file or directory, open '/home/ubuntu/orchids-blindy/.next/static/development/_buildManifest.js.tmp.awamwardmbb'] {
[2026-08-19T17:26:58.058Z] errno: -2,
[2026-08-19T17:26:58.058Z] code: 'ENOENT',
[2026-08-19T17:26:58.058Z] syscall: 'open',
[2026-08-19T17:26:58.058Z] path: '/home/ubuntu/orchids-blindy/.next/static/development/_buildManifest.js.tmp.awamwardmbb'
[2026-08-19T17:26:58.058Z] }
[2026-08-19T17:26:58.095Z] [Error: ENOENT: no such file or directory, open '/home/ubuntu/orchids-blindy/.next/server/app/page/app-build-manifest.json'] {
[2026-08-19T17:26:58.095Z] errno: -2,
[2026-08-19T17:26:58.095Z] code: 'ENOENT',
[2026-08-19T17:26:58.095Z] syscall: 'open',
[2026-08-19T17:26:58.095Z] path: '/home/ubuntu/orchids-blindy/.next/server/app/page/app-build-manifest.json'
[2026-08-19T17:26:58.095Z] }
[2026-08-19T17:26:58.128Z] ⨯ [Error: ENOENT: no such file or directory, open '/home/ubuntu/orchids-blindy/.next/static/development/_buildManifest.js.tmp.5kiboyfezw8'] {
[2026-08-19T17:26:58.128Z] errno: -2,
[2026-08-19T17:26:58.128Z] code: 'ENOENT',
[2026-08-19T17:26:58.128Z] syscall: 'open',
[2026-08-19T17:26:58.128Z] path: '/home/ubuntu/orchids-blindy/.next/static/development/_buildManifest.js.tmp.5kiboyfezw8'
[2026-08-19T17:26:58.128Z] }
[2026-08-19T17:26:58.161Z] [Error: ENOENT: no such file or directory, open '/home/ubuntu/orchids-blindy/.next/static/development/_buildManifest.js.tmp.up9ican5s3r'] {
[2026-08-19T17:26:58.161Z] errno: -2,
[2026-08-19T17:26:58.161Z] code: 'ENOENT',
[2026-08-19T17:26:58.161Z] syscall: 'open',
[2026-08-19T17:26:58.161Z] path: '/home/ubuntu/orchids-blindy/.next/static/development/_buildManifest.js.tmp.up9ican5s3r'
[2026-08-19T17:26:58.161Z] }
[2026-08-19T17:26:59.021Z] ⨯ [Error: ENOENT: no such file or directory, open '/home/ubuntu/orchids-blindy/.next/server/app/page/app-build-manifest.json'] {
[2026-08-19T17:26:59.021Z] errno: -2,
[2026-08-19T17:26:59.021Z] code: 'ENOENT',
[2026-08-19T17:26:59.021Z] syscall: 'open',
[2026-08-19T17:26:59.021Z] path: '/home/ubuntu/orchids-blindy/.next/server/app/page/app-build-manifest.json'
[2026-08-19T17:26:59.021Z] }
[2026-08-19T17:26:59.068Z] ⨯ [Error: ENOENT: no such file or directory, open '/home/ubuntu/orchids-blindy/.next/static/development/_buildManifest.js.tmp.h4w6x8f1xw6'] {
[2026-08-19T17:26:59.068Z] errno: -2,
[2026-08-19T17:26:59.068Z] code: 'ENOENT',
[2026-08-19T17:26:59.068Z] syscall: 'open',
[2026-08-19T17:26:59.068Z] path: '/home/ubuntu/orchids-blindy/.next/static/development/_buildManifest.js.tmp.h4w6x8f1xw6'
[2026-08-19T17:26:59.068Z] }
[2026-08-19T17:26:59.101Z] ⨯ [Error: ENOENT: no such file or directory, open '/home/ubuntu/orchids-blindy/.next/server/app/page/app-build-manifest.json'] {
[2026-08-19T17:26:59.101Z] errno: -2,
[2026-08-19T17:26:59.101Z] code: 'ENOENT',
[2026-08-19T17:26:59.101Z] syscall: 'open',
[2026-08-19T17:26:59.101Z] path: '/home/ubuntu/orchids-blindy/.next/server/app/page/app-build-manifest.json'
[2026-08-19T17:26:59.101Z] }
[2026-08-19T17:26:59.140Z] [Error: ENOENT: no such file or directory, open '/home/ubuntu/orchids-blindy/.next/server/app/page/app-build-manifest.json'] {
[2026-08-19T17:26:59.140Z] errno: -2,
[2026-08-19T17:26:59.140Z] code: 'ENOENT',
[2026-08-19T17:26:59.140Z] syscall: 'open',
[2026-08-19T17:26:59.140Z] path: '/home/ubuntu/orchids-blindy/.next/server/app/page/app-build-manifest.json'
[2026-08-19T17:26:59.140Z] }
[2026-08-19T17:26:59.175Z] ⨯ [Error: ENOENT: no such file or directory, open '/home/ubuntu/orchids-blindy/.next/static/development/_buildManifest.js.tmp.prcub4c4c8n'] {
[2026-08-19T17:26:59.175Z] errno: -2,
[2026-08-19T17:26:59.175Z] code: 'ENOENT',
[2026-08-19T17:26:59.175Z] syscall: 'open',
[2026-08-19T17:26:59.175Z] path: '/home/ubuntu/orchids-blindy/.next/static/development/_buildManifest.js.tmp.prcub4c4c8n'
[2026-08-19T17:26:59.175Z] }
[2026-08-19T17:26:59.182Z] [ELIFECYCLE] Command failed.
[2026-08-19T17:26:59.335Z] [?25h
[2026-08-19T17:26:59.344Z] Dev server exited with code -1
[2026-08-19T17:27:00.374Z] Starting dev server with command: pnpm run dev
[2026-08-19T17:27:00.903Z] $ next dev --turbopack
[2026-08-19T17:27:02.449Z] ▲ Next.js 15.5.7 (Turbopack)
[2026-08-19T17:27:02.449Z] - Local:        http://localhost:3000
[2026-08-19T17:27:02.450Z] - Network:      http://169.254.0.21:3000
[2026-08-19T17:27:02.450Z] ✓ Starting...
[2026-08-19T17:27:03.281Z] ✓ Ready in 1327ms
[2026-08-19T17:27:03.794Z] ○ Compiling / ...
[2026-08-19T17:27:11.156Z] ✓ Compiled / in 7.9s
[2026-08-19T17:27:11.969Z] [PomodoroTimer] Initial categoryDurations from settings: { produtividade: 25, estudos: 50, descanso: 15 }
[2026-08-19T17:27:12.038Z] HEAD /?from_webdev=1 200 in 5020ms
[2026-08-19T17:27:12.098Z] [PomodoroTimer] Initial categoryDurations from settings: { produtividade: 25, estudos: 50, descanso: 15 }
[2026-08-19T17:27:12.132Z] HEAD /?from_webdev=1 200 in 8144ms
[2026-08-19T17:27:12.194Z] [PomodoroTimer] Initial categoryDurations from settings: { produtividade: 25, estudos: 50, descanso: 15 }
[2026-08-19T17:27:12.283Z] [PomodoroTimer] Initial categoryDurations from settings: { produtividade: 25, estudos: 50, descanso: 15 }
[2026-08-19T17:27:12.315Z] HEAD /?from_webdev=1 200 in 2329ms
[2026-08-19T17:27:12.402Z] [PomodoroTimer] Initial categoryDurations from settings: { produtividade: 25, estudos: 50, descanso: 15 }
[2026-08-19T17:27:12.436Z] HEAD /?from_webdev=1 200 in 7448ms
[2026-08-19T17:27:12.463Z] [PomodoroTimer] Initial categoryDurations from settings: { produtividade: 25, estudos: 50, descanso: 15 }
[2026-08-19T17:27:12.497Z] HEAD / 200 in 9205ms
[2026-08-19T17:27:12.553Z] [PomodoroTimer] Initial categoryDurations from settings: { produtividade: 25, estudos: 50, descanso: 15 }
[2026-08-19T17:27:12.586Z] HEAD /?from_webdev=1 200 in 6599ms
[2026-08-19T17:27:12.655Z] [PomodoroTimer] Initial categoryDurations from settings: { produtividade: 25, estudos: 50, descanso: 15 }
[2026-08-19T17:27:12.681Z] HEAD /?from_webdev=1 200 in 1692ms
[2026-08-19T17:27:12.705Z] [PomodoroTimer] Initial categoryDurations from settings: { produtividade: 25, estudos: 50, descanso: 15 }
[2026-08-19T17:27:12.732Z] HEAD /?from_webdev=1 200 in 4736ms
[2026-08-19T17:27:12.784Z] [PomodoroTimer] Initial categoryDurations from settings: { produtividade: 25, estudos: 50, descanso: 15 }
[2026-08-19T17:27:12.811Z] HEAD /?from_webdev=1 200 in 9523ms
[2026-08-19T17:27:12.859Z] [PomodoroTimer] Initial categoryDurations from settings: { produtividade: 25, estudos: 50, descanso: 15 }
[2026-08-19T17:27:12.884Z] HEAD /?from_webdev=1 200 in 9592ms
[2026-08-19T17:27:12.929Z] [PomodoroTimer] Initial categoryDurations from settings: { produtividade: 25, estudos: 50, descanso: 15 }
[2026-08-19T17:27:12.955Z] HEAD /?from_webdev=1 200 in 3967ms
[2026-08-19T17:27:12.977Z] GET / 200 in 3963ms
[2026-08-19T17:27:13.075Z] [PomodoroTimer] Initial categoryDurations from settings: { produtividade: 25, estudos: 50, descanso: 15 }
[2026-08-19T17:27:13.107Z] HEAD /?from_webdev=1 200 in 859ms
[2026-08-19T17:27:13.149Z] [PomodoroTimer] Initial categoryDurations from settings: { produtividade: 25, estudos: 50, descanso: 15 }
[2026-08-19T17:27:13.250Z] [PomodoroTimer] Initial categoryDurations from settings: { produtividade: 25, estudos: 50, descanso: 15 }
[2026-08-19T17:27:13.289Z] GET /?from_webdev=1 200 in 329ms
[2026-08-19T17:27:13.467Z] [PomodoroTimer] Initial categoryDurations from settings: { produtividade: 25, estudos: 50, descanso: 15 }
[2026-08-19T17:27:13.510Z] GET /?from_webdev=1 200 in 135ms
[2026-08-19T17:27:13.586Z] [PomodoroTimer] Initial categoryDurations from settings: { produtividade: 25, estudos: 50, descanso: 15 }
[2026-08-19T17:27:13.612Z] HEAD / 200 in 111ms
[2026-08-19T17:27:15.075Z] [PomodoroTimer] Initial categoryDurations from settings: { produtividade: 25, estudos: 50, descanso: 15 }
[2026-08-19T17:27:15.122Z] GET /?from_webdev=1 200 in 131ms
[2026-08-19T17:27:16.675Z] ⚠ Blocked cross-origin request from 3000-ih0lty215c9qdqm3to6te-a91e88fb.us4.manus.computer to /_next/* resource. To allow this, configure "allowedDevOrigins" in next.config
[2026-08-19T17:27:16.675Z] Read more: https://nextjs.org/docs/app/api-reference/config/next-config-js/allowedDevOrigins
[2026-08-19T17:27:17.485Z] ✓ Compiled /api/pomodoro/get-settings in 489ms
[2026-08-19T17:27:17.816Z] [API /pomodoro/get-settings] Starting request...
[2026-08-19T17:27:18.002Z] [API /pomodoro/get-settings] User authenticated: 57fc7b0a-5ba0-42fb-ad0c-f15ee32c6df3
[2026-08-19T17:27:18.223Z] [API /pomodoro/get-settings] Categories response: {
[2026-08-19T17:27:18.223Z] count: 3,
[2026-08-19T17:27:18.223Z] error: undefined,
[2026-08-19T17:27:18.223Z] data: [
[2026-08-19T17:27:18.223Z] {
[2026-08-19T17:27:18.223Z] id: '67040b77-248a-420d-8be2-5c5eca65ca8f',
[2026-08-19T17:27:18.223Z] user_id: '57fc7b0a-5ba0-42fb-ad0c-f15ee32c6df3',
[2026-08-19T17:27:18.223Z] name: 'Produzindo',
[2026-08-19T17:27:18.223Z] color: '#ff6600',
[2026-08-19T17:27:18.223Z] duration_minutes: 57,
[2026-08-19T17:27:18.223Z] created_at: '2026-01-19T22:01:03.082007+00:00'
[2026-08-19T17:27:18.223Z] },
[2026-08-19T17:27:18.223Z] {
[2026-08-19T17:27:18.223Z] id: '5e6728b1-cde5-4c8b-a296-116604eadee0',
[2026-08-19T17:27:18.223Z] user_id: '57fc7b0a-5ba0-42fb-ad0c-f15ee32c6df3',
[2026-08-19T17:27:18.223Z] name: 'Estudando',
[2026-08-19T17:27:18.223Z] color: '#002aff',
[2026-08-19T17:27:18.223Z] duration_minutes: 30,
[2026-08-19T17:27:18.223Z] created_at: '2026-01-19T22:01:03.284823+00:00'
[2026-08-19T17:27:18.223Z] },
[2026-08-19T17:27:18.223Z] {
[2026-08-19T17:27:18.223Z] id: '4ec39e04-b451-4c7a-845d-571dc624e600',
[2026-08-19T17:27:18.223Z] user_id: '57fc7b0a-5ba0-42fb-ad0c-f15ee32c6df3',
[2026-08-19T17:27:18.223Z] name: 'Conteúdos',
[2026-08-19T17:27:18.223Z] color: '#00d13f',
[2026-08-19T17:27:18.223Z] duration_minutes: 27,
[2026-08-19T17:27:18.223Z] created_at: '2026-01-19T22:01:03.486292+00:00'
[2026-08-19T17:27:18.223Z] }
[2026-08-19T17:27:18.223Z] ]
[2026-08-19T17:27:18.223Z] }
[2026-08-19T17:27:18.223Z] [API /pomodoro/get-settings] Settings response: {
[2026-08-19T17:27:18.223Z] data: {
[2026-08-19T17:27:18.223Z] id: '6729871f-4efa-4304-a753-1f7dd1859400',
[2026-08-19T17:27:18.223Z] user_id: '57fc7b0a-5ba0-42fb-ad0c-f15ee32c6df3',
[2026-08-19T17:27:18.223Z] short_break_minutes: 5,
[2026-08-19T17:27:18.223Z] long_break_minutes: 15,
[2026-08-19T17:27:18.223Z] cycles_until_long_break: 4,
[2026-08-19T17:27:18.223Z] updated_at: '2026-01-31T22:04:42.725+00:00'
[2026-08-19T17:27:18.223Z] },
[2026-08-19T17:27:18.223Z] error: undefined
[2026-08-19T17:27:18.223Z] }
[2026-08-19T17:27:18.223Z] [API /pomodoro/get-settings] Sessions response: { count: 19, error: undefined }
[2026-08-19T17:27:18.223Z] [API /pomodoro/get-settings] Returning settings with 19 sessions
[2026-08-19T17:27:18.226Z] GET /api/pomodoro/get-settings 200 in 1233ms
[2026-08-19T17:28:17.257Z] [API /pomodoro/get-settings] Starting request...
[2026-08-19T17:28:17.404Z] [API /pomodoro/get-settings] User authenticated: 57fc7b0a-5ba0-42fb-ad0c-f15ee32c6df3
[2026-08-19T17:28:17.563Z] [API /pomodoro/get-settings] Categories response: {
[2026-08-19T17:28:17.563Z] count: 3,
[2026-08-19T17:28:17.563Z] error: undefined,
[2026-08-19T17:28:17.563Z] data: [
[2026-08-19T17:28:17.563Z] {
[2026-08-19T17:28:17.564Z] id: '67040b77-248a-420d-8be2-5c5eca65ca8f',
[2026-08-19T17:28:17.564Z] user_id: '57fc7b0a-5ba0-42fb-ad0c-f15ee32c6df3',
[2026-08-19T17:28:17.564Z] name: 'Produzindo',
[2026-08-19T17:28:17.564Z] color: '#ff6600',
[2026-08-19T17:28:17.564Z] duration_minutes: 57,
[2026-08-19T17:28:17.564Z] created_at: '2026-01-19T22:01:03.082007+00:00'
[2026-08-19T17:28:17.564Z] },
[2026-08-19T17:28:17.564Z] {
[2026-08-19T17:28:17.564Z] id: '5e6728b1-cde5-4c8b-a296-116604eadee0',
[2026-08-19T17:28:17.564Z] user_id: '57fc7b0a-5ba0-42fb-ad0c-f15ee32c6df3',
[2026-08-19T17:28:17.564Z] name: 'Estudando',
[2026-08-19T17:28:17.564Z] color: '#002aff',
[2026-08-19T17:28:17.564Z] duration_minutes: 30,
[2026-08-19T17:28:17.564Z] created_at: '2026-01-19T22:01:03.284823+00:00'
[2026-08-19T17:28:17.564Z] },
[2026-08-19T17:28:17.564Z] {
[2026-08-19T17:28:17.564Z] id: '4ec39e04-b451-4c7a-845d-571dc624e600',
[2026-08-19T17:28:17.564Z] user_id: '57fc7b0a-5ba0-42fb-ad0c-f15ee32c6df3',
[2026-08-19T17:28:17.564Z] name: 'Conteúdos',
[2026-08-19T17:28:17.564Z] color: '#00d13f',
[2026-08-19T17:28:17.564Z] duration_minutes: 27,
[2026-08-19T17:28:17.564Z] created_at: '2026-01-19T22:01:03.486292+00:00'
[2026-08-19T17:28:17.564Z] }
[2026-08-19T17:28:17.564Z] ]
[2026-08-19T17:28:17.564Z] }
[2026-08-19T17:28:17.564Z] [API /pomodoro/get-settings] Settings response: {
[2026-08-19T17:28:17.564Z] data: {
[2026-08-19T17:28:17.564Z] id: '6729871f-4efa-4304-a753-1f7dd1859400',
[2026-08-19T17:28:17.564Z] user_id: '57fc7b0a-5ba0-42fb-ad0c-f15ee32c6df3',
[2026-08-19T17:28:17.564Z] short_break_minutes: 5,
[2026-08-19T17:28:17.564Z] long_break_minutes: 15,
[2026-08-19T17:28:17.564Z] cycles_until_long_break: 4,
[2026-08-19T17:28:17.564Z] updated_at: '2026-01-31T22:04:42.725+00:00'
[2026-08-19T17:28:17.564Z] },
[2026-08-19T17:28:17.564Z] error: undefined
[2026-08-19T17:28:17.564Z] }
[2026-08-19T17:28:17.564Z] [API /pomodoro/get-settings] Sessions response: { count: 19, error: undefined }
[2026-08-19T17:28:17.564Z] [API /pomodoro/get-settings] Returning settings with 19 sessions
[2026-08-19T17:28:17.565Z] GET /api/pomodoro/get-settings 200 in 564ms
[2026-08-19T17:28:36.421Z] [PomodoroTimer] Initial categoryDurations from settings: { produtividade: 25, estudos: 50, descanso: 15 }
[2026-08-19T17:28:36.465Z] GET /?from_webdev=1 200 in 133ms
[2026-08-19T17:28:41.861Z] [PomodoroTimer] Initial categoryDurations from settings: { produtividade: 25, estudos: 50, descanso: 15 }
[2026-08-19T17:28:41.898Z] HEAD / 200 in 129ms
[2026-08-19T17:28:43.082Z] [PomodoroTimer] Initial categoryDurations from settings: { produtividade: 25, estudos: 50, descanso: 15 }
[2026-08-19T17:28:43.129Z] GET /?from_webdev=1 200 in 135ms
[2026-08-19T17:29:17.200Z] [PomodoroTimer] Initial categoryDurations from settings: { produtividade: 25, estudos: 50, descanso: 15 }
[2026-08-19T17:29:17.242Z] [API /pomodoro/get-settings] Starting request...
[2026-08-19T17:29:17.254Z] GET /?from_webdev=1 200 in 138ms
[2026-08-19T17:29:17.425Z] [API /pomodoro/get-settings] User authenticated: 57fc7b0a-5ba0-42fb-ad0c-f15ee32c6df3
[2026-08-19T17:29:17.616Z] [API /pomodoro/get-settings] Categories response: {
[2026-08-19T17:29:17.616Z] count: 3,
[2026-08-19T17:29:17.616Z] error: undefined,
[2026-08-19T17:29:17.616Z] data: [
[2026-08-19T17:29:17.616Z] {
[2026-08-19T17:29:17.616Z] id: '67040b77-248a-420d-8be2-5c5eca65ca8f',
[2026-08-19T17:29:17.616Z] user_id: '57fc7b0a-5ba0-42fb-ad0c-f15ee32c6df3',
[2026-08-19T17:29:17.616Z] name: 'Produzindo',
[2026-08-19T17:29:17.616Z] color: '#ff6600',
[2026-08-19T17:29:17.616Z] duration_minutes: 57,
[2026-08-19T17:29:17.616Z] created_at: '2026-01-19T22:01:03.082007+00:00'
[2026-08-19T17:29:17.616Z] },
[2026-08-19T17:29:17.616Z] {
[2026-08-19T17:29:17.616Z] id: '5e6728b1-cde5-4c8b-a296-116604eadee0',
[2026-08-19T17:29:17.616Z] user_id: '57fc7b0a-5ba0-42fb-ad0c-f15ee32c6df3',
[2026-08-19T17:29:17.616Z] name: 'Estudando',
[2026-08-19T17:29:17.616Z] color: '#002aff',
[2026-08-19T17:29:17.616Z] duration_minutes: 30,
[2026-08-19T17:29:17.616Z] created_at: '2026-01-19T22:01:03.284823+00:00'
[2026-08-19T17:29:17.616Z] },
[2026-08-19T17:29:17.616Z] {
[2026-08-19T17:29:17.616Z] id: '4ec39e04-b451-4c7a-845d-571dc624e600',
[2026-08-19T17:29:17.616Z] user_id: '57fc7b0a-5ba0-42fb-ad0c-f15ee32c6df3',
[2026-08-19T17:29:17.616Z] name: 'Conteúdos',
[2026-08-19T17:29:17.616Z] color: '#00d13f',
[2026-08-19T17:29:17.616Z] duration_minutes: 27,
[2026-08-19T17:29:17.616Z] created_at: '2026-01-19T22:01:03.486292+00:00'
[2026-08-19T17:29:17.616Z] }
[2026-08-19T17:29:17.616Z] ]
[2026-08-19T17:29:17.616Z] }
[2026-08-19T17:29:17.616Z] [API /pomodoro/get-settings] Settings response: {
[2026-08-19T17:29:17.616Z] data: {
[2026-08-19T17:29:17.616Z] id: '6729871f-4efa-4304-a753-1f7dd1859400',
[2026-08-19T17:29:17.616Z] user_id: '57fc7b0a-5ba0-42fb-ad0c-f15ee32c6df3',
[2026-08-19T17:29:17.616Z] short_break_minutes: 5,
[2026-08-19T17:29:17.616Z] long_break_minutes: 15,
[2026-08-19T17:29:17.616Z] cycles_until_long_break: 4,
[2026-08-19T17:29:17.616Z] updated_at: '2026-01-31T22:04:42.725+00:00'
[2026-08-19T17:29:17.616Z] },
[2026-08-19T17:29:17.616Z] error: undefined
[2026-08-19T17:29:17.616Z] }
[2026-08-19T17:29:17.616Z] [API /pomodoro/get-settings] Sessions response: { count: 19, error: undefined }
[2026-08-19T17:29:17.616Z] [API /pomodoro/get-settings] Returning settings with 19 sessions
[2026-08-19T17:29:17.617Z] GET /api/pomodoro/get-settings 200 in 622ms
[2026-08-19T17:29:22.029Z] [PomodoroTimer] Initial categoryDurations from settings: { produtividade: 25, estudos: 50, descanso: 15 }
[2026-08-19T17:29:22.056Z] HEAD / 200 in 109ms
[2026-08-19T17:29:23.068Z] [PomodoroTimer] Initial categoryDurations from settings: { produtividade: 25, estudos: 50, descanso: 15 }
[2026-08-19T17:29:23.105Z] GET /?from_webdev=1 200 in 112ms
[2026-08-19T17:29:49.471Z] [PomodoroTimer] Initial categoryDurations from settings: { produtividade: 25, estudos: 50, descanso: 15 }
[2026-08-19T17:29:49.542Z] GET /?from_webdev=1 200 in 772ms
[2026-08-19T17:29:54.243Z] [PomodoroTimer] Initial categoryDurations from settings: { produtividade: 25, estudos: 50, descanso: 15 }
[2026-08-19T17:29:54.276Z] HEAD / 200 in 124ms
[2026-08-19T17:29:55.082Z] [PomodoroTimer] Initial categoryDurations from settings: { produtividade: 25, estudos: 50, descanso: 15 }
[2026-08-19T17:29:55.123Z] GET /?from_webdev=1 200 in 128ms
[2026-08-19T17:30:01.487Z] [PomodoroTimer] Initial categoryDurations from settings: { produtividade: 25, estudos: 50, descanso: 15 }
[2026-08-19T17:30:01.543Z] GET /?from_webdev=1 200 in 696ms
[2026-08-19T17:30:06.098Z] [PomodoroTimer] Initial categoryDurations from settings: { produtividade: 25, estudos: 50, descanso: 15 }
[2026-08-19T17:30:06.131Z] HEAD / 200 in 126ms
[2026-08-19T17:30:07.088Z] [PomodoroTimer] Initial categoryDurations from settings: { produtividade: 25, estudos: 50, descanso: 15 }
[2026-08-19T17:30:07.131Z] GET /?from_webdev=1 200 in 127ms
[2026-08-19T17:30:17.263Z] [API /pomodoro/get-settings] Starting request...
[2026-08-19T17:30:17.434Z] [API /pomodoro/get-settings] User authenticated: 57fc7b0a-5ba0-42fb-ad0c-f15ee32c6df3
[2026-08-19T17:30:17.579Z] [API /pomodoro/get-settings] Categories response: {
[2026-08-19T17:30:17.579Z] count: 3,
[2026-08-19T17:30:17.579Z] error: undefined,
[2026-08-19T17:30:17.579Z] data: [
[2026-08-19T17:30:17.579Z] {
[2026-08-19T17:30:17.579Z] id: '67040b77-248a-420d-8be2-5c5eca65ca8f',
[2026-08-19T17:30:17.579Z] user_id: '57fc7b0a-5ba0-42fb-ad0c-f15ee32c6df3',
[2026-08-19T17:30:17.579Z] name: 'Produzindo',
[2026-08-19T17:30:17.579Z] color: '#ff6600',
[2026-08-19T17:30:17.579Z] duration_minutes: 57,
[2026-08-19T17:30:17.579Z] created_at: '2026-01-19T22:01:03.082007+00:00'
[2026-08-19T17:30:17.579Z] },
[2026-08-19T17:30:17.579Z] {
[2026-08-19T17:30:17.579Z] id: '5e6728b1-cde5-4c8b-a296-116604eadee0',
[2026-08-19T17:30:17.579Z] user_id: '57fc7b0a-5ba0-42fb-ad0c-f15ee32c6df3',
[2026-08-19T17:30:17.579Z] name: 'Estudando',
[2026-08-19T17:30:17.579Z] color: '#002aff',
[2026-08-19T17:30:17.579Z] duration_minutes: 30,
[2026-08-19T17:30:17.579Z] created_at: '2026-01-19T22:01:03.284823+00:00'
[2026-08-19T17:30:17.579Z] },
[2026-08-19T17:30:17.579Z] {
[2026-08-19T17:30:17.579Z] id: '4ec39e04-b451-4c7a-845d-571dc624e600',
[2026-08-19T17:30:17.579Z] user_id: '57fc7b0a-5ba0-42fb-ad0c-f15ee32c6df3',
[2026-08-19T17:30:17.579Z] name: 'Conteúdos',
[2026-08-19T17:30:17.579Z] color: '#00d13f',
[2026-08-19T17:30:17.579Z] duration_minutes: 27,
[2026-08-19T17:30:17.579Z] created_at: '2026-01-19T22:01:03.486292+00:00'
[2026-08-19T17:30:17.579Z] }
[2026-08-19T17:30:17.580Z] ]
[2026-08-19T17:30:17.580Z] }
[2026-08-19T17:30:17.580Z] [API /pomodoro/get-settings] Settings response: {
[2026-08-19T17:30:17.580Z] data: {
[2026-08-19T17:30:17.580Z] id: '6729871f-4efa-4304-a753-1f7dd1859400',
[2026-08-19T17:30:17.580Z] user_id: '57fc7b0a-5ba0-42fb-ad0c-f15ee32c6df3',
[2026-08-19T17:30:17.580Z] short_break_minutes: 5,
[2026-08-19T17:30:17.580Z] long_break_minutes: 15,
[2026-08-19T17:30:17.580Z] cycles_until_long_break: 4,
[2026-08-19T17:30:17.580Z] updated_at: '2026-01-31T22:04:42.725+00:00'
[2026-08-19T17:30:17.580Z] },
[2026-08-19T17:30:17.580Z] error: undefined
[2026-08-19T17:30:17.580Z] }
[2026-08-19T17:30:17.580Z] [API /pomodoro/get-settings] Sessions response: { count: 19, error: undefined }
[2026-08-19T17:30:17.580Z] [API /pomodoro/get-settings] Returning settings with 19 sessions
[2026-08-19T17:30:17.582Z] GET /api/pomodoro/get-settings 200 in 578ms
[2026-08-19T17:31:17.139Z] ⨯ [Error: ENOENT: no such file or directory, open '/home/ubuntu/orchids-blindy/.next/server/app/api/pomodoro/get-settings/[__metadata_id__]/route/app-paths-manifest.json'] {
[2026-08-19T17:31:17.139Z] errno: -2,
[2026-08-19T17:31:17.140Z] code: 'ENOENT',
[2026-08-19T17:31:17.140Z] syscall: 'open',
[2026-08-19T17:31:17.140Z] path: '/home/ubuntu/orchids-blindy/.next/server/app/api/pomodoro/get-settings/[__metadata_id__]/route/app-paths-manifest.json'
[2026-08-19T17:31:17.140Z] }
[2026-08-19T17:31:17.642Z] ○ Compiling /_error ...
[2026-08-19T17:31:18.769Z] ✓ Compiled /_error in 1627ms
[2026-08-19T17:31:18.801Z] ⨯ [Error: ENOENT: no such file or directory, open '/home/ubuntu/orchids-blindy/.next/static/development/_buildManifest.js.tmp.7c0csveftci'] {
[2026-08-19T17:31:18.801Z] errno: -2,
[2026-08-19T17:31:18.801Z] code: 'ENOENT',
[2026-08-19T17:31:18.801Z] syscall: 'open',
[2026-08-19T17:31:18.801Z] path: '/home/ubuntu/orchids-blindy/.next/static/development/_buildManifest.js.tmp.7c0csveftci'
[2026-08-19T17:31:18.801Z] }
[2026-08-19T17:31:18.842Z] [Error: ENOENT: no such file or directory, open '/home/ubuntu/orchids-blindy/.next/server/app/api/pomodoro/get-settings/[__metadata_id__]/route/app-paths-manifest.json'] {
[2026-08-19T17:31:18.842Z] errno: -2,
[2026-08-19T17:31:18.842Z] code: 'ENOENT',
[2026-08-19T17:31:18.842Z] syscall: 'open',
[2026-08-19T17:31:18.842Z] path: '/home/ubuntu/orchids-blindy/.next/server/app/api/pomodoro/get-settings/[__metadata_id__]/route/app-paths-manifest.json'
[2026-08-19T17:31:18.842Z] }
[2026-08-19T17:31:18.910Z] ⨯ [Error: ENOENT: no such file or directory, open '/home/ubuntu/orchids-blindy/.next/static/development/_buildManifest.js.tmp.ub2gnuedgm'] {
[2026-08-19T17:31:18.910Z] errno: -2,
[2026-08-19T17:31:18.910Z] code: 'ENOENT',
[2026-08-19T17:31:18.910Z] syscall: 'open',
[2026-08-19T17:31:18.910Z] path: '/home/ubuntu/orchids-blindy/.next/static/development/_buildManifest.js.tmp.ub2gnuedgm'
[2026-08-19T17:31:18.910Z] }
[2026-08-19T17:31:18.956Z] [Error: ENOENT: no such file or directory, open '/home/ubuntu/orchids-blindy/.next/static/development/_buildManifest.js.tmp.avi7nw2v4xo'] {
[2026-08-19T17:31:18.956Z] errno: -2,
[2026-08-19T17:31:18.956Z] code: 'ENOENT',
[2026-08-19T17:31:18.956Z] syscall: 'open',
[2026-08-19T17:31:18.956Z] path: '/home/ubuntu/orchids-blindy/.next/static/development/_buildManifest.js.tmp.avi7nw2v4xo'
[2026-08-19T17:31:18.956Z] }
[2026-08-19T17:31:35.379Z] [ELIFECYCLE] Command failed.
[2026-08-19T17:31:35.466Z] [?25h
[2026-08-19T17:31:35.475Z] Dev server exited with code -1
[2026-08-19T17:31:36.568Z] Starting dev server with command: pnpm run dev
[2026-08-19T17:31:37.066Z] $ next dev --turbopack
[2026-08-19T17:31:38.527Z] ▲ Next.js 15.5.7 (Turbopack)
[2026-08-19T17:31:38.527Z] - Local:        http://localhost:3000
[2026-08-19T17:31:38.527Z] - Network:      http://169.254.0.21:3000
[2026-08-19T17:31:38.527Z] ✓ Starting...
[2026-08-19T17:31:39.380Z] ✓ Ready in 1319ms
[2026-08-19T17:31:39.894Z] ○ Compiling / ...
[2026-08-19T17:31:46.984Z] ✓ Compiled / in 7.6s
[2026-08-19T17:31:47.707Z] [PomodoroTimer] Initial categoryDurations from settings: { produtividade: 25, estudos: 50, descanso: 15 }
[2026-08-19T17:31:47.810Z] GET / 200 in 8424ms
[2026-08-19T17:31:48.364Z] ⚠ Blocked cross-origin request from 127.0.0.1 to /_next/* resource. To allow this, configure "allowedDevOrigins" in next.config
[2026-08-19T17:31:48.364Z] Read more: https://nextjs.org/docs/app/api-reference/config/next-config-js/allowedDevOrigins
[2026-08-19T17:32:01.111Z] [PomodoroTimer] Initial categoryDurations from settings: { produtividade: 25, estudos: 50, descanso: 15 }
[2026-08-19T17:32:01.165Z] GET / 200 in 147ms
[2026-08-19T17:32:04.755Z] ⚠ Blocked cross-origin request from 3000-ih0lty215c9qdqm3to6te-a91e88fb.us4.manus.computer to /_next/* resource. To allow this, configure "allowedDevOrigins" in next.config
[2026-08-19T17:32:04.755Z] Read more: https://nextjs.org/docs/app/api-reference/config/next-config-js/allowedDevOrigins
[2026-08-19T17:32:05.497Z] ○ Compiling /api/pomodoro/get-settings ...
[2026-08-19T17:32:05.513Z] ✓ Compiled /api/pomodoro/get-settings in 518ms
[2026-08-19T17:32:05.858Z] [API /pomodoro/get-settings] Starting request...
[2026-08-19T17:32:06.269Z] [API /pomodoro/get-settings] User authenticated: 57fc7b0a-5ba0-42fb-ad0c-f15ee32c6df3
[2026-08-19T17:32:06.405Z] [API /pomodoro/get-settings] Categories response: {
[2026-08-19T17:32:06.405Z] count: 3,
[2026-08-19T17:32:06.405Z] error: undefined,
[2026-08-19T17:32:06.406Z] data: [
[2026-08-19T17:32:06.406Z] {
[2026-08-19T17:32:06.406Z] id: '67040b77-248a-420d-8be2-5c5eca65ca8f',
[2026-08-19T17:32:06.406Z] user_id: '57fc7b0a-5ba0-42fb-ad0c-f15ee32c6df3',
[2026-08-19T17:32:06.406Z] name: 'Produzindo',
[2026-08-19T17:32:06.406Z] color: '#ff6600',
[2026-08-19T17:32:06.406Z] duration_minutes: 57,
[2026-08-19T17:32:06.406Z] created_at: '2026-01-19T22:01:03.082007+00:00'
[2026-08-19T17:32:06.406Z] },
[2026-08-19T17:32:06.406Z] {
[2026-08-19T17:32:06.406Z] id: '5e6728b1-cde5-4c8b-a296-116604eadee0',
[2026-08-19T17:32:06.406Z] user_id: '57fc7b0a-5ba0-42fb-ad0c-f15ee32c6df3',
[2026-08-19T17:32:06.406Z] name: 'Estudando',
[2026-08-19T17:32:06.406Z] color: '#002aff',
[2026-08-19T17:32:06.406Z] duration_minutes: 30,
[2026-08-19T17:32:06.406Z] created_at: '2026-01-19T22:01:03.284823+00:00'
[2026-08-19T17:32:06.406Z] },
[2026-08-19T17:32:06.406Z] {
[2026-08-19T17:32:06.406Z] id: '4ec39e04-b451-4c7a-845d-571dc624e600',
[2026-08-19T17:32:06.406Z] user_id: '57fc7b0a-5ba0-42fb-ad0c-f15ee32c6df3',
[2026-08-19T17:32:06.406Z] name: 'Conteúdos',
[2026-08-19T17:32:06.406Z] color: '#00d13f',
[2026-08-19T17:32:06.406Z] duration_minutes: 27,
[2026-08-19T17:32:06.406Z] created_at: '2026-01-19T22:01:03.486292+00:00'
[2026-08-19T17:32:06.406Z] }
[2026-08-19T17:32:06.406Z] ]
[2026-08-19T17:32:06.406Z] }
[2026-08-19T17:32:06.406Z] [API /pomodoro/get-settings] Settings response: {
[2026-08-19T17:32:06.406Z] data: {
[2026-08-19T17:32:06.406Z] id: '6729871f-4efa-4304-a753-1f7dd1859400',
[2026-08-19T17:32:06.406Z] user_id: '57fc7b0a-5ba0-42fb-ad0c-f15ee32c6df3',
[2026-08-19T17:32:06.406Z] short_break_minutes: 5,
[2026-08-19T17:32:06.406Z] long_break_minutes: 15,
[2026-08-19T17:32:06.406Z] cycles_until_long_break: 4,
[2026-08-19T17:32:06.406Z] updated_at: '2026-01-31T22:04:42.725+00:00'
[2026-08-19T17:32:06.406Z] },
[2026-08-19T17:32:06.406Z] error: undefined
[2026-08-19T17:32:06.406Z] }
[2026-08-19T17:32:06.406Z] [API /pomodoro/get-settings] Sessions response: { count: 19, error: undefined }
[2026-08-19T17:32:06.406Z] [API /pomodoro/get-settings] Returning settings with 19 sessions
[2026-08-19T17:32:06.409Z] GET /api/pomodoro/get-settings 200 in 1417ms
[2026-08-19T17:32:39.412Z] [PomodoroTimer] Initial categoryDurations from settings: { produtividade: 25, estudos: 50, descanso: 15 }
[2026-08-19T17:32:39.466Z] GET /?from_webdev=1 200 in 168ms
[2026-08-19T17:32:44.736Z] [PomodoroTimer] Initial categoryDurations from settings: { produtividade: 25, estudos: 50, descanso: 15 }
[2026-08-19T17:32:44.766Z] HEAD / 200 in 123ms
[2026-08-19T17:32:46.094Z] [PomodoroTimer] Initial categoryDurations from settings: { produtividade: 25, estudos: 50, descanso: 15 }
[2026-08-19T17:32:46.137Z] GET /?from_webdev=1 200 in 139ms
[2026-08-19T17:32:49.971Z] [PomodoroTimer] Initial categoryDurations from settings: { produtividade: 25, estudos: 50, descanso: 15 }
[2026-08-19T17:32:50.019Z] GET /?from_webdev=1 200 in 129ms
[2026-08-19T17:32:55.308Z] [PomodoroTimer] Initial categoryDurations from settings: { produtividade: 25, estudos: 50, descanso: 15 }
[2026-08-19T17:32:55.340Z] HEAD / 200 in 115ms
[2026-08-19T17:32:56.076Z] [PomodoroTimer] Initial categoryDurations from settings: { produtividade: 25, estudos: 50, descanso: 15 }
[2026-08-19T17:32:56.123Z] GET /?from_webdev=1 200 in 124ms
[2026-08-19T17:33:05.271Z] [API /pomodoro/get-settings] Starting request...
[2026-08-19T17:33:05.436Z] [API /pomodoro/get-settings] User authenticated: 57fc7b0a-5ba0-42fb-ad0c-f15ee32c6df3
[2026-08-19T17:33:05.624Z] [API /pomodoro/get-settings] Categories response: {
[2026-08-19T17:33:05.625Z] count: 3,
[2026-08-19T17:33:05.625Z] error: undefined,
[2026-08-19T17:33:05.625Z] data: [
[2026-08-19T17:33:05.625Z] {
[2026-08-19T17:33:05.625Z] id: '67040b77-248a-420d-8be2-5c5eca65ca8f',
[2026-08-19T17:33:05.625Z] user_id: '57fc7b0a-5ba0-42fb-ad0c-f15ee32c6df3',
[2026-08-19T17:33:05.625Z] name: 'Produzindo',
[2026-08-19T17:33:05.625Z] color: '#ff6600',
[2026-08-19T17:33:05.625Z] duration_minutes: 57,
[2026-08-19T17:33:05.625Z] created_at: '2026-01-19T22:01:03.082007+00:00'
[2026-08-19T17:33:05.625Z] },
[2026-08-19T17:33:05.625Z] {
[2026-08-19T17:33:05.625Z] id: '5e6728b1-cde5-4c8b-a296-116604eadee0',
[2026-08-19T17:33:05.625Z] user_id: '57fc7b0a-5ba0-42fb-ad0c-f15ee32c6df3',
[2026-08-19T17:33:05.625Z] name: 'Estudando',
[2026-08-19T17:33:05.625Z] color: '#002aff',
[2026-08-19T17:33:05.625Z] duration_minutes: 30,
[2026-08-19T17:33:05.625Z] created_at: '2026-01-19T22:01:03.284823+00:00'
[2026-08-19T17:33:05.625Z] },
[2026-08-19T17:33:05.625Z] {
[2026-08-19T17:33:05.625Z] id: '4ec39e04-b451-4c7a-845d-571dc624e600',
[2026-08-19T17:33:05.625Z] user_id: '57fc7b0a-5ba0-42fb-ad0c-f15ee32c6df3',
[2026-08-19T17:33:05.625Z] name: 'Conteúdos',
[2026-08-19T17:33:05.625Z] color: '#00d13f',
[2026-08-19T17:33:05.625Z] duration_minutes: 27,
[2026-08-19T17:33:05.625Z] created_at: '2026-01-19T22:01:03.486292+00:00'
[2026-08-19T17:33:05.625Z] }
[2026-08-19T17:33:05.625Z] ]
[2026-08-19T17:33:05.625Z] }
[2026-08-19T17:33:05.625Z] [API /pomodoro/get-settings] Settings response: {
[2026-08-19T17:33:05.625Z] data: {
[2026-08-19T17:33:05.625Z] id: '6729871f-4efa-4304-a753-1f7dd1859400',
[2026-08-19T17:33:05.625Z] user_id: '57fc7b0a-5ba0-42fb-ad0c-f15ee32c6df3',
[2026-08-19T17:33:05.625Z] short_break_minutes: 5,
[2026-08-19T17:33:05.625Z] long_break_minutes: 15,
[2026-08-19T17:33:05.625Z] cycles_until_long_break: 4,
[2026-08-19T17:33:05.625Z] updated_at: '2026-01-31T22:04:42.725+00:00'
[2026-08-19T17:33:05.625Z] },
[2026-08-19T17:33:05.625Z] error: undefined
[2026-08-19T17:33:05.625Z] }
[2026-08-19T17:33:05.625Z] [API /pomodoro/get-settings] Sessions response: { count: 19, error: undefined }
[2026-08-19T17:33:05.625Z] [API /pomodoro/get-settings] Returning settings with 19 sessions
[2026-08-19T17:33:05.627Z] GET /api/pomodoro/get-settings 200 in 620ms
[2026-08-19T17:33:23.799Z] [PomodoroTimer] Initial categoryDurations from settings: { produtividade: 25, estudos: 50, descanso: 15 }
[2026-08-19T17:33:23.847Z] GET /?from_webdev=1 200 in 143ms
[2026-08-19T17:33:29.046Z] [PomodoroTimer] Initial categoryDurations from settings: { produtividade: 25, estudos: 50, descanso: 15 }
[2026-08-19T17:33:29.073Z] HEAD / 200 in 104ms
[2026-08-19T17:33:30.074Z] [PomodoroTimer] Initial categoryDurations from settings: { produtividade: 25, estudos: 50, descanso: 15 }
[2026-08-19T17:33:30.113Z] GET /?from_webdev=1 200 in 115ms
